id,stat_code,item_code,item_name,unit,cycle_type,created_at
1,102Y004,,"본원통화(평잔,계절조정계열)",,A,2025-08-25 01:12:42
2,102Y004,,"본원통화(평잔,계절조정계열)",,M,2025-08-25 01:12:42
3,102Y004,,현금통화,,A,2025-08-25 01:12:42
4,102Y004,,현금통화,,M,2025-08-25 01:12:42
5,102Y004,,중앙은행 대 예금취급기관부채,,A,2025-08-25 01:12:42
6,102Y004,,중앙은행 대 예금취급기관부채,,M,2025-08-25 01:12:42
7,102Y002,,"본원통화(평잔, 원계열)",,A,2025-08-25 01:12:43
8,102Y002,,"본원통화(평잔, 원계열)",,M,2025-08-25 01:12:43
9,102Y002,,"본원통화(평잔, 원계열)",,Q,2025-08-25 01:12:43
10,102Y002,,현금통화,,A,2025-08-25 01:12:43
11,102Y002,,현금통화,,M,2025-08-25 01:12:43
12,102Y002,,현금통화,,Q,2025-08-25 01:12:43
13,102Y002,,중앙은행 대 예금취급기관부채,,A,2025-08-25 01:12:43
14,102Y002,,중앙은행 대 예금취급기관부채,,M,2025-08-25 01:12:43
15,102Y002,,중앙은행 대 예금취급기관부채,,Q,2025-08-25 01:12:43
16,102Y003,,"본원통화(말잔,계절조정계열)",,A,2025-08-25 01:12:43
17,102Y003,,"본원통화(말잔,계절조정계열)",,M,2025-08-25 01:12:43
18,102Y003,,중앙은행 대 예금취급기관부채,,A,2025-08-25 01:12:43
19,102Y003,,중앙은행 대 예금취급기관부채,,M,2025-08-25 01:12:43
20,102Y003,,현금통화,,A,2025-08-25 01:12:43
21,102Y003,,현금통화,,M,2025-08-25 01:12:43
22,102Y001,,"본원통화(말잔, 원계열)",,A,2025-08-25 01:12:44
23,102Y001,,"본원통화(말잔, 원계열)",,M,2025-08-25 01:12:44
24,102Y001,,"본원통화(말잔, 원계열)",,Q,2025-08-25 01:12:44
25,102Y001,,현금통화,,A,2025-08-25 01:12:44
26,102Y001,,현금통화,,M,2025-08-25 01:12:44
27,102Y001,,현금통화,,Q,2025-08-25 01:12:44
28,102Y001,,중앙은행 대 예금취급기관부채,,A,2025-08-25 01:12:44
29,102Y001,,중앙은행 대 예금취급기관부채,,M,2025-08-25 01:12:44
30,102Y001,,중앙은행 대 예금취급기관부채,,Q,2025-08-25 01:12:44
31,101Y018,,"M1(평잔, 계절조정계열)",,A,2025-08-25 01:12:46
32,101Y018,,"M1(평잔, 계절조정계열)",,M,2025-08-25 01:12:46
33,101Y018,,현금통화,,A,2025-08-25 01:12:46
34,101Y018,,현금통화,,M,2025-08-25 01:12:46
35,101Y018,,요구불예금,,A,2025-08-25 01:12:46
36,101Y018,,요구불예금,,M,2025-08-25 01:12:46
37,101Y018,,수시입출식저축성예금,,A,2025-08-25 01:12:46
38,101Y018,,수시입출식저축성예금,,M,2025-08-25 01:12:46
39,101Y019,,"M1(평잔, 원계열)",,A,2025-08-25 01:12:46
40,101Y019,,"M1(평잔, 원계열)",,M,2025-08-25 01:12:46
41,101Y019,,"M1(평잔, 원계열)",,Q,2025-08-25 01:12:46
42,101Y019,,현금통화,,A,2025-08-25 01:12:46
43,101Y019,,현금통화,,M,2025-08-25 01:12:46
44,101Y019,,현금통화,,Q,2025-08-25 01:12:46
45,101Y019,,요구불예금,,A,2025-08-25 01:12:46
46,101Y019,,요구불예금,,M,2025-08-25 01:12:46
47,101Y019,,요구불예금,,Q,2025-08-25 01:12:46
48,101Y019,,수시입출식저축성예금,,A,2025-08-25 01:12:46
49,101Y019,,수시입출식저축성예금,,M,2025-08-25 01:12:46
50,101Y019,,수시입출식저축성예금,,Q,2025-08-25 01:12:46
51,101Y016,,"M1(말잔, 계절조정계열)",,A,2025-08-25 01:12:47
52,101Y016,,"M1(말잔, 계절조정계열)",,M,2025-08-25 01:12:47
53,101Y016,,현금통화,,A,2025-08-25 01:12:47
54,101Y016,,현금통화,,M,2025-08-25 01:12:47
55,101Y016,,요구불예금,,A,2025-08-25 01:12:47
56,101Y016,,요구불예금,,M,2025-08-25 01:12:47
57,101Y016,,수시입출식저축성예금,,A,2025-08-25 01:12:47
58,101Y016,,수시입출식저축성예금,,M,2025-08-25 01:12:47
59,101Y017,,"M1(말잔, 원계열)",,A,2025-08-25 01:12:48
60,101Y017,,"M1(말잔, 원계열)",,M,2025-08-25 01:12:48
61,101Y017,,"M1(말잔, 원계열)",,Q,2025-08-25 01:12:48
62,101Y017,,현금통화,,A,2025-08-25 01:12:48
63,101Y017,,현금통화,,M,2025-08-25 01:12:48
64,101Y017,,현금통화,,Q,2025-08-25 01:12:48
65,101Y017,,요구불예금,,A,2025-08-25 01:12:48
66,101Y017,,요구불예금,,M,2025-08-25 01:12:48
67,101Y017,,요구불예금,,Q,2025-08-25 01:12:48
68,101Y017,,수시입출식저축성예금,,A,2025-08-25 01:12:48
69,101Y017,,수시입출식저축성예금,,M,2025-08-25 01:12:48
70,101Y017,,수시입출식저축성예금,,Q,2025-08-25 01:12:48
71,101Y003,,"M2(평잔, 계절조정계열)",,A,2025-08-25 01:12:49
72,101Y003,,"M2(평잔, 계절조정계열)",,M,2025-08-25 01:12:49
73,101Y003,,현금통화,,A,2025-08-25 01:12:49
74,101Y003,,현금통화,,M,2025-08-25 01:12:49
75,101Y003,,요구불예금,,A,2025-08-25 01:12:49
76,101Y003,,요구불예금,,M,2025-08-25 01:12:49
77,101Y003,,수시입출식저축성예금,,A,2025-08-25 01:12:49
78,101Y003,,수시입출식저축성예금,,M,2025-08-25 01:12:49
79,101Y003,,MMF,,A,2025-08-25 01:12:49
80,101Y003,,MMF,,M,2025-08-25 01:12:49
81,101Y003,,만기2년미만정기예적금,,A,2025-08-25 01:12:49
82,101Y003,,만기2년미만정기예적금,,M,2025-08-25 01:12:49
83,101Y003,,수익증권,,A,2025-08-25 01:12:49
84,101Y003,,수익증권,,M,2025-08-25 01:12:49
85,101Y003,,시장형상품 1),,A,2025-08-25 01:12:49
86,101Y003,,시장형상품 1),,M,2025-08-25 01:12:49
87,101Y003,,만기2년미만금융채,,A,2025-08-25 01:12:49
88,101Y003,,만기2년미만금융채,,M,2025-08-25 01:12:49
89,101Y003,,만기2년미만금전신탁,,A,2025-08-25 01:12:49
90,101Y003,,만기2년미만금전신탁,,M,2025-08-25 01:12:49
91,101Y003,,기타 2),,A,2025-08-25 01:12:49
92,101Y003,,기타 2),,M,2025-08-25 01:12:49
93,101Y004,,"M2(평잔, 원계열)",,A,2025-08-25 01:12:50
94,101Y004,,"M2(평잔, 원계열)",,M,2025-08-25 01:12:50
95,101Y004,,"M2(평잔, 원계열)",,Q,2025-08-25 01:12:50
96,101Y004,,현금통화,,A,2025-08-25 01:12:50
97,101Y004,,현금통화,,M,2025-08-25 01:12:50
98,101Y004,,현금통화,,Q,2025-08-25 01:12:50
99,101Y004,,요구불예금,,A,2025-08-25 01:12:50
100,101Y004,,요구불예금,,M,2025-08-25 01:12:50
101,101Y004,,요구불예금,,Q,2025-08-25 01:12:50
102,101Y004,,수시입출식저축성예금,,A,2025-08-25 01:12:50
103,101Y004,,수시입출식저축성예금,,M,2025-08-25 01:12:50
104,101Y004,,수시입출식저축성예금,,Q,2025-08-25 01:12:50
105,101Y004,,MMF,,A,2025-08-25 01:12:50
106,101Y004,,MMF,,M,2025-08-25 01:12:50
107,101Y004,,MMF,,Q,2025-08-25 01:12:50
108,101Y004,,만기2년미만정기예적금,,A,2025-08-25 01:12:50
109,101Y004,,만기2년미만정기예적금,,M,2025-08-25 01:12:50
110,101Y004,,만기2년미만정기예적금,,Q,2025-08-25 01:12:50
111,101Y004,,양도성예금증서,,A,2025-08-25 01:12:50
112,101Y004,,양도성예금증서,,M,2025-08-25 01:12:50
113,101Y004,,양도성예금증서,,Q,2025-08-25 01:12:50
114,101Y004,,매출어음,,A,2025-08-25 01:12:50
115,101Y004,,매출어음,,M,2025-08-25 01:12:50
116,101Y004,,매출어음,,Q,2025-08-25 01:12:50
117,101Y004,,CMA,,A,2025-08-25 01:12:50
118,101Y004,,CMA,,M,2025-08-25 01:12:50
119,101Y004,,CMA,,Q,2025-08-25 01:12:50
120,101Y004,,수익증권,,A,2025-08-25 01:12:50
121,101Y004,,수익증권,,M,2025-08-25 01:12:50
122,101Y004,,수익증권,,Q,2025-08-25 01:12:50
123,101Y004,,만기2년미만금전신탁,,A,2025-08-25 01:12:50
124,101Y004,,만기2년미만금전신탁,,M,2025-08-25 01:12:50
125,101Y004,,만기2년미만금전신탁,,Q,2025-08-25 01:12:50
126,101Y004,,발행어음,,A,2025-08-25 01:12:50
127,101Y004,,발행어음,,M,2025-08-25 01:12:50
128,101Y004,,발행어음,,Q,2025-08-25 01:12:50
129,101Y004,,신탁형증권저축,,A,2025-08-25 01:12:50
130,101Y004,,신탁형증권저축,,M,2025-08-25 01:12:50
131,101Y004,,신탁형증권저축,,Q,2025-08-25 01:12:50
132,101Y004,,만기2년미만외화예수금,,A,2025-08-25 01:12:50
133,101Y004,,만기2년미만외화예수금,,M,2025-08-25 01:12:50
134,101Y004,,만기2년미만외화예수금,,Q,2025-08-25 01:12:50
135,101Y004,,만기2년미만금융채,,A,2025-08-25 01:12:50
136,101Y004,,만기2년미만금융채,,M,2025-08-25 01:12:50
137,101Y004,,만기2년미만금융채,,Q,2025-08-25 01:12:50
138,101Y004,,환매조건부채권매도,,A,2025-08-25 01:12:50
139,101Y004,,환매조건부채권매도,,M,2025-08-25 01:12:50
140,101Y004,,환매조건부채권매도,,Q,2025-08-25 01:12:50
141,101Y001,,"M2(말잔, 계절조정계열)",,A,2025-08-25 01:12:51
142,101Y001,,"M2(말잔, 계절조정계열)",,M,2025-08-25 01:12:51
143,101Y001,,현금통화,,A,2025-08-25 01:12:51
144,101Y001,,현금통화,,M,2025-08-25 01:12:51
145,101Y001,,요구불예금,,A,2025-08-25 01:12:51
146,101Y001,,요구불예금,,M,2025-08-25 01:12:51
147,101Y001,,수시입출식저축성예금,,A,2025-08-25 01:12:51
148,101Y001,,수시입출식저축성예금,,M,2025-08-25 01:12:51
149,101Y001,,MMF,,A,2025-08-25 01:12:51
150,101Y001,,MMF,,M,2025-08-25 01:12:51
151,101Y001,,만기2년미만정기예적금,,A,2025-08-25 01:12:51
152,101Y001,,만기2년미만정기예적금,,M,2025-08-25 01:12:51
153,101Y001,,수익증권,,A,2025-08-25 01:12:51
154,101Y001,,수익증권,,M,2025-08-25 01:12:51
155,101Y001,,시장형상품 1),,A,2025-08-25 01:12:51
156,101Y001,,시장형상품 1),,M,2025-08-25 01:12:51
157,101Y001,,만기2년미만금융채,,A,2025-08-25 01:12:51
158,101Y001,,만기2년미만금융채,,M,2025-08-25 01:12:51
159,101Y001,,만기2년미만금전신탁,,A,2025-08-25 01:12:51
160,101Y001,,만기2년미만금전신탁,,M,2025-08-25 01:12:51
161,101Y001,,기타 2),,A,2025-08-25 01:12:51
162,101Y001,,기타 2),,M,2025-08-25 01:12:51
163,101Y002,,"M2(말잔, 원계열)",,A,2025-08-25 01:12:51
164,101Y002,,"M2(말잔, 원계열)",,M,2025-08-25 01:12:51
165,101Y002,,"M2(말잔, 원계열)",,Q,2025-08-25 01:12:51
166,101Y002,,현금통화,,A,2025-08-25 01:12:51
167,101Y002,,현금통화,,M,2025-08-25 01:12:51
168,101Y002,,현금통화,,Q,2025-08-25 01:12:51
169,101Y002,,요구불예금,,A,2025-08-25 01:12:51
170,101Y002,,요구불예금,,M,2025-08-25 01:12:51
171,101Y002,,요구불예금,,Q,2025-08-25 01:12:51
172,101Y002,,수시입출식저축성예금,,A,2025-08-25 01:12:51
173,101Y002,,수시입출식저축성예금,,M,2025-08-25 01:12:51
174,101Y002,,수시입출식저축성예금,,Q,2025-08-25 01:12:51
175,101Y002,,MMF,,A,2025-08-25 01:12:51
176,101Y002,,MMF,,M,2025-08-25 01:12:51
177,101Y002,,MMF,,Q,2025-08-25 01:12:51
178,101Y002,,만기2년미만정기예적금,,A,2025-08-25 01:12:51
179,101Y002,,만기2년미만정기예적금,,M,2025-08-25 01:12:51
180,101Y002,,만기2년미만정기예적금,,Q,2025-08-25 01:12:51
181,101Y002,,양도성예금증서,,A,2025-08-25 01:12:51
182,101Y002,,양도성예금증서,,M,2025-08-25 01:12:51
183,101Y002,,양도성예금증서,,Q,2025-08-25 01:12:51
184,101Y002,,매출어음,,A,2025-08-25 01:12:51
185,101Y002,,매출어음,,M,2025-08-25 01:12:51
186,101Y002,,매출어음,,Q,2025-08-25 01:12:51
187,101Y002,,CMA,,A,2025-08-25 01:12:51
188,101Y002,,CMA,,M,2025-08-25 01:12:51
189,101Y002,,CMA,,Q,2025-08-25 01:12:51
190,101Y002,,수익증권,,A,2025-08-25 01:12:51
191,101Y002,,수익증권,,M,2025-08-25 01:12:51
192,101Y002,,수익증권,,Q,2025-08-25 01:12:51
193,101Y002,,만기2년미만금전신탁,,A,2025-08-25 01:12:51
194,101Y002,,만기2년미만금전신탁,,M,2025-08-25 01:12:51
195,101Y002,,만기2년미만금전신탁,,Q,2025-08-25 01:12:51
196,101Y002,,발행어음,,A,2025-08-25 01:12:51
197,101Y002,,발행어음,,M,2025-08-25 01:12:51
198,101Y002,,발행어음,,Q,2025-08-25 01:12:51
199,101Y002,,신탁형증권저축,,A,2025-08-25 01:12:51
200,101Y002,,신탁형증권저축,,M,2025-08-25 01:12:51
201,101Y002,,신탁형증권저축,,Q,2025-08-25 01:12:51
202,101Y002,,만기2년미만외화예수금,,A,2025-08-25 01:12:51
203,101Y002,,만기2년미만외화예수금,,M,2025-08-25 01:12:51
204,101Y002,,만기2년미만외화예수금,,Q,2025-08-25 01:12:51
205,101Y002,,만기2년미만금융채,,A,2025-08-25 01:12:51
206,101Y002,,만기2년미만금융채,,M,2025-08-25 01:12:51
207,101Y002,,만기2년미만금융채,,Q,2025-08-25 01:12:51
208,101Y002,,환매조건부채권매도,,A,2025-08-25 01:12:51
209,101Y002,,환매조건부채권매도,,M,2025-08-25 01:12:51
210,101Y002,,환매조건부채권매도,,Q,2025-08-25 01:12:51
211,101Y006,,"M2(평잔, 계절조정계열) 1)",,M,2025-08-25 01:12:53
212,101Y006,,가계 및 비영리단체 2),,M,2025-08-25 01:12:53
213,101Y006,,기업 3),,M,2025-08-25 01:12:53
214,101Y006,,기타금융기관 4),,M,2025-08-25 01:12:53
215,101Y006,,기타부문 5),,M,2025-08-25 01:12:53
216,101Y015,,"M2(평잔, 원계열)",,A,2025-08-25 01:12:53
217,101Y015,,"M2(평잔, 원계열)",,M,2025-08-25 01:12:53
218,101Y015,,"M2(평잔, 원계열)",,Q,2025-08-25 01:12:53
219,101Y015,,가계 및 비영리단체 1),,A,2025-08-25 01:12:53
220,101Y015,,가계 및 비영리단체 1),,M,2025-08-25 01:12:53
221,101Y015,,가계 및 비영리단체 1),,Q,2025-08-25 01:12:53
222,101Y015,,기업 2),,A,2025-08-25 01:12:53
223,101Y015,,기업 2),,M,2025-08-25 01:12:53
224,101Y015,,기업 2),,Q,2025-08-25 01:12:53
225,101Y015,,기타금융기관 3),,A,2025-08-25 01:12:53
226,101Y015,,기타금융기관 3),,M,2025-08-25 01:12:53
227,101Y015,,기타금융기관 3),,Q,2025-08-25 01:12:53
228,101Y015,,기타부문 4),,A,2025-08-25 01:12:53
229,101Y015,,기타부문 4),,M,2025-08-25 01:12:53
230,101Y015,,기타부문 4),,Q,2025-08-25 01:12:53
231,101Y005,,"M2(말잔, 계절조정계열) 1)",,M,2025-08-25 01:12:54
232,101Y005,,가계 및 비영리단체 2),,M,2025-08-25 01:12:54
233,101Y005,,기업 3),,M,2025-08-25 01:12:54
234,101Y005,,기타금융기관 4),,M,2025-08-25 01:12:54
235,101Y005,,기타부문 5),,M,2025-08-25 01:12:54
236,101Y014,,"M2(말잔, 원계열)",,A,2025-08-25 01:12:54
237,101Y014,,"M2(말잔, 원계열)",,M,2025-08-25 01:12:54
238,101Y014,,"M2(말잔, 원계열)",,Q,2025-08-25 01:12:54
239,101Y014,,가계 및 비영리단체 1),,A,2025-08-25 01:12:54
240,101Y014,,가계 및 비영리단체 1),,M,2025-08-25 01:12:54
241,101Y014,,가계 및 비영리단체 1),,Q,2025-08-25 01:12:54
242,101Y014,,기업 2),,A,2025-08-25 01:12:54
243,101Y014,,기업 2),,M,2025-08-25 01:12:54
244,101Y014,,기업 2),,Q,2025-08-25 01:12:54
245,101Y014,,기타금융기관 3),,A,2025-08-25 01:12:54
246,101Y014,,기타금융기관 3),,M,2025-08-25 01:12:54
247,101Y014,,기타금융기관 3),,Q,2025-08-25 01:12:54
248,101Y014,,기타부문 4),,A,2025-08-25 01:12:54
249,101Y014,,기타부문 4),,M,2025-08-25 01:12:54
250,101Y014,,기타부문 4),,Q,2025-08-25 01:12:54
251,101Y008,,M2(평잔),,A,2025-08-25 01:12:56
252,101Y008,,M2(평잔),,M,2025-08-25 01:12:56
253,101Y008,,M2(평잔),,Q,2025-08-25 01:12:56
254,101Y008,,중앙은행,,A,2025-08-25 01:12:56
255,101Y008,,중앙은행,,M,2025-08-25 01:12:56
256,101Y008,,중앙은행,,Q,2025-08-25 01:12:56
257,101Y008,,기타예금취급기관,,A,2025-08-25 01:12:56
258,101Y008,,기타예금취급기관,,M,2025-08-25 01:12:56
259,101Y008,,기타예금취급기관,,Q,2025-08-25 01:12:56
260,101Y008,,예금은행,,A,2025-08-25 01:12:56
261,101Y008,,예금은행,,M,2025-08-25 01:12:56
262,101Y008,,예금은행,,Q,2025-08-25 01:12:56
263,101Y008,,종합금융,,A,2025-08-25 01:12:56
264,101Y008,,종합금융,,M,2025-08-25 01:12:56
265,101Y008,,종합금융,,Q,2025-08-25 01:12:56
266,101Y008,,자산운용회사,,A,2025-08-25 01:12:56
267,101Y008,,자산운용회사,,M,2025-08-25 01:12:56
268,101Y008,,자산운용회사,,Q,2025-08-25 01:12:56
269,101Y008,,신탁회사,,A,2025-08-25 01:12:56
270,101Y008,,신탁회사,,M,2025-08-25 01:12:56
271,101Y008,,신탁회사,,Q,2025-08-25 01:12:56
272,101Y008,,상호저축은행,,A,2025-08-25 01:12:56
273,101Y008,,상호저축은행,,M,2025-08-25 01:12:56
274,101Y008,,상호저축은행,,Q,2025-08-25 01:12:56
275,101Y008,,신용협동조합,,A,2025-08-25 01:12:56
276,101Y008,,신용협동조합,,M,2025-08-25 01:12:56
277,101Y008,,신용협동조합,,Q,2025-08-25 01:12:56
278,101Y008,,상호금융,,A,2025-08-25 01:12:56
279,101Y008,,상호금융,,M,2025-08-25 01:12:56
280,101Y008,,상호금융,,Q,2025-08-25 01:12:56
281,101Y008,,새마을금고,,A,2025-08-25 01:12:56
282,101Y008,,새마을금고,,M,2025-08-25 01:12:56
283,101Y008,,새마을금고,,Q,2025-08-25 01:12:56
284,101Y008,,우체국예금,,A,2025-08-25 01:12:56
285,101Y008,,우체국예금,,M,2025-08-25 01:12:56
286,101Y008,,우체국예금,,Q,2025-08-25 01:12:56
287,101Y008,,수출입은행,,A,2025-08-25 01:12:56
288,101Y008,,수출입은행,,M,2025-08-25 01:12:56
289,101Y008,,수출입은행,,Q,2025-08-25 01:12:56
290,101Y007,,M2(말잔),,A,2025-08-25 01:12:56
291,101Y007,,M2(말잔),,M,2025-08-25 01:12:56
292,101Y007,,M2(말잔),,Q,2025-08-25 01:12:56
293,101Y007,,중앙은행,,A,2025-08-25 01:12:56
294,101Y007,,중앙은행,,M,2025-08-25 01:12:56
295,101Y007,,중앙은행,,Q,2025-08-25 01:12:56
296,101Y007,,기타예금취급기관,,A,2025-08-25 01:12:56
297,101Y007,,기타예금취급기관,,M,2025-08-25 01:12:56
298,101Y007,,기타예금취급기관,,Q,2025-08-25 01:12:56
299,101Y007,,예금은행,,A,2025-08-25 01:12:56
300,101Y007,,예금은행,,M,2025-08-25 01:12:56
301,101Y007,,예금은행,,Q,2025-08-25 01:12:56
302,101Y007,,종합금융,,A,2025-08-25 01:12:56
303,101Y007,,종합금융,,M,2025-08-25 01:12:56
304,101Y007,,종합금융,,Q,2025-08-25 01:12:56
305,101Y007,,자산운용회사,,A,2025-08-25 01:12:56
306,101Y007,,자산운용회사,,M,2025-08-25 01:12:56
307,101Y007,,자산운용회사,,Q,2025-08-25 01:12:56
308,101Y007,,신탁회사,,A,2025-08-25 01:12:56
309,101Y007,,신탁회사,,M,2025-08-25 01:12:56
310,101Y007,,신탁회사,,Q,2025-08-25 01:12:56
311,101Y007,,상호저축은행,,A,2025-08-25 01:12:56
312,101Y007,,상호저축은행,,M,2025-08-25 01:12:56
313,101Y007,,상호저축은행,,Q,2025-08-25 01:12:56
314,101Y007,,신용협동조합,,A,2025-08-25 01:12:56
315,101Y007,,신용협동조합,,M,2025-08-25 01:12:56
316,101Y007,,신용협동조합,,Q,2025-08-25 01:12:56
317,101Y007,,상호금융,,A,2025-08-25 01:12:56
318,101Y007,,상호금융,,M,2025-08-25 01:12:56
319,101Y007,,상호금융,,Q,2025-08-25 01:12:56
320,101Y007,,새마을금고,,A,2025-08-25 01:12:56
321,101Y007,,새마을금고,,M,2025-08-25 01:12:56
322,101Y007,,새마을금고,,Q,2025-08-25 01:12:56
323,101Y007,,우체국예금,,A,2025-08-25 01:12:56
324,101Y007,,우체국예금,,M,2025-08-25 01:12:56
325,101Y007,,우체국예금,,Q,2025-08-25 01:12:56
326,101Y007,,수출입은행,,A,2025-08-25 01:12:56
327,101Y007,,수출입은행,,M,2025-08-25 01:12:56
328,101Y007,,수출입은행,,Q,2025-08-25 01:12:56
329,111Y003,,"Lf(금융기관유동성) : 상품별(평잔, 계절조정계열)",,A,2025-08-25 01:12:58
330,111Y003,,"Lf(금융기관유동성) : 상품별(평잔, 계절조정계열)",,M,2025-08-25 01:12:58
331,111Y003,,M2,,A,2025-08-25 01:12:58
332,111Y003,,M2,,M,2025-08-25 01:12:58
333,111Y003,,2년이상 장기금융상품 등 1),,A,2025-08-25 01:12:58
334,111Y003,,2년이상 장기금융상품 등 1),,M,2025-08-25 01:12:58
335,111Y003,,생명보험계약 준비금 등 2),,A,2025-08-25 01:12:58
336,111Y003,,생명보험계약 준비금 등 2),,M,2025-08-25 01:12:58
337,111Y004,,"Lf(금융기관유동성) : 상품별(평잔,원계열)",,A,2025-08-25 01:12:59
338,111Y004,,"Lf(금융기관유동성) : 상품별(평잔,원계열)",,M,2025-08-25 01:12:59
339,111Y004,,"Lf(금융기관유동성) : 상품별(평잔,원계열)",,Q,2025-08-25 01:12:59
340,111Y004,,예금취급기관,,A,2025-08-25 01:12:59
341,111Y004,,예금취급기관,,M,2025-08-25 01:12:59
342,111Y004,,예금취급기관,,Q,2025-08-25 01:12:59
343,111Y004,,현금통화,,A,2025-08-25 01:12:59
344,111Y004,,현금통화,,M,2025-08-25 01:12:59
345,111Y004,,현금통화,,Q,2025-08-25 01:12:59
346,111Y004,,요구불예금,,A,2025-08-25 01:12:59
347,111Y004,,요구불예금,,M,2025-08-25 01:12:59
348,111Y004,,요구불예금,,Q,2025-08-25 01:12:59
349,111Y004,,수시입출식저축성,,A,2025-08-25 01:12:59
350,111Y004,,수시입출식저축성,,M,2025-08-25 01:12:59
351,111Y004,,수시입출식저축성,,Q,2025-08-25 01:12:59
352,111Y004,,정기예적금,,A,2025-08-25 01:12:59
353,111Y004,,정기예적금,,M,2025-08-25 01:12:59
354,111Y004,,정기예적금,,Q,2025-08-25 01:12:59
355,111Y004,,양도성예금증서,,A,2025-08-25 01:12:59
356,111Y004,,양도성예금증서,,M,2025-08-25 01:12:59
357,111Y004,,양도성예금증서,,Q,2025-08-25 01:12:59
358,111Y004,,수익증권,,A,2025-08-25 01:12:59
359,111Y004,,수익증권,,M,2025-08-25 01:12:59
360,111Y004,,수익증권,,Q,2025-08-25 01:12:59
361,111Y004,,환매조건부채권,,A,2025-08-25 01:12:59
362,111Y004,,환매조건부채권,,M,2025-08-25 01:12:59
363,111Y004,,환매조건부채권,,Q,2025-08-25 01:12:59
364,111Y004,,금융채 1),,A,2025-08-25 01:12:59
365,111Y004,,금융채 1),,M,2025-08-25 01:12:59
366,111Y004,,금융채 1),,Q,2025-08-25 01:12:59
367,111Y004,,금전신탁 등 2),,A,2025-08-25 01:12:59
368,111Y004,,금전신탁 등 2),,M,2025-08-25 01:12:59
369,111Y004,,금전신탁 등 2),,Q,2025-08-25 01:12:59
370,111Y004,,보험계약준비금,,A,2025-08-25 01:12:59
371,111Y004,,보험계약준비금,,M,2025-08-25 01:12:59
372,111Y004,,보험계약준비금,,Q,2025-08-25 01:12:59
373,111Y004,,기타 3),,A,2025-08-25 01:12:59
374,111Y004,,기타 3),,M,2025-08-25 01:12:59
375,111Y004,,기타 3),,Q,2025-08-25 01:12:59
376,111Y001,,"Lf(금융기관유동성) : 상품별(말잔, 계절조정계열)",,A,2025-08-25 01:12:59
377,111Y001,,"Lf(금융기관유동성) : 상품별(말잔, 계절조정계열)",,M,2025-08-25 01:12:59
378,111Y001,,M2,,A,2025-08-25 01:12:59
379,111Y001,,M2,,M,2025-08-25 01:12:59
380,111Y001,,2년이상 장기금융상품 등 1),,A,2025-08-25 01:12:59
381,111Y001,,2년이상 장기금융상품 등 1),,M,2025-08-25 01:12:59
382,111Y001,,생명보험계약 준비금 등 2),,A,2025-08-25 01:12:59
383,111Y001,,생명보험계약 준비금 등 2),,M,2025-08-25 01:12:59
384,111Y002,,"Lf(금융기관유동성) : 상품별(말잔,원계열)",,A,2025-08-25 01:13:00
385,111Y002,,"Lf(금융기관유동성) : 상품별(말잔,원계열)",,M,2025-08-25 01:13:00
386,111Y002,,"Lf(금융기관유동성) : 상품별(말잔,원계열)",,Q,2025-08-25 01:13:00
387,111Y002,,예금취급기관,,A,2025-08-25 01:13:00
388,111Y002,,예금취급기관,,M,2025-08-25 01:13:00
389,111Y002,,예금취급기관,,Q,2025-08-25 01:13:00
390,111Y002,,현금통화,,A,2025-08-25 01:13:00
391,111Y002,,현금통화,,M,2025-08-25 01:13:00
392,111Y002,,현금통화,,Q,2025-08-25 01:13:00
393,111Y002,,요구불예금,,A,2025-08-25 01:13:00
394,111Y002,,요구불예금,,M,2025-08-25 01:13:00
395,111Y002,,요구불예금,,Q,2025-08-25 01:13:00
396,111Y002,,수시입출식저축성,,A,2025-08-25 01:13:00
397,111Y002,,수시입출식저축성,,M,2025-08-25 01:13:00
398,111Y002,,수시입출식저축성,,Q,2025-08-25 01:13:00
399,111Y002,,정기예적금,,A,2025-08-25 01:13:00
400,111Y002,,정기예적금,,M,2025-08-25 01:13:00
401,111Y002,,정기예적금,,Q,2025-08-25 01:13:00
402,111Y002,,양도성예금증서,,A,2025-08-25 01:13:00
403,111Y002,,양도성예금증서,,M,2025-08-25 01:13:00
404,111Y002,,양도성예금증서,,Q,2025-08-25 01:13:00
405,111Y002,,수익증권,,A,2025-08-25 01:13:00
406,111Y002,,수익증권,,M,2025-08-25 01:13:00
407,111Y002,,수익증권,,Q,2025-08-25 01:13:00
408,111Y002,,환매조건부채권,,A,2025-08-25 01:13:00
409,111Y002,,환매조건부채권,,M,2025-08-25 01:13:00
410,111Y002,,환매조건부채권,,Q,2025-08-25 01:13:00
411,111Y002,,금융채 1),,A,2025-08-25 01:13:00
412,111Y002,,금융채 1),,M,2025-08-25 01:13:00
413,111Y002,,금융채 1),,Q,2025-08-25 01:13:00
414,111Y002,,금전신탁 등 2),,A,2025-08-25 01:13:00
415,111Y002,,금전신탁 등 2),,M,2025-08-25 01:13:00
416,111Y002,,금전신탁 등 2),,Q,2025-08-25 01:13:00
417,111Y002,,보험계약준비금,,A,2025-08-25 01:13:00
418,111Y002,,보험계약준비금,,M,2025-08-25 01:13:00
419,111Y002,,보험계약준비금,,Q,2025-08-25 01:13:00
420,111Y002,,기타 3),,A,2025-08-25 01:13:00
421,111Y002,,기타 3),,M,2025-08-25 01:13:00
422,111Y002,,기타 3),,Q,2025-08-25 01:13:00
423,111Y006,,Lf(금융기관 유동성) : 기관별(평잔),,A,2025-08-25 01:13:01
424,111Y006,,Lf(금융기관 유동성) : 기관별(평잔),,M,2025-08-25 01:13:01
425,111Y006,,Lf(금융기관 유동성) : 기관별(평잔),,Q,2025-08-25 01:13:01
426,111Y006,,중앙은행,,A,2025-08-25 01:13:01
427,111Y006,,중앙은행,,M,2025-08-25 01:13:01
428,111Y006,,중앙은행,,Q,2025-08-25 01:13:01
429,111Y006,,예금은행,,A,2025-08-25 01:13:01
430,111Y006,,예금은행,,M,2025-08-25 01:13:01
431,111Y006,,예금은행,,Q,2025-08-25 01:13:01
432,111Y006,,종합금융회사 1),,A,2025-08-25 01:13:01
433,111Y006,,종합금융회사 1),,M,2025-08-25 01:13:01
434,111Y006,,종합금융회사 1),,Q,2025-08-25 01:13:01
435,111Y006,,자산운용회사,,A,2025-08-25 01:13:01
436,111Y006,,자산운용회사,,M,2025-08-25 01:13:01
437,111Y006,,자산운용회사,,Q,2025-08-25 01:13:01
438,111Y006,,신탁회사,,A,2025-08-25 01:13:01
439,111Y006,,신탁회사,,M,2025-08-25 01:13:01
440,111Y006,,신탁회사,,Q,2025-08-25 01:13:01
441,111Y006,,상호저축은행,,A,2025-08-25 01:13:01
442,111Y006,,상호저축은행,,M,2025-08-25 01:13:01
443,111Y006,,상호저축은행,,Q,2025-08-25 01:13:01
444,111Y006,,신용협동조합,,A,2025-08-25 01:13:01
445,111Y006,,신용협동조합,,M,2025-08-25 01:13:01
446,111Y006,,신용협동조합,,Q,2025-08-25 01:13:01
447,111Y006,,상호금융,,A,2025-08-25 01:13:01
448,111Y006,,상호금융,,M,2025-08-25 01:13:01
449,111Y006,,상호금융,,Q,2025-08-25 01:13:01
450,111Y006,,새마을금고,,A,2025-08-25 01:13:01
451,111Y006,,새마을금고,,M,2025-08-25 01:13:01
452,111Y006,,새마을금고,,Q,2025-08-25 01:13:01
453,111Y006,,우체국 예금,,A,2025-08-25 01:13:01
454,111Y006,,우체국 예금,,M,2025-08-25 01:13:01
455,111Y006,,우체국 예금,,Q,2025-08-25 01:13:01
456,111Y006,,생명보험회사 2),,A,2025-08-25 01:13:01
457,111Y006,,생명보험회사 2),,M,2025-08-25 01:13:01
458,111Y006,,생명보험회사 2),,Q,2025-08-25 01:13:01
459,111Y006,,기타 3),,A,2025-08-25 01:13:01
460,111Y006,,기타 3),,M,2025-08-25 01:13:01
461,111Y006,,기타 3),,Q,2025-08-25 01:13:01
462,111Y005,,Lf(금융기관유동성) : 기관별(말잔),,A,2025-08-25 01:13:02
463,111Y005,,Lf(금융기관유동성) : 기관별(말잔),,M,2025-08-25 01:13:02
464,111Y005,,Lf(금융기관유동성) : 기관별(말잔),,Q,2025-08-25 01:13:02
465,111Y005,,중앙은행,,A,2025-08-25 01:13:02
466,111Y005,,중앙은행,,M,2025-08-25 01:13:02
467,111Y005,,중앙은행,,Q,2025-08-25 01:13:02
468,111Y005,,예금은행,,A,2025-08-25 01:13:02
469,111Y005,,예금은행,,M,2025-08-25 01:13:02
470,111Y005,,예금은행,,Q,2025-08-25 01:13:02
471,111Y005,,종합금융회사 1),,A,2025-08-25 01:13:02
472,111Y005,,종합금융회사 1),,M,2025-08-25 01:13:02
473,111Y005,,종합금융회사 1),,Q,2025-08-25 01:13:02
474,111Y005,,자산운용회사,,A,2025-08-25 01:13:02
475,111Y005,,자산운용회사,,M,2025-08-25 01:13:02
476,111Y005,,자산운용회사,,Q,2025-08-25 01:13:02
477,111Y005,,신탁회사,,A,2025-08-25 01:13:02
478,111Y005,,신탁회사,,M,2025-08-25 01:13:02
479,111Y005,,신탁회사,,Q,2025-08-25 01:13:02
480,111Y005,,상호저축은행,,A,2025-08-25 01:13:02
481,111Y005,,상호저축은행,,M,2025-08-25 01:13:02
482,111Y005,,상호저축은행,,Q,2025-08-25 01:13:02
483,111Y005,,신용협동조합,,A,2025-08-25 01:13:02
484,111Y005,,신용협동조합,,M,2025-08-25 01:13:02
485,111Y005,,신용협동조합,,Q,2025-08-25 01:13:02
486,111Y005,,상호금융,,A,2025-08-25 01:13:02
487,111Y005,,상호금융,,M,2025-08-25 01:13:02
488,111Y005,,상호금융,,Q,2025-08-25 01:13:02
489,111Y005,,새마을금고,,A,2025-08-25 01:13:02
490,111Y005,,새마을금고,,M,2025-08-25 01:13:02
491,111Y005,,새마을금고,,Q,2025-08-25 01:13:02
492,111Y005,,우체국예금,,A,2025-08-25 01:13:02
493,111Y005,,우체국예금,,M,2025-08-25 01:13:02
494,111Y005,,우체국예금,,Q,2025-08-25 01:13:02
495,111Y005,,생명보험회사 2),,A,2025-08-25 01:13:02
496,111Y005,,생명보험회사 2),,M,2025-08-25 01:13:02
497,111Y005,,생명보험회사 2),,Q,2025-08-25 01:13:02
498,111Y005,,기타 3),,A,2025-08-25 01:13:02
499,111Y005,,기타 3),,M,2025-08-25 01:13:02
500,111Y005,,기타 3),,Q,2025-08-25 01:13:02
501,112Y001,,L(광의 유동성),,A,2025-08-25 01:13:03
502,112Y001,,L(광의 유동성),,M,2025-08-25 01:13:03
503,112Y001,,Lf(금융기관 유동성),,A,2025-08-25 01:13:03
504,112Y001,,Lf(금융기관 유동성),,M,2025-08-25 01:13:03
505,112Y001,,기타금융기관상품 1),,A,2025-08-25 01:13:03
506,112Y001,,기타금융기관상품 1),,M,2025-08-25 01:13:03
507,112Y001,,"국채, 지방채",,A,2025-08-25 01:13:03
508,112Y001,,"국채, 지방채",,M,2025-08-25 01:13:03
509,112Y001,,"회사채, 기업어음 2)",,A,2025-08-25 01:13:03
510,112Y001,,"회사채, 기업어음 2)",,M,2025-08-25 01:13:03
511,112Y002,,L (광의 유동성),,A,2025-08-25 01:13:04
512,112Y002,,L (광의 유동성),,M,2025-08-25 01:13:04
513,112Y002,,L (광의 유동성),,Q,2025-08-25 01:13:04
514,112Y002,,Lf(금융기관 유동성),,A,2025-08-25 01:13:04
515,112Y002,,Lf(금융기관 유동성),,M,2025-08-25 01:13:04
516,112Y002,,Lf(금융기관 유동성),,Q,2025-08-25 01:13:04
517,112Y002,,손해보험사 보험계약준비금,,A,2025-08-25 01:13:04
518,112Y002,,손해보험사 보험계약준비금,,M,2025-08-25 01:13:04
519,112Y002,,손해보험사 보험계약준비금,,Q,2025-08-25 01:13:04
520,112Y002,,예금보험공사채 및 자산관리공사채,,A,2025-08-25 01:13:04
521,112Y002,,예금보험공사채 및 자산관리공사채,,M,2025-08-25 01:13:04
522,112Y002,,예금보험공사채 및 자산관리공사채,,Q,2025-08-25 01:13:04
523,112Y002,,여신전문기관 발행채권 1),,A,2025-08-25 01:13:04
524,112Y002,,여신전문기관 발행채권 1),,M,2025-08-25 01:13:04
525,112Y002,,여신전문기관 발행채권 1),,Q,2025-08-25 01:13:04
526,112Y002,,자산유동화채권 2),,A,2025-08-25 01:13:04
527,112Y002,,자산유동화채권 2),,M,2025-08-25 01:13:04
528,112Y002,,자산유동화채권 2),,Q,2025-08-25 01:13:04
529,112Y002,,국채 및 지방채,,A,2025-08-25 01:13:04
530,112Y002,,국채 및 지방채,,M,2025-08-25 01:13:04
531,112Y002,,국채 및 지방채,,Q,2025-08-25 01:13:04
532,112Y002,,기업어음 3),,A,2025-08-25 01:13:04
533,112Y002,,기업어음 3),,M,2025-08-25 01:13:04
534,112Y002,,기업어음 3),,Q,2025-08-25 01:13:04
535,112Y002,,회사채,,A,2025-08-25 01:13:04
536,112Y002,,회사채,,M,2025-08-25 01:13:04
537,112Y002,,회사채,,Q,2025-08-25 01:13:04
538,112Y002,,기타 4),,A,2025-08-25 01:13:04
539,112Y002,,기타 4),,M,2025-08-25 01:13:04
540,112Y002,,기타 4),,Q,2025-08-25 01:13:04
541,101Y009,,국내신용부문,,A,2025-08-25 01:13:05
542,101Y009,,국내신용부문,,M,2025-08-25 01:13:05
543,101Y009,,국내신용부문,,Q,2025-08-25 01:13:05
544,101Y009,,중앙정부부문 ( 순 ),,A,2025-08-25 01:13:05
545,101Y009,,중앙정부부문 ( 순 ),,M,2025-08-25 01:13:05
546,101Y009,,중앙정부부문 ( 순 ),,Q,2025-08-25 01:13:05
547,101Y009,,중앙정부신용증가 (+),,A,2025-08-25 01:13:05
548,101Y009,,중앙정부신용증가 (+),,M,2025-08-25 01:13:05
549,101Y009,,중앙정부신용증가 (+),,Q,2025-08-25 01:13:05
550,101Y009,,유가증권,,A,2025-08-25 01:13:05
551,101Y009,,유가증권,,M,2025-08-25 01:13:05
552,101Y009,,유가증권,,Q,2025-08-25 01:13:05
553,101Y009,,예치금,,A,2025-08-25 01:13:05
554,101Y009,,예치금,,M,2025-08-25 01:13:05
555,101Y009,,예치금,,Q,2025-08-25 01:13:05
556,101Y009,,대출금,,A,2025-08-25 01:13:05
557,101Y009,,대출금,,M,2025-08-25 01:13:05
558,101Y009,,대출금,,Q,2025-08-25 01:13:05
559,101Y009,,기타,,A,2025-08-25 01:13:05
560,101Y009,,기타,,M,2025-08-25 01:13:05
561,101Y009,,기타,,Q,2025-08-25 01:13:05
562,101Y009,,중앙정부신용감소 (-),,A,2025-08-25 01:13:05
563,101Y009,,중앙정부신용감소 (-),,M,2025-08-25 01:13:05
564,101Y009,,중앙정부신용감소 (-),,Q,2025-08-25 01:13:05
565,101Y009,,예수금,,A,2025-08-25 01:13:05
566,101Y009,,예수금,,M,2025-08-25 01:13:05
567,101Y009,,예수금,,Q,2025-08-25 01:13:05
568,101Y009,,차입금,,A,2025-08-25 01:13:05
569,101Y009,,차입금,,M,2025-08-25 01:13:05
570,101Y009,,차입금,,Q,2025-08-25 01:13:05
571,101Y009,,기타,,A,2025-08-25 01:13:05
572,101Y009,,기타,,M,2025-08-25 01:13:05
573,101Y009,,기타,,Q,2025-08-25 01:13:05
574,101Y009,,지방정부부문,,A,2025-08-25 01:13:05
575,101Y009,,지방정부부문,,M,2025-08-25 01:13:05
576,101Y009,,지방정부부문,,Q,2025-08-25 01:13:05
577,101Y009,,유가증권,,A,2025-08-25 01:13:05
578,101Y009,,유가증권,,M,2025-08-25 01:13:05
579,101Y009,,유가증권,,Q,2025-08-25 01:13:05
580,101Y009,,대출금,,A,2025-08-25 01:13:05
581,101Y009,,대출금,,M,2025-08-25 01:13:05
582,101Y009,,대출금,,Q,2025-08-25 01:13:05
583,101Y009,,기타,,A,2025-08-25 01:13:05
584,101Y009,,기타,,M,2025-08-25 01:13:05
585,101Y009,,기타,,Q,2025-08-25 01:13:05
586,101Y009,,사회보장기구부문,,A,2025-08-25 01:13:05
587,101Y009,,사회보장기구부문,,M,2025-08-25 01:13:05
588,101Y009,,사회보장기구부문,,Q,2025-08-25 01:13:05
589,101Y009,,대출금,,A,2025-08-25 01:13:05
590,101Y009,,대출금,,M,2025-08-25 01:13:05
591,101Y009,,대출금,,Q,2025-08-25 01:13:05
592,101Y009,,기타,,A,2025-08-25 01:13:05
593,101Y009,,기타,,M,2025-08-25 01:13:05
594,101Y009,,기타,,Q,2025-08-25 01:13:05
595,101Y009,,기업부문,,A,2025-08-25 01:13:05
596,101Y009,,기업부문,,M,2025-08-25 01:13:05
597,101Y009,,기업부문,,Q,2025-08-25 01:13:05
598,101Y009,,대출금,,A,2025-08-25 01:13:05
599,101Y009,,대출금,,M,2025-08-25 01:13:05
600,101Y009,,대출금,,Q,2025-08-25 01:13:05
601,101Y009,,유가증권,,A,2025-08-25 01:13:05
602,101Y009,,유가증권,,M,2025-08-25 01:13:05
603,101Y009,,유가증권,,Q,2025-08-25 01:13:05
604,101Y009,,주식 및 기타지분,,A,2025-08-25 01:13:05
605,101Y009,,주식 및 기타지분,,M,2025-08-25 01:13:05
606,101Y009,,주식 및 기타지분,,Q,2025-08-25 01:13:05
607,101Y009,,파생상품자산,,A,2025-08-25 01:13:05
608,101Y009,,파생상품자산,,M,2025-08-25 01:13:05
609,101Y009,,파생상품자산,,Q,2025-08-25 01:13:05
610,101Y009,,기타,,A,2025-08-25 01:13:05
611,101Y009,,기타,,M,2025-08-25 01:13:05
612,101Y009,,기타,,Q,2025-08-25 01:13:05
613,101Y009,,가계부문,,A,2025-08-25 01:13:05
614,101Y009,,가계부문,,M,2025-08-25 01:13:05
615,101Y009,,가계부문,,Q,2025-08-25 01:13:05
616,101Y009,,대출금,,A,2025-08-25 01:13:05
617,101Y009,,대출금,,M,2025-08-25 01:13:05
618,101Y009,,대출금,,Q,2025-08-25 01:13:05
619,101Y009,,기타,,A,2025-08-25 01:13:05
620,101Y009,,기타,,M,2025-08-25 01:13:05
621,101Y009,,기타,,Q,2025-08-25 01:13:05
622,101Y009,,기타금융기관부문,,A,2025-08-25 01:13:05
623,101Y009,,기타금융기관부문,,M,2025-08-25 01:13:05
624,101Y009,,기타금융기관부문,,Q,2025-08-25 01:13:05
625,101Y009,,대출금,,A,2025-08-25 01:13:05
626,101Y009,,대출금,,M,2025-08-25 01:13:05
627,101Y009,,대출금,,Q,2025-08-25 01:13:05
628,101Y009,,유가증권,,A,2025-08-25 01:13:05
629,101Y009,,유가증권,,M,2025-08-25 01:13:05
630,101Y009,,유가증권,,Q,2025-08-25 01:13:05
631,101Y009,,예치금,,A,2025-08-25 01:13:05
632,101Y009,,예치금,,M,2025-08-25 01:13:05
633,101Y009,,예치금,,Q,2025-08-25 01:13:05
634,101Y009,,주식 및 기타지분,,A,2025-08-25 01:13:05
635,101Y009,,주식 및 기타지분,,M,2025-08-25 01:13:05
636,101Y009,,주식 및 기타지분,,Q,2025-08-25 01:13:05
637,101Y009,,보험준비금,,A,2025-08-25 01:13:05
638,101Y009,,보험준비금,,M,2025-08-25 01:13:05
639,101Y009,,보험준비금,,Q,2025-08-25 01:13:05
640,101Y009,,파생상품자산,,A,2025-08-25 01:13:05
641,101Y009,,파생상품자산,,M,2025-08-25 01:13:05
642,101Y009,,파생상품자산,,Q,2025-08-25 01:13:05
643,101Y009,,기타,,A,2025-08-25 01:13:05
644,101Y009,,기타,,M,2025-08-25 01:13:05
645,101Y009,,기타,,Q,2025-08-25 01:13:05
646,101Y009,,국외신용부문 ( 순 ),,A,2025-08-25 01:13:05
647,101Y009,,국외신용부문 ( 순 ),,M,2025-08-25 01:13:05
648,101Y009,,국외신용부문 ( 순 ),,Q,2025-08-25 01:13:05
649,101Y009,,국외부문신용증가 (+),,A,2025-08-25 01:13:05
650,101Y009,,국외부문신용증가 (+),,M,2025-08-25 01:13:05
651,101Y009,,국외부문신용증가 (+),,Q,2025-08-25 01:13:05
652,101Y009,,대출금,,A,2025-08-25 01:13:05
653,101Y009,,대출금,,M,2025-08-25 01:13:05
654,101Y009,,대출금,,Q,2025-08-25 01:13:05
655,101Y009,,유가증권,,A,2025-08-25 01:13:05
656,101Y009,,유가증권,,M,2025-08-25 01:13:05
657,101Y009,,유가증권,,Q,2025-08-25 01:13:05
658,101Y009,,예치금,,A,2025-08-25 01:13:05
659,101Y009,,예치금,,M,2025-08-25 01:13:05
660,101Y009,,예치금,,Q,2025-08-25 01:13:05
661,101Y009,,국외통화,,A,2025-08-25 01:13:05
662,101Y009,,국외통화,,M,2025-08-25 01:13:05
663,101Y009,,국외통화,,Q,2025-08-25 01:13:05
664,101Y009,,주식 및 기타지분,,A,2025-08-25 01:13:05
665,101Y009,,주식 및 기타지분,,M,2025-08-25 01:13:05
666,101Y009,,주식 및 기타지분,,Q,2025-08-25 01:13:05
667,101Y009,,파생상품자산,,A,2025-08-25 01:13:05
668,101Y009,,파생상품자산,,M,2025-08-25 01:13:05
669,101Y009,,파생상품자산,,Q,2025-08-25 01:13:05
670,101Y009,,기타,,A,2025-08-25 01:13:05
671,101Y009,,기타,,M,2025-08-25 01:13:05
672,101Y009,,기타,,Q,2025-08-25 01:13:05
673,101Y009,,국외부문신용감소 (-),,A,2025-08-25 01:13:05
674,101Y009,,국외부문신용감소 (-),,M,2025-08-25 01:13:05
675,101Y009,,국외부문신용감소 (-),,Q,2025-08-25 01:13:05
676,101Y009,,예수금,,A,2025-08-25 01:13:05
677,101Y009,,예수금,,M,2025-08-25 01:13:05
678,101Y009,,예수금,,Q,2025-08-25 01:13:05
679,101Y009,,차입금,,A,2025-08-25 01:13:05
680,101Y009,,차입금,,M,2025-08-25 01:13:05
681,101Y009,,차입금,,Q,2025-08-25 01:13:05
682,101Y009,,파생상품부채,,A,2025-08-25 01:13:05
683,101Y009,,파생상품부채,,M,2025-08-25 01:13:05
684,101Y009,,파생상품부채,,Q,2025-08-25 01:13:05
685,101Y009,,기타,,A,2025-08-25 01:13:05
686,101Y009,,기타,,M,2025-08-25 01:13:05
687,101Y009,,기타,,Q,2025-08-25 01:13:05
688,101Y009,,국내 및 국외 신용,,A,2025-08-25 01:13:05
689,101Y009,,국내 및 국외 신용,,M,2025-08-25 01:13:05
690,101Y009,,국내 및 국외 신용,,Q,2025-08-25 01:13:05
691,101Y009,,M2 (광의통화),,A,2025-08-25 01:13:05
692,101Y009,,M2 (광의통화),,M,2025-08-25 01:13:05
693,101Y009,,M2 (광의통화),,Q,2025-08-25 01:13:05
694,101Y009,,현금통화,,A,2025-08-25 01:13:05
695,101Y009,,현금통화,,M,2025-08-25 01:13:05
696,101Y009,,현금통화,,Q,2025-08-25 01:13:05
697,101Y009,,M2에 포함되는 예수금,,A,2025-08-25 01:13:05
698,101Y009,,M2에 포함되는 예수금,,M,2025-08-25 01:13:05
699,101Y009,,M2에 포함되는 예수금,,Q,2025-08-25 01:13:05
700,101Y009,,요구불예금,,A,2025-08-25 01:13:05
701,101Y009,,요구불예금,,M,2025-08-25 01:13:05
702,101Y009,,요구불예금,,Q,2025-08-25 01:13:05
703,101Y009,,수시입출식저축성예금,,A,2025-08-25 01:13:05
704,101Y009,,수시입출식저축성예금,,M,2025-08-25 01:13:05
705,101Y009,,수시입출식저축성예금,,Q,2025-08-25 01:13:05
706,101Y009,,MMF 수익증권,,A,2025-08-25 01:13:05
707,101Y009,,MMF 수익증권,,M,2025-08-25 01:13:05
708,101Y009,,MMF 수익증권,,Q,2025-08-25 01:13:05
709,101Y009,,2년미만정기예적금,,A,2025-08-25 01:13:05
710,101Y009,,2년미만정기예적금,,M,2025-08-25 01:13:05
711,101Y009,,2년미만정기예적금,,Q,2025-08-25 01:13:05
712,101Y009,,양도성예금증서,,A,2025-08-25 01:13:05
713,101Y009,,양도성예금증서,,M,2025-08-25 01:13:05
714,101Y009,,양도성예금증서,,Q,2025-08-25 01:13:05
715,101Y009,,어음매출,,A,2025-08-25 01:13:05
716,101Y009,,어음매출,,M,2025-08-25 01:13:05
717,101Y009,,어음매출,,Q,2025-08-25 01:13:05
718,101Y009,,CMA,,A,2025-08-25 01:13:05
719,101Y009,,CMA,,M,2025-08-25 01:13:05
720,101Y009,,CMA,,Q,2025-08-25 01:13:05
721,101Y009,,결제성 예수금,,A,2025-08-25 01:13:05
722,101Y009,,결제성 예수금,,M,2025-08-25 01:13:05
723,101Y009,,결제성 예수금,,Q,2025-08-25 01:13:05
724,101Y009,,2년미만금전신탁,,A,2025-08-25 01:13:05
725,101Y009,,2년미만금전신탁,,M,2025-08-25 01:13:05
726,101Y009,,2년미만금전신탁,,Q,2025-08-25 01:13:05
727,101Y009,,자발어음,,A,2025-08-25 01:13:05
728,101Y009,,자발어음,,M,2025-08-25 01:13:05
729,101Y009,,자발어음,,Q,2025-08-25 01:13:05
730,101Y009,,신탁형증권저축,,A,2025-08-25 01:13:05
731,101Y009,,신탁형증권저축,,M,2025-08-25 01:13:05
732,101Y009,,신탁형증권저축,,Q,2025-08-25 01:13:05
733,101Y009,,2년미만외화예수금,,A,2025-08-25 01:13:05
734,101Y009,,2년미만외화예수금,,M,2025-08-25 01:13:05
735,101Y009,,2년미만외화예수금,,Q,2025-08-25 01:13:05
736,101Y009,,환매조건부채권매도,,A,2025-08-25 01:13:05
737,101Y009,,환매조건부채권매도,,M,2025-08-25 01:13:05
738,101Y009,,환매조건부채권매도,,Q,2025-08-25 01:13:05
739,101Y009,,수익증권,,A,2025-08-25 01:13:05
740,101Y009,,수익증권,,M,2025-08-25 01:13:05
741,101Y009,,수익증권,,Q,2025-08-25 01:13:05
742,101Y009,,기타 예수금,,A,2025-08-25 01:13:05
743,101Y009,,기타 예수금,,M,2025-08-25 01:13:05
744,101Y009,,기타 예수금,,Q,2025-08-25 01:13:05
745,101Y009,,M2에 포함되는 유가증권,,A,2025-08-25 01:13:05
746,101Y009,,M2에 포함되는 유가증권,,M,2025-08-25 01:13:05
747,101Y009,,M2에 포함되는 유가증권,,Q,2025-08-25 01:13:05
748,101Y009,,금융채,,A,2025-08-25 01:13:05
749,101Y009,,금융채,,M,2025-08-25 01:13:05
750,101Y009,,금융채,,Q,2025-08-25 01:13:05
751,101Y009,,"예수금, 유가증권 (M2 제외)",,A,2025-08-25 01:13:05
752,101Y009,,"예수금, 유가증권 (M2 제외)",,M,2025-08-25 01:13:05
753,101Y009,,"예수금, 유가증권 (M2 제외)",,Q,2025-08-25 01:13:05
754,101Y009,,예수금 (M2 제외),,A,2025-08-25 01:13:05
755,101Y009,,예수금 (M2 제외),,M,2025-08-25 01:13:05
756,101Y009,,예수금 (M2 제외),,Q,2025-08-25 01:13:05
757,101Y009,,주식이외 유가증권,,A,2025-08-25 01:13:05
758,101Y009,,주식이외 유가증권,,M,2025-08-25 01:13:05
759,101Y009,,주식이외 유가증권,,Q,2025-08-25 01:13:05
760,101Y009,,차입금,,A,2025-08-25 01:13:05
761,101Y009,,차입금,,M,2025-08-25 01:13:05
762,101Y009,,차입금,,Q,2025-08-25 01:13:05
763,101Y009,,파생상품,,A,2025-08-25 01:13:05
764,101Y009,,파생상품,,M,2025-08-25 01:13:05
765,101Y009,,파생상품,,Q,2025-08-25 01:13:05
766,101Y009,,기타 ( 순 ),,A,2025-08-25 01:13:05
767,101Y009,,기타 ( 순 ),,M,2025-08-25 01:13:05
768,101Y009,,기타 ( 순 ),,Q,2025-08-25 01:13:05
769,101Y009,,자본계정,,A,2025-08-25 01:13:05
770,101Y009,,자본계정,,M,2025-08-25 01:13:05
771,101Y009,,자본계정,,Q,2025-08-25 01:13:05
772,101Y009,,총부채 및 자본,,A,2025-08-25 01:13:05
773,101Y009,,총부채 및 자본,,M,2025-08-25 01:13:05
774,101Y009,,총부채 및 자본,,Q,2025-08-25 01:13:05
775,101Y009,,통합조정 ( 순 ),,A,2025-08-25 01:13:05
776,101Y009,,통합조정 ( 순 ),,M,2025-08-25 01:13:05
777,101Y009,,통합조정 ( 순 ),,Q,2025-08-25 01:13:05
778,101Y010,,국내신용부문,,A,2025-08-25 01:13:06
779,101Y010,,국내신용부문,,M,2025-08-25 01:13:06
780,101Y010,,국내신용부문,,Q,2025-08-25 01:13:06
781,101Y010,,중앙정부부문 ( 순 ),,A,2025-08-25 01:13:06
782,101Y010,,중앙정부부문 ( 순 ),,M,2025-08-25 01:13:06
783,101Y010,,중앙정부부문 ( 순 ),,Q,2025-08-25 01:13:06
784,101Y010,,중앙정부신용증가 (+),,A,2025-08-25 01:13:06
785,101Y010,,중앙정부신용증가 (+),,M,2025-08-25 01:13:06
786,101Y010,,중앙정부신용증가 (+),,Q,2025-08-25 01:13:06
787,101Y010,,유가증권,,A,2025-08-25 01:13:06
788,101Y010,,유가증권,,M,2025-08-25 01:13:06
789,101Y010,,유가증권,,Q,2025-08-25 01:13:06
790,101Y010,,대출금,,A,2025-08-25 01:13:06
791,101Y010,,대출금,,M,2025-08-25 01:13:06
792,101Y010,,대출금,,Q,2025-08-25 01:13:06
793,101Y010,,기타,,A,2025-08-25 01:13:06
794,101Y010,,기타,,M,2025-08-25 01:13:06
795,101Y010,,기타,,Q,2025-08-25 01:13:06
796,101Y010,,중앙정부신용감소 (-),,A,2025-08-25 01:13:06
797,101Y010,,중앙정부신용감소 (-),,M,2025-08-25 01:13:06
798,101Y010,,중앙정부신용감소 (-),,Q,2025-08-25 01:13:06
799,101Y010,,예수금,,A,2025-08-25 01:13:06
800,101Y010,,예수금,,M,2025-08-25 01:13:06
801,101Y010,,예수금,,Q,2025-08-25 01:13:06
802,101Y010,,차입금,,A,2025-08-25 01:13:06
803,101Y010,,차입금,,M,2025-08-25 01:13:06
804,101Y010,,차입금,,Q,2025-08-25 01:13:06
805,101Y010,,기타,,A,2025-08-25 01:13:06
806,101Y010,,기타,,M,2025-08-25 01:13:06
807,101Y010,,기타,,Q,2025-08-25 01:13:06
808,101Y010,,지방정부부문,,A,2025-08-25 01:13:06
809,101Y010,,지방정부부문,,M,2025-08-25 01:13:06
810,101Y010,,지방정부부문,,Q,2025-08-25 01:13:06
811,101Y010,,유가증권,,A,2025-08-25 01:13:06
812,101Y010,,유가증권,,M,2025-08-25 01:13:06
813,101Y010,,유가증권,,Q,2025-08-25 01:13:06
814,101Y010,,대출금,,A,2025-08-25 01:13:06
815,101Y010,,대출금,,M,2025-08-25 01:13:06
816,101Y010,,대출금,,Q,2025-08-25 01:13:06
817,101Y010,,기타,,A,2025-08-25 01:13:06
818,101Y010,,기타,,M,2025-08-25 01:13:06
819,101Y010,,기타,,Q,2025-08-25 01:13:06
820,101Y010,,사회보장기구부문,,A,2025-08-25 01:13:06
821,101Y010,,사회보장기구부문,,M,2025-08-25 01:13:06
822,101Y010,,사회보장기구부문,,Q,2025-08-25 01:13:06
823,101Y010,,대출금,,A,2025-08-25 01:13:06
824,101Y010,,대출금,,M,2025-08-25 01:13:06
825,101Y010,,대출금,,Q,2025-08-25 01:13:06
826,101Y010,,기타,,A,2025-08-25 01:13:06
827,101Y010,,기타,,M,2025-08-25 01:13:06
828,101Y010,,기타,,Q,2025-08-25 01:13:06
829,101Y010,,기업부문,,A,2025-08-25 01:13:06
830,101Y010,,기업부문,,M,2025-08-25 01:13:06
831,101Y010,,기업부문,,Q,2025-08-25 01:13:06
832,101Y010,,대출금,,A,2025-08-25 01:13:06
833,101Y010,,대출금,,M,2025-08-25 01:13:06
834,101Y010,,대출금,,Q,2025-08-25 01:13:06
835,101Y010,,유가증권,,A,2025-08-25 01:13:06
836,101Y010,,유가증권,,M,2025-08-25 01:13:06
837,101Y010,,유가증권,,Q,2025-08-25 01:13:06
838,101Y010,,주식 및 기타지분,,A,2025-08-25 01:13:06
839,101Y010,,주식 및 기타지분,,M,2025-08-25 01:13:06
840,101Y010,,주식 및 기타지분,,Q,2025-08-25 01:13:06
841,101Y010,,파생상품자산,,A,2025-08-25 01:13:06
842,101Y010,,파생상품자산,,M,2025-08-25 01:13:06
843,101Y010,,파생상품자산,,Q,2025-08-25 01:13:06
844,101Y010,,기타,,A,2025-08-25 01:13:06
845,101Y010,,기타,,M,2025-08-25 01:13:06
846,101Y010,,기타,,Q,2025-08-25 01:13:06
847,101Y010,,가계부문,,A,2025-08-25 01:13:06
848,101Y010,,가계부문,,M,2025-08-25 01:13:06
849,101Y010,,가계부문,,Q,2025-08-25 01:13:06
850,101Y010,,대출금,,A,2025-08-25 01:13:06
851,101Y010,,대출금,,M,2025-08-25 01:13:06
852,101Y010,,대출금,,Q,2025-08-25 01:13:06
853,101Y010,,기타,,A,2025-08-25 01:13:06
854,101Y010,,기타,,M,2025-08-25 01:13:06
855,101Y010,,기타,,Q,2025-08-25 01:13:06
856,101Y010,,기타금융기관부문,,A,2025-08-25 01:13:06
857,101Y010,,기타금융기관부문,,M,2025-08-25 01:13:06
858,101Y010,,기타금융기관부문,,Q,2025-08-25 01:13:06
859,101Y010,,대출금,,A,2025-08-25 01:13:06
860,101Y010,,대출금,,M,2025-08-25 01:13:06
861,101Y010,,대출금,,Q,2025-08-25 01:13:06
862,101Y010,,유가증권,,A,2025-08-25 01:13:06
863,101Y010,,유가증권,,M,2025-08-25 01:13:06
864,101Y010,,유가증권,,Q,2025-08-25 01:13:06
865,101Y010,,예치금,,A,2025-08-25 01:13:06
866,101Y010,,예치금,,M,2025-08-25 01:13:06
867,101Y010,,예치금,,Q,2025-08-25 01:13:06
868,101Y010,,주식 및 기타지분,,A,2025-08-25 01:13:06
869,101Y010,,주식 및 기타지분,,M,2025-08-25 01:13:06
870,101Y010,,주식 및 기타지분,,Q,2025-08-25 01:13:06
871,101Y010,,보험준비금,,A,2025-08-25 01:13:06
872,101Y010,,보험준비금,,M,2025-08-25 01:13:06
873,101Y010,,보험준비금,,Q,2025-08-25 01:13:06
874,101Y010,,파생상품자산,,A,2025-08-25 01:13:06
875,101Y010,,파생상품자산,,M,2025-08-25 01:13:06
876,101Y010,,파생상품자산,,Q,2025-08-25 01:13:06
877,101Y010,,기타,,A,2025-08-25 01:13:06
878,101Y010,,기타,,M,2025-08-25 01:13:06
879,101Y010,,기타,,Q,2025-08-25 01:13:06
880,101Y010,,기타예금취급기관부문,,A,2025-08-25 01:13:06
881,101Y010,,기타예금취급기관부문,,M,2025-08-25 01:13:06
882,101Y010,,기타예금취급기관부문,,Q,2025-08-25 01:13:06
883,101Y010,,대출금,,A,2025-08-25 01:13:06
884,101Y010,,대출금,,M,2025-08-25 01:13:06
885,101Y010,,대출금,,Q,2025-08-25 01:13:06
886,101Y010,,기타,,A,2025-08-25 01:13:06
887,101Y010,,기타,,M,2025-08-25 01:13:06
888,101Y010,,기타,,Q,2025-08-25 01:13:06
889,101Y010,,국외신용부문 ( 순 ),,A,2025-08-25 01:13:06
890,101Y010,,국외신용부문 ( 순 ),,M,2025-08-25 01:13:06
891,101Y010,,국외신용부문 ( 순 ),,Q,2025-08-25 01:13:06
892,101Y010,,국외부문신용증가 (+),,A,2025-08-25 01:13:06
893,101Y010,,국외부문신용증가 (+),,M,2025-08-25 01:13:06
894,101Y010,,국외부문신용증가 (+),,Q,2025-08-25 01:13:06
895,101Y010,,대출금,,A,2025-08-25 01:13:06
896,101Y010,,대출금,,M,2025-08-25 01:13:06
897,101Y010,,대출금,,Q,2025-08-25 01:13:06
898,101Y010,,유가증권,,A,2025-08-25 01:13:06
899,101Y010,,유가증권,,M,2025-08-25 01:13:06
900,101Y010,,유가증권,,Q,2025-08-25 01:13:06
901,101Y010,,예치금,,A,2025-08-25 01:13:06
902,101Y010,,예치금,,M,2025-08-25 01:13:06
903,101Y010,,예치금,,Q,2025-08-25 01:13:06
904,101Y010,,국외통화,,A,2025-08-25 01:13:06
905,101Y010,,국외통화,,M,2025-08-25 01:13:06
906,101Y010,,국외통화,,Q,2025-08-25 01:13:06
907,101Y010,,주식 및 기타지분,,A,2025-08-25 01:13:06
908,101Y010,,주식 및 기타지분,,M,2025-08-25 01:13:06
909,101Y010,,주식 및 기타지분,,Q,2025-08-25 01:13:06
910,101Y010,,파생상품자산,,A,2025-08-25 01:13:06
911,101Y010,,파생상품자산,,M,2025-08-25 01:13:06
912,101Y010,,파생상품자산,,Q,2025-08-25 01:13:06
913,101Y010,,기타,,A,2025-08-25 01:13:06
914,101Y010,,기타,,M,2025-08-25 01:13:06
915,101Y010,,기타,,Q,2025-08-25 01:13:06
916,101Y010,,국외부문신용감소 (-),,A,2025-08-25 01:13:06
917,101Y010,,국외부문신용감소 (-),,M,2025-08-25 01:13:06
918,101Y010,,국외부문신용감소 (-),,Q,2025-08-25 01:13:06
919,101Y010,,예수금,,A,2025-08-25 01:13:06
920,101Y010,,예수금,,M,2025-08-25 01:13:06
921,101Y010,,예수금,,Q,2025-08-25 01:13:06
922,101Y010,,차입금,,A,2025-08-25 01:13:06
923,101Y010,,차입금,,M,2025-08-25 01:13:06
924,101Y010,,차입금,,Q,2025-08-25 01:13:06
925,101Y010,,파생상품부채,,A,2025-08-25 01:13:06
926,101Y010,,파생상품부채,,M,2025-08-25 01:13:06
927,101Y010,,파생상품부채,,Q,2025-08-25 01:13:06
928,101Y010,,기타,,A,2025-08-25 01:13:06
929,101Y010,,기타,,M,2025-08-25 01:13:06
930,101Y010,,기타,,Q,2025-08-25 01:13:06
931,101Y010,,국내 및 국외 신용,,A,2025-08-25 01:13:06
932,101Y010,,국내 및 국외 신용,,M,2025-08-25 01:13:06
933,101Y010,,국내 및 국외 신용,,Q,2025-08-25 01:13:06
934,101Y010,,M2에 포함되는 예수금,,A,2025-08-25 01:13:06
935,101Y010,,M2에 포함되는 예수금,,M,2025-08-25 01:13:06
936,101Y010,,M2에 포함되는 예수금,,Q,2025-08-25 01:13:06
937,101Y010,,M2에 포함되는 유가증권,,A,2025-08-25 01:13:06
938,101Y010,,M2에 포함되는 유가증권,,M,2025-08-25 01:13:06
939,101Y010,,M2에 포함되는 유가증권,,Q,2025-08-25 01:13:06
940,101Y010,,금융채,,A,2025-08-25 01:13:06
941,101Y010,,금융채,,M,2025-08-25 01:13:06
942,101Y010,,금융채,,Q,2025-08-25 01:13:06
943,101Y010,,예수금 (M2 제외),,A,2025-08-25 01:13:06
944,101Y010,,예수금 (M2 제외),,M,2025-08-25 01:13:06
945,101Y010,,예수금 (M2 제외),,Q,2025-08-25 01:13:06
946,101Y010,,기타예금취급기관에 대한 부채,,A,2025-08-25 01:13:06
947,101Y010,,기타예금취급기관에 대한 부채,,M,2025-08-25 01:13:06
948,101Y010,,기타예금취급기관에 대한 부채,,Q,2025-08-25 01:13:06
949,101Y010,,기타,,A,2025-08-25 01:13:06
950,101Y010,,기타,,M,2025-08-25 01:13:06
951,101Y010,,기타,,Q,2025-08-25 01:13:06
952,101Y010,,주식이외 유가증권,,A,2025-08-25 01:13:06
953,101Y010,,주식이외 유가증권,,M,2025-08-25 01:13:06
954,101Y010,,주식이외 유가증권,,Q,2025-08-25 01:13:06
955,101Y010,,만기2년이상원화채권,,A,2025-08-25 01:13:06
956,101Y010,,만기2년이상원화채권,,M,2025-08-25 01:13:06
957,101Y010,,만기2년이상원화채권,,Q,2025-08-25 01:13:06
958,101Y010,,외화채권,,A,2025-08-25 01:13:06
959,101Y010,,외화채권,,M,2025-08-25 01:13:06
960,101Y010,,외화채권,,Q,2025-08-25 01:13:06
961,101Y010,,기타예금취급기관에 대한 부채,,A,2025-08-25 01:13:06
962,101Y010,,기타예금취급기관에 대한 부채,,M,2025-08-25 01:13:06
963,101Y010,,기타예금취급기관에 대한 부채,,Q,2025-08-25 01:13:06
964,101Y010,,차입금,,A,2025-08-25 01:13:06
965,101Y010,,차입금,,M,2025-08-25 01:13:06
966,101Y010,,차입금,,Q,2025-08-25 01:13:06
967,101Y010,,파생상품,,A,2025-08-25 01:13:06
968,101Y010,,파생상품,,M,2025-08-25 01:13:06
969,101Y010,,파생상품,,Q,2025-08-25 01:13:06
970,101Y010,,기타 ( 순 ),,A,2025-08-25 01:13:06
971,101Y010,,기타 ( 순 ),,M,2025-08-25 01:13:06
972,101Y010,,기타 ( 순 ),,Q,2025-08-25 01:13:06
973,101Y010,,자본계정,,A,2025-08-25 01:13:06
974,101Y010,,자본계정,,M,2025-08-25 01:13:06
975,101Y010,,자본계정,,Q,2025-08-25 01:13:06
976,101Y010,,본원통화,,A,2025-08-25 01:13:06
977,101Y010,,본원통화,,M,2025-08-25 01:13:06
978,101Y010,,본원통화,,Q,2025-08-25 01:13:06
979,101Y010,,현금통화,,A,2025-08-25 01:13:06
980,101Y010,,현금통화,,M,2025-08-25 01:13:06
981,101Y010,,현금통화,,Q,2025-08-25 01:13:06
982,101Y010,,중앙은행의 기타예금취급기관에 대한 부채,,A,2025-08-25 01:13:06
983,101Y010,,중앙은행의 기타예금취급기관에 대한 부채,,M,2025-08-25 01:13:06
984,101Y010,,중앙은행의 기타예금취급기관에 대한 부채,,Q,2025-08-25 01:13:06
985,101Y010,,시재금,,A,2025-08-25 01:13:06
986,101Y010,,시재금,,M,2025-08-25 01:13:06
987,101Y010,,시재금,,Q,2025-08-25 01:13:06
988,101Y010,,지준예치금,,A,2025-08-25 01:13:06
989,101Y010,,지준예치금,,M,2025-08-25 01:13:06
990,101Y010,,지준예치금,,Q,2025-08-25 01:13:06
991,101Y010,,총부채 및 자본,,A,2025-08-25 01:13:06
992,101Y010,,총부채 및 자본,,M,2025-08-25 01:13:06
993,101Y010,,총부채 및 자본,,Q,2025-08-25 01:13:06
994,101Y010,,통합조정 ( 순 ),,A,2025-08-25 01:13:06
995,101Y010,,통합조정 ( 순 ),,M,2025-08-25 01:13:06
996,101Y010,,통합조정 ( 순 ),,Q,2025-08-25 01:13:06
997,101Y011,,국내신용부문,,A,2025-08-25 01:13:07
998,101Y011,,국내신용부문,,M,2025-08-25 01:13:07
999,101Y011,,국내신용부문,,Q,2025-08-25 01:13:07
1000,101Y011,,중앙정부부문 ( 순 ),,A,2025-08-25 01:13:07
1001,101Y011,,중앙정부부문 ( 순 ),,M,2025-08-25 01:13:07
1002,101Y011,,중앙정부부문 ( 순 ),,Q,2025-08-25 01:13:07
1003,101Y011,,중앙정부신용증가 (+),,A,2025-08-25 01:13:07
1004,101Y011,,중앙정부신용증가 (+),,M,2025-08-25 01:13:07
1005,101Y011,,중앙정부신용증가 (+),,Q,2025-08-25 01:13:07
1006,101Y011,,유가증권,,A,2025-08-25 01:13:07
1007,101Y011,,유가증권,,M,2025-08-25 01:13:07
1008,101Y011,,유가증권,,Q,2025-08-25 01:13:07
1009,101Y011,,예치금,,A,2025-08-25 01:13:07
1010,101Y011,,예치금,,M,2025-08-25 01:13:07
1011,101Y011,,예치금,,Q,2025-08-25 01:13:07
1012,101Y011,,대출금,,A,2025-08-25 01:13:07
1013,101Y011,,대출금,,M,2025-08-25 01:13:07
1014,101Y011,,대출금,,Q,2025-08-25 01:13:07
1015,101Y011,,기타,,A,2025-08-25 01:13:07
1016,101Y011,,기타,,M,2025-08-25 01:13:07
1017,101Y011,,기타,,Q,2025-08-25 01:13:07
1018,101Y011,,중앙정부신용감소 (-),,A,2025-08-25 01:13:07
1019,101Y011,,중앙정부신용감소 (-),,M,2025-08-25 01:13:07
1020,101Y011,,중앙정부신용감소 (-),,Q,2025-08-25 01:13:07
1021,101Y011,,예수금,,A,2025-08-25 01:13:07
1022,101Y011,,예수금,,M,2025-08-25 01:13:07
1023,101Y011,,예수금,,Q,2025-08-25 01:13:07
1024,101Y011,,차입금,,A,2025-08-25 01:13:07
1025,101Y011,,차입금,,M,2025-08-25 01:13:07
1026,101Y011,,차입금,,Q,2025-08-25 01:13:07
1027,101Y011,,기타,,A,2025-08-25 01:13:07
1028,101Y011,,기타,,M,2025-08-25 01:13:07
1029,101Y011,,기타,,Q,2025-08-25 01:13:07
1030,101Y011,,지방정부부문,,A,2025-08-25 01:13:07
1031,101Y011,,지방정부부문,,M,2025-08-25 01:13:07
1032,101Y011,,지방정부부문,,Q,2025-08-25 01:13:07
1033,101Y011,,유가증권,,A,2025-08-25 01:13:07
1034,101Y011,,유가증권,,M,2025-08-25 01:13:07
1035,101Y011,,유가증권,,Q,2025-08-25 01:13:07
1036,101Y011,,대출금,,A,2025-08-25 01:13:07
1037,101Y011,,대출금,,M,2025-08-25 01:13:07
1038,101Y011,,대출금,,Q,2025-08-25 01:13:07
1039,101Y011,,기타,,A,2025-08-25 01:13:07
1040,101Y011,,기타,,M,2025-08-25 01:13:07
1041,101Y011,,기타,,Q,2025-08-25 01:13:07
1042,101Y011,,사회보장기구부문,,A,2025-08-25 01:13:07
1043,101Y011,,사회보장기구부문,,M,2025-08-25 01:13:07
1044,101Y011,,사회보장기구부문,,Q,2025-08-25 01:13:07
1045,101Y011,,대출금,,A,2025-08-25 01:13:07
1046,101Y011,,대출금,,M,2025-08-25 01:13:07
1047,101Y011,,대출금,,Q,2025-08-25 01:13:07
1048,101Y011,,기타,,A,2025-08-25 01:13:07
1049,101Y011,,기타,,M,2025-08-25 01:13:07
1050,101Y011,,기타,,Q,2025-08-25 01:13:07
1051,101Y011,,기업부문,,A,2025-08-25 01:13:07
1052,101Y011,,기업부문,,M,2025-08-25 01:13:07
1053,101Y011,,기업부문,,Q,2025-08-25 01:13:07
1054,101Y011,,대출금,,A,2025-08-25 01:13:07
1055,101Y011,,대출금,,M,2025-08-25 01:13:07
1056,101Y011,,대출금,,Q,2025-08-25 01:13:07
1057,101Y011,,유가증권,,A,2025-08-25 01:13:07
1058,101Y011,,유가증권,,M,2025-08-25 01:13:07
1059,101Y011,,유가증권,,Q,2025-08-25 01:13:07
1060,101Y011,,주식 및 기타지분,,A,2025-08-25 01:13:07
1061,101Y011,,주식 및 기타지분,,M,2025-08-25 01:13:07
1062,101Y011,,주식 및 기타지분,,Q,2025-08-25 01:13:07
1063,101Y011,,파생상품자산,,A,2025-08-25 01:13:07
1064,101Y011,,파생상품자산,,M,2025-08-25 01:13:07
1065,101Y011,,파생상품자산,,Q,2025-08-25 01:13:07
1066,101Y011,,기타,,A,2025-08-25 01:13:07
1067,101Y011,,기타,,M,2025-08-25 01:13:07
1068,101Y011,,기타,,Q,2025-08-25 01:13:07
1069,101Y011,,가계부문,,A,2025-08-25 01:13:07
1070,101Y011,,가계부문,,M,2025-08-25 01:13:07
1071,101Y011,,가계부문,,Q,2025-08-25 01:13:07
1072,101Y011,,대출금,,A,2025-08-25 01:13:07
1073,101Y011,,대출금,,M,2025-08-25 01:13:07
1074,101Y011,,대출금,,Q,2025-08-25 01:13:07
1075,101Y011,,기타,,A,2025-08-25 01:13:07
1076,101Y011,,기타,,M,2025-08-25 01:13:07
1077,101Y011,,기타,,Q,2025-08-25 01:13:07
1078,101Y011,,기타금융기관부문,,A,2025-08-25 01:13:07
1079,101Y011,,기타금융기관부문,,M,2025-08-25 01:13:07
1080,101Y011,,기타금융기관부문,,Q,2025-08-25 01:13:07
1081,101Y011,,대출금,,A,2025-08-25 01:13:07
1082,101Y011,,대출금,,M,2025-08-25 01:13:07
1083,101Y011,,대출금,,Q,2025-08-25 01:13:07
1084,101Y011,,유가증권,,A,2025-08-25 01:13:07
1085,101Y011,,유가증권,,M,2025-08-25 01:13:07
1086,101Y011,,유가증권,,Q,2025-08-25 01:13:07
1087,101Y011,,예치금,,A,2025-08-25 01:13:07
1088,101Y011,,예치금,,M,2025-08-25 01:13:07
1089,101Y011,,예치금,,Q,2025-08-25 01:13:07
1090,101Y011,,주식 및 기타지분,,A,2025-08-25 01:13:07
1091,101Y011,,주식 및 기타지분,,M,2025-08-25 01:13:07
1092,101Y011,,주식 및 기타지분,,Q,2025-08-25 01:13:07
1093,101Y011,,보험준비금,,A,2025-08-25 01:13:07
1094,101Y011,,보험준비금,,M,2025-08-25 01:13:07
1095,101Y011,,보험준비금,,Q,2025-08-25 01:13:07
1096,101Y011,,파생상품자산,,A,2025-08-25 01:13:07
1097,101Y011,,파생상품자산,,M,2025-08-25 01:13:07
1098,101Y011,,파생상품자산,,Q,2025-08-25 01:13:07
1099,101Y011,,기타,,A,2025-08-25 01:13:07
1100,101Y011,,기타,,M,2025-08-25 01:13:07
1101,101Y011,,기타,,Q,2025-08-25 01:13:07
1102,101Y011,,중앙은행부문,,A,2025-08-25 01:13:07
1103,101Y011,,중앙은행부문,,M,2025-08-25 01:13:07
1104,101Y011,,중앙은행부문,,Q,2025-08-25 01:13:07
1105,101Y011,,유가증권,,A,2025-08-25 01:13:07
1106,101Y011,,유가증권,,M,2025-08-25 01:13:07
1107,101Y011,,유가증권,,Q,2025-08-25 01:13:07
1108,101Y011,,예치금,,A,2025-08-25 01:13:07
1109,101Y011,,예치금,,M,2025-08-25 01:13:07
1110,101Y011,,예치금,,Q,2025-08-25 01:13:07
1111,101Y011,,기타,,A,2025-08-25 01:13:07
1112,101Y011,,기타,,M,2025-08-25 01:13:07
1113,101Y011,,기타,,Q,2025-08-25 01:13:07
1114,101Y011,,국외신용부문 ( 순 ),,A,2025-08-25 01:13:07
1115,101Y011,,국외신용부문 ( 순 ),,M,2025-08-25 01:13:07
1116,101Y011,,국외신용부문 ( 순 ),,Q,2025-08-25 01:13:07
1117,101Y011,,국외부문신용증가 (+),,A,2025-08-25 01:13:07
1118,101Y011,,국외부문신용증가 (+),,M,2025-08-25 01:13:07
1119,101Y011,,국외부문신용증가 (+),,Q,2025-08-25 01:13:07
1120,101Y011,,대출금,,A,2025-08-25 01:13:07
1121,101Y011,,대출금,,M,2025-08-25 01:13:07
1122,101Y011,,대출금,,Q,2025-08-25 01:13:07
1123,101Y011,,유가증권,,A,2025-08-25 01:13:07
1124,101Y011,,유가증권,,M,2025-08-25 01:13:07
1125,101Y011,,유가증권,,Q,2025-08-25 01:13:07
1126,101Y011,,예치금,,A,2025-08-25 01:13:07
1127,101Y011,,예치금,,M,2025-08-25 01:13:07
1128,101Y011,,예치금,,Q,2025-08-25 01:13:07
1129,101Y011,,국외통화,,A,2025-08-25 01:13:07
1130,101Y011,,국외통화,,M,2025-08-25 01:13:07
1131,101Y011,,국외통화,,Q,2025-08-25 01:13:07
1132,101Y011,,주식 및 기타지분,,A,2025-08-25 01:13:07
1133,101Y011,,주식 및 기타지분,,M,2025-08-25 01:13:07
1134,101Y011,,주식 및 기타지분,,Q,2025-08-25 01:13:07
1135,101Y011,,파생상품자산,,A,2025-08-25 01:13:07
1136,101Y011,,파생상품자산,,M,2025-08-25 01:13:07
1137,101Y011,,파생상품자산,,Q,2025-08-25 01:13:07
1138,101Y011,,기타,,A,2025-08-25 01:13:07
1139,101Y011,,기타,,M,2025-08-25 01:13:07
1140,101Y011,,기타,,Q,2025-08-25 01:13:07
1141,101Y011,,국외부문신용감소 (-),,A,2025-08-25 01:13:07
1142,101Y011,,국외부문신용감소 (-),,M,2025-08-25 01:13:07
1143,101Y011,,국외부문신용감소 (-),,Q,2025-08-25 01:13:07
1144,101Y011,,예수금,,A,2025-08-25 01:13:07
1145,101Y011,,예수금,,M,2025-08-25 01:13:07
1146,101Y011,,예수금,,Q,2025-08-25 01:13:07
1147,101Y011,,차입금,,A,2025-08-25 01:13:07
1148,101Y011,,차입금,,M,2025-08-25 01:13:07
1149,101Y011,,차입금,,Q,2025-08-25 01:13:07
1150,101Y011,,파생상품부채,,A,2025-08-25 01:13:07
1151,101Y011,,파생상품부채,,M,2025-08-25 01:13:07
1152,101Y011,,파생상품부채,,Q,2025-08-25 01:13:07
1153,101Y011,,기타,,A,2025-08-25 01:13:07
1154,101Y011,,기타,,M,2025-08-25 01:13:07
1155,101Y011,,기타,,Q,2025-08-25 01:13:07
1156,101Y011,,국내 및 국외 신용,,A,2025-08-25 01:13:07
1157,101Y011,,국내 및 국외 신용,,M,2025-08-25 01:13:07
1158,101Y011,,국내 및 국외 신용,,Q,2025-08-25 01:13:07
1159,101Y011,,M2 (광의통화),,A,2025-08-25 01:13:07
1160,101Y011,,M2 (광의통화),,M,2025-08-25 01:13:07
1161,101Y011,,M2 (광의통화),,Q,2025-08-25 01:13:07
1162,101Y011,,현금통화,,A,2025-08-25 01:13:07
1163,101Y011,,현금통화,,M,2025-08-25 01:13:07
1164,101Y011,,현금통화,,Q,2025-08-25 01:13:07
1165,101Y011,,M2에 포함되는 예수금,,A,2025-08-25 01:13:07
1166,101Y011,,M2에 포함되는 예수금,,M,2025-08-25 01:13:07
1167,101Y011,,M2에 포함되는 예수금,,Q,2025-08-25 01:13:07
1168,101Y011,,요구불예금,,A,2025-08-25 01:13:07
1169,101Y011,,요구불예금,,M,2025-08-25 01:13:07
1170,101Y011,,요구불예금,,Q,2025-08-25 01:13:07
1171,101Y011,,수시입출식저축성예금,,A,2025-08-25 01:13:07
1172,101Y011,,수시입출식저축성예금,,M,2025-08-25 01:13:07
1173,101Y011,,수시입출식저축성예금,,Q,2025-08-25 01:13:07
1174,101Y011,,MMF 수익증권,,A,2025-08-25 01:13:07
1175,101Y011,,MMF 수익증권,,M,2025-08-25 01:13:07
1176,101Y011,,MMF 수익증권,,Q,2025-08-25 01:13:07
1177,101Y011,,2년미만정기예적금,,A,2025-08-25 01:13:07
1178,101Y011,,2년미만정기예적금,,M,2025-08-25 01:13:07
1179,101Y011,,2년미만정기예적금,,Q,2025-08-25 01:13:07
1180,101Y011,,양도성예금증서,,A,2025-08-25 01:13:07
1181,101Y011,,양도성예금증서,,M,2025-08-25 01:13:07
1182,101Y011,,양도성예금증서,,Q,2025-08-25 01:13:07
1183,101Y011,,어음매출,,A,2025-08-25 01:13:07
1184,101Y011,,어음매출,,M,2025-08-25 01:13:07
1185,101Y011,,어음매출,,Q,2025-08-25 01:13:07
1186,101Y011,,CMA,,A,2025-08-25 01:13:07
1187,101Y011,,CMA,,M,2025-08-25 01:13:07
1188,101Y011,,CMA,,Q,2025-08-25 01:13:07
1189,101Y011,,결제성 예수금,,A,2025-08-25 01:13:07
1190,101Y011,,결제성 예수금,,M,2025-08-25 01:13:07
1191,101Y011,,결제성 예수금,,Q,2025-08-25 01:13:07
1192,101Y011,,2년미만금전신탁,,A,2025-08-25 01:13:07
1193,101Y011,,2년미만금전신탁,,M,2025-08-25 01:13:07
1194,101Y011,,2년미만금전신탁,,Q,2025-08-25 01:13:07
1195,101Y011,,자발어음,,A,2025-08-25 01:13:07
1196,101Y011,,자발어음,,M,2025-08-25 01:13:07
1197,101Y011,,자발어음,,Q,2025-08-25 01:13:07
1198,101Y011,,신탁형증권저축,,A,2025-08-25 01:13:07
1199,101Y011,,신탁형증권저축,,M,2025-08-25 01:13:07
1200,101Y011,,신탁형증권저축,,Q,2025-08-25 01:13:07
1201,101Y011,,2년미만외화예수금,,A,2025-08-25 01:13:07
1202,101Y011,,2년미만외화예수금,,M,2025-08-25 01:13:07
1203,101Y011,,2년미만외화예수금,,Q,2025-08-25 01:13:07
1204,101Y011,,환매조건부채권매도,,A,2025-08-25 01:13:07
1205,101Y011,,환매조건부채권매도,,M,2025-08-25 01:13:07
1206,101Y011,,환매조건부채권매도,,Q,2025-08-25 01:13:07
1207,101Y011,,수익증권,,A,2025-08-25 01:13:07
1208,101Y011,,수익증권,,M,2025-08-25 01:13:07
1209,101Y011,,수익증권,,Q,2025-08-25 01:13:07
1210,101Y011,,기타 예수금,,A,2025-08-25 01:13:07
1211,101Y011,,기타 예수금,,M,2025-08-25 01:13:07
1212,101Y011,,기타 예수금,,Q,2025-08-25 01:13:07
1213,101Y011,,M2에 포함되는 유가증권,,A,2025-08-25 01:13:07
1214,101Y011,,M2에 포함되는 유가증권,,M,2025-08-25 01:13:07
1215,101Y011,,M2에 포함되는 유가증권,,Q,2025-08-25 01:13:07
1216,101Y011,,금융채,,A,2025-08-25 01:13:07
1217,101Y011,,금융채,,M,2025-08-25 01:13:07
1218,101Y011,,금융채,,Q,2025-08-25 01:13:07
1219,101Y011,,"예수금, 유가증권 (M2 제외)",,A,2025-08-25 01:13:07
1220,101Y011,,"예수금, 유가증권 (M2 제외)",,M,2025-08-25 01:13:07
1221,101Y011,,"예수금, 유가증권 (M2 제외)",,Q,2025-08-25 01:13:07
1222,101Y011,,예수금 (M2 제외),,A,2025-08-25 01:13:07
1223,101Y011,,예수금 (M2 제외),,M,2025-08-25 01:13:07
1224,101Y011,,예수금 (M2 제외),,Q,2025-08-25 01:13:07
1225,101Y011,,주식이외 유가증권,,A,2025-08-25 01:13:07
1226,101Y011,,주식이외 유가증권,,M,2025-08-25 01:13:07
1227,101Y011,,주식이외 유가증권,,Q,2025-08-25 01:13:07
1228,101Y011,,차입금,,A,2025-08-25 01:13:07
1229,101Y011,,차입금,,M,2025-08-25 01:13:07
1230,101Y011,,차입금,,Q,2025-08-25 01:13:07
1231,101Y011,,파생상품,,A,2025-08-25 01:13:07
1232,101Y011,,파생상품,,M,2025-08-25 01:13:07
1233,101Y011,,파생상품,,Q,2025-08-25 01:13:07
1234,101Y011,,기타 ( 순 ),,A,2025-08-25 01:13:07
1235,101Y011,,기타 ( 순 ),,M,2025-08-25 01:13:07
1236,101Y011,,기타 ( 순 ),,Q,2025-08-25 01:13:07
1237,101Y011,,자본계정,,A,2025-08-25 01:13:07
1238,101Y011,,자본계정,,M,2025-08-25 01:13:07
1239,101Y011,,자본계정,,Q,2025-08-25 01:13:07
1240,101Y011,,중앙은행에 대한 부채,,A,2025-08-25 01:13:07
1241,101Y011,,중앙은행에 대한 부채,,M,2025-08-25 01:13:07
1242,101Y011,,중앙은행에 대한 부채,,Q,2025-08-25 01:13:07
1243,101Y011,,총부채 및 자본,,A,2025-08-25 01:13:07
1244,101Y011,,총부채 및 자본,,M,2025-08-25 01:13:07
1245,101Y011,,총부채 및 자본,,Q,2025-08-25 01:13:07
1246,101Y011,,통합조정 ( 순 ),,A,2025-08-25 01:13:07
1247,101Y011,,통합조정 ( 순 ),,M,2025-08-25 01:13:07
1248,101Y011,,통합조정 ( 순 ),,Q,2025-08-25 01:13:07
1249,104Y014,,원화예금,,A,2025-08-25 01:13:09
1250,104Y014,,원화예금,,M,2025-08-25 01:13:09
1251,104Y014,,원화예금,,Q,2025-08-25 01:13:09
1252,104Y014,,외화예금,,A,2025-08-25 01:13:09
1253,104Y014,,외화예금,,M,2025-08-25 01:13:09
1254,104Y014,,외화예금,,Q,2025-08-25 01:13:09
1255,104Y014,,CD순발행,,A,2025-08-25 01:13:09
1256,104Y014,,CD순발행,,M,2025-08-25 01:13:09
1257,104Y014,,CD순발행,,Q,2025-08-25 01:13:09
1258,104Y014,,매출어음,,A,2025-08-25 01:13:09
1259,104Y014,,매출어음,,M,2025-08-25 01:13:09
1260,104Y014,,매출어음,,Q,2025-08-25 01:13:09
1261,104Y014,,환매조건부채권매도,,A,2025-08-25 01:13:09
1262,104Y014,,환매조건부채권매도,,M,2025-08-25 01:13:09
1263,104Y014,,환매조건부채권매도,,Q,2025-08-25 01:13:09
1264,104Y014,,금융채발행,,A,2025-08-25 01:13:09
1265,104Y014,,금융채발행,,M,2025-08-25 01:13:09
1266,104Y014,,금융채발행,,Q,2025-08-25 01:13:09
1267,104Y014,,수신합계,,A,2025-08-25 01:13:09
1268,104Y014,,수신합계,,M,2025-08-25 01:13:09
1269,104Y014,,수신합계,,Q,2025-08-25 01:13:09
1270,104Y014,,원화예금,,A,2025-08-25 01:13:09
1271,104Y014,,원화예금,,M,2025-08-25 01:13:09
1272,104Y014,,원화예금,,Q,2025-08-25 01:13:09
1273,104Y014,,외화예금,,A,2025-08-25 01:13:09
1274,104Y014,,외화예금,,M,2025-08-25 01:13:09
1275,104Y014,,외화예금,,Q,2025-08-25 01:13:09
1276,104Y013,,원화예금,,A,2025-08-25 01:13:10
1277,104Y013,,원화예금,,M,2025-08-25 01:13:10
1278,104Y013,,원화예금,,Q,2025-08-25 01:13:10
1279,104Y013,,외화예금,,A,2025-08-25 01:13:10
1280,104Y013,,외화예금,,M,2025-08-25 01:13:10
1281,104Y013,,외화예금,,Q,2025-08-25 01:13:10
1282,104Y013,,CD순발행,,A,2025-08-25 01:13:10
1283,104Y013,,CD순발행,,M,2025-08-25 01:13:10
1284,104Y013,,CD순발행,,Q,2025-08-25 01:13:10
1285,104Y013,,매출어음,,A,2025-08-25 01:13:10
1286,104Y013,,매출어음,,M,2025-08-25 01:13:10
1287,104Y013,,매출어음,,Q,2025-08-25 01:13:10
1288,104Y013,,환매조건부채권매도,,A,2025-08-25 01:13:10
1289,104Y013,,환매조건부채권매도,,M,2025-08-25 01:13:10
1290,104Y013,,환매조건부채권매도,,Q,2025-08-25 01:13:10
1291,104Y013,,금융채발행,,A,2025-08-25 01:13:10
1292,104Y013,,금융채발행,,M,2025-08-25 01:13:10
1293,104Y013,,금융채발행,,Q,2025-08-25 01:13:10
1294,104Y013,,수신합계,,A,2025-08-25 01:13:10
1295,104Y013,,수신합계,,M,2025-08-25 01:13:10
1296,104Y013,,수신합계,,Q,2025-08-25 01:13:10
1297,104Y013,,원화예금,,A,2025-08-25 01:13:10
1298,104Y013,,원화예금,,M,2025-08-25 01:13:10
1299,104Y013,,원화예금,,Q,2025-08-25 01:13:10
1300,104Y013,,외화예금,,A,2025-08-25 01:13:10
1301,104Y013,,외화예금,,M,2025-08-25 01:13:10
1302,104Y013,,외화예금,,Q,2025-08-25 01:13:10
1303,104Y008,,총예금,,A,2025-08-25 01:13:11
1304,104Y008,,총예금,,M,2025-08-25 01:13:11
1305,104Y008,,총예금,,Q,2025-08-25 01:13:11
1306,104Y008,,요구불예금,,A,2025-08-25 01:13:11
1307,104Y008,,요구불예금,,M,2025-08-25 01:13:11
1308,104Y008,,요구불예금,,Q,2025-08-25 01:13:11
1309,104Y008,,저축성예금,,A,2025-08-25 01:13:11
1310,104Y008,,저축성예금,,M,2025-08-25 01:13:11
1311,104Y008,,저축성예금,,Q,2025-08-25 01:13:11
1312,104Y008,,당좌예금,,A,2025-08-25 01:13:11
1313,104Y008,,당좌예금,,M,2025-08-25 01:13:11
1314,104Y008,,당좌예금,,Q,2025-08-25 01:13:11
1315,104Y008,,정기예금,,A,2025-08-25 01:13:11
1316,104Y008,,정기예금,,M,2025-08-25 01:13:11
1317,104Y008,,정기예금,,Q,2025-08-25 01:13:11
1318,104Y008,,가계당좌예금,,A,2025-08-25 01:13:11
1319,104Y008,,가계당좌예금,,M,2025-08-25 01:13:11
1320,104Y008,,가계당좌예금,,Q,2025-08-25 01:13:11
1321,104Y008,,정기적금,,A,2025-08-25 01:13:11
1322,104Y008,,정기적금,,M,2025-08-25 01:13:11
1323,104Y008,,정기적금,,Q,2025-08-25 01:13:11
1324,104Y008,,보통예금,,A,2025-08-25 01:13:11
1325,104Y008,,보통예금,,M,2025-08-25 01:13:11
1326,104Y008,,보통예금,,Q,2025-08-25 01:13:11
1327,104Y008,,상호부금,,A,2025-08-25 01:13:11
1328,104Y008,,상호부금,,M,2025-08-25 01:13:11
1329,104Y008,,상호부금,,Q,2025-08-25 01:13:11
1330,104Y008,,별단예금,,A,2025-08-25 01:13:11
1331,104Y008,,별단예금,,M,2025-08-25 01:13:11
1332,104Y008,,별단예금,,Q,2025-08-25 01:13:11
1333,104Y008,,주택부금,,A,2025-08-25 01:13:11
1334,104Y008,,주택부금,,M,2025-08-25 01:13:11
1335,104Y008,,주택부금,,Q,2025-08-25 01:13:11
1336,104Y008,,공금예금,,A,2025-08-25 01:13:11
1337,104Y008,,공금예금,,M,2025-08-25 01:13:11
1338,104Y008,,공금예금,,Q,2025-08-25 01:13:11
1339,104Y008,,저축예금,,A,2025-08-25 01:13:11
1340,104Y008,,저축예금,,M,2025-08-25 01:13:11
1341,104Y008,,저축예금,,Q,2025-08-25 01:13:11
1342,104Y008,,국고예금,,A,2025-08-25 01:13:11
1343,104Y008,,국고예금,,M,2025-08-25 01:13:11
1344,104Y008,,국고예금,,Q,2025-08-25 01:13:11
1345,104Y008,,목돈마련저축,,A,2025-08-25 01:13:11
1346,104Y008,,목돈마련저축,,M,2025-08-25 01:13:11
1347,104Y008,,목돈마련저축,,Q,2025-08-25 01:13:11
1348,104Y008,,여신관리자금,,A,2025-08-25 01:13:11
1349,104Y008,,여신관리자금,,M,2025-08-25 01:13:11
1350,104Y008,,여신관리자금,,Q,2025-08-25 01:13:11
1351,104Y008,,자유저축예금,,A,2025-08-25 01:13:11
1352,104Y008,,자유저축예금,,M,2025-08-25 01:13:11
1353,104Y008,,자유저축예금,,Q,2025-08-25 01:13:11
1354,104Y008,,기업자유예금,,A,2025-08-25 01:13:11
1355,104Y008,,기업자유예금,,M,2025-08-25 01:13:11
1356,104Y008,,기업자유예금,,Q,2025-08-25 01:13:11
1357,104Y008,,근로자장기저축,,A,2025-08-25 01:13:11
1358,104Y008,,근로자장기저축,,M,2025-08-25 01:13:11
1359,104Y008,,근로자장기저축,,Q,2025-08-25 01:13:11
1360,104Y008,,장기주택마련저축,,A,2025-08-25 01:13:11
1361,104Y008,,장기주택마련저축,,M,2025-08-25 01:13:11
1362,104Y008,,장기주택마련저축,,Q,2025-08-25 01:13:11
1363,104Y008,,근로자우대저축,,A,2025-08-25 01:13:11
1364,104Y008,,근로자우대저축,,M,2025-08-25 01:13:11
1365,104Y008,,근로자우대저축,,Q,2025-08-25 01:13:11
1366,104Y008,,가계장기저축,,A,2025-08-25 01:13:11
1367,104Y008,,가계장기저축,,M,2025-08-25 01:13:11
1368,104Y008,,가계장기저축,,Q,2025-08-25 01:13:11
