id,region,year,bds_value,gdp_per_capita,employment_rate,income_level,created_at
1,서울특별시,1997,4.401,18410.0,65.12,16602.0,2025-08-25 08:00:10
2,부산광역시,1997,3.492,19772.0,65.7,14426.0,2025-08-25 08:00:10
3,대구광역시,1997,3.727,19441.0,67.02,15410.0,2025-08-25 08:00:10
4,인천광역시,1997,4.217,13107.0,72.62,14099.0,2025-08-25 08:00:10
5,광주광역시,1997,4.395,15023.0,64.84,10024.0,2025-08-25 08:00:10
6,대전광역시,1997,2.981,14383.0,63.81,8571.0,2025-08-25 08:00:10
7,울산광역시,1997,3.001,17726.0,57.63,8394.0,2025-08-25 08:00:10
8,세종특별자치시,1997,2.939,16802.0,62.44,12906.0,2025-08-25 08:00:10
9,경기도,1997,3.291,18390.0,66.89,15966.0,2025-08-25 08:00:10
10,강원도,1997,3.474,19268.0,68.36,14953.0,2025-08-25 08:00:10
11,충청북도,1997,3.34,18313.0,63.92,16166.0,2025-08-25 08:00:10
12,충청남도,1997,3.877,18181.0,72.69,14162.0,2025-08-25 08:00:10
13,전라북도,1997,3.987,17699.0,56.71,12049.0,2025-08-25 08:00:10
14,전라남도,1997,4.69,16753.0,58.88,9520.0,2025-08-25 08:00:10
15,경상북도,1997,2.843,14313.0,62.03,11460.0,2025-08-25 08:00:10
16,경상남도,1997,3.815,18085.0,66.27,15342.0,2025-08-25 08:00:10
17,제주특별자치도,1997,3.173,17127.0,67.32,14949.0,2025-08-25 08:00:10
18,서울특별시,1998,3.959,19534.0,65.23,15276.0,2025-08-25 08:00:11
19,부산광역시,1998,3.85,18627.0,53.98,11466.0,2025-08-25 08:00:11
20,대구광역시,1998,3.579,21186.0,61.75,18215.0,2025-08-25 08:00:11
21,인천광역시,1998,4.886,20088.0,67.12,16187.0,2025-08-25 08:00:11
22,광주광역시,1998,3.849,20438.0,70.0,17048.0,2025-08-25 08:00:11
23,대전광역시,1998,3.984,19021.0,68.94,14247.0,2025-08-25 08:00:11
24,울산광역시,1998,3.835,19462.0,65.05,18162.0,2025-08-25 08:00:11
25,세종특별자치시,1998,5.753,19944.0,63.22,18458.0,2025-08-25 08:00:11
26,경기도,1998,3.612,21525.0,62.19,17461.0,2025-08-25 08:00:11
27,강원도,1998,3.822,18969.0,61.28,11644.0,2025-08-25 08:00:11
28,충청북도,1998,3.247,20640.0,60.27,19049.0,2025-08-25 08:00:11
29,충청남도,1998,3.971,18607.0,53.56,12709.0,2025-08-25 08:00:11
30,전라북도,1998,4.701,19023.0,62.7,16913.0,2025-08-25 08:00:11
31,전라남도,1998,4.146,13614.0,59.95,11103.0,2025-08-25 08:00:11
32,경상북도,1998,3.695,17095.0,62.8,13889.0,2025-08-25 08:00:11
33,경상남도,1998,4.478,20409.0,63.79,19004.0,2025-08-25 08:00:11
34,제주특별자치도,1998,3.914,20278.0,72.61,17794.0,2025-08-25 08:00:11
35,서울특별시,1999,4.192,20296.0,61.16,16031.0,2025-08-25 08:00:12
36,부산광역시,1999,4.887,18035.0,72.91,11792.0,2025-08-25 08:00:12
37,대구광역시,1999,4.026,21505.0,69.43,19594.0,2025-08-25 08:00:12
38,인천광역시,1999,4.484,20213.0,72.51,16036.0,2025-08-25 08:00:12
39,광주광역시,1999,2.42,18497.0,64.34,15595.0,2025-08-25 08:00:12
40,대전광역시,1999,3.639,21664.0,65.06,16430.0,2025-08-25 08:00:12
41,울산광역시,1999,3.735,19864.0,64.6,9914.0,2025-08-25 08:00:12
42,세종특별자치시,1999,4.25,23716.0,60.3,25023.0,2025-08-25 08:00:12
43,경기도,1999,3.796,25059.0,66.37,18129.0,2025-08-25 08:00:12
44,강원도,1999,4.191,20063.0,72.29,15350.0,2025-08-25 08:00:12
45,충청북도,1999,3.734,21608.0,61.61,16576.0,2025-08-25 08:00:12
46,충청남도,1999,3.326,19156.0,64.36,12208.0,2025-08-25 08:00:12
47,전라북도,1999,4.881,18125.0,61.91,15542.0,2025-08-25 08:00:12
48,전라남도,1999,4.467,18402.0,65.68,12177.0,2025-08-25 08:00:12
49,경상북도,1999,4.33,22301.0,72.31,15874.0,2025-08-25 08:00:12
50,경상남도,1999,4.059,20037.0,62.41,15062.0,2025-08-25 08:00:12
51,제주특별자치도,1999,4.233,19819.0,62.05,16139.0,2025-08-25 08:00:12
52,서울특별시,2000,2.936,19886.0,67.46,16012.0,2025-08-25 08:00:13
53,부산광역시,2000,4.023,16910.0,52.43,14854.0,2025-08-25 08:00:13
54,대구광역시,2000,4.831,23475.0,72.1,22468.0,2025-08-25 08:00:13
55,인천광역시,2000,2.965,20978.0,67.73,15154.0,2025-08-25 08:00:13
56,광주광역시,2000,4.297,14839.0,63.43,11012.0,2025-08-25 08:00:13
57,대전광역시,2000,4.754,25719.0,65.65,19413.0,2025-08-25 08:00:13
58,울산광역시,2000,3.213,24804.0,60.23,20771.0,2025-08-25 08:00:13
59,세종특별자치시,2000,4.194,25309.0,63.9,22579.0,2025-08-25 08:00:13
60,경기도,2000,4.242,17176.0,68.2,16201.0,2025-08-25 08:00:13
61,강원도,2000,4.524,23456.0,73.08,19802.0,2025-08-25 08:00:13
62,충청북도,2000,6.138,17600.0,65.88,12213.0,2025-08-25 08:00:13
63,충청남도,2000,3.294,14701.0,62.66,10603.0,2025-08-25 08:00:13
64,전라북도,2000,4.198,20714.0,71.53,17580.0,2025-08-25 08:00:13
65,전라남도,2000,3.245,17154.0,65.07,14302.0,2025-08-25 08:00:13
66,경상북도,2000,3.675,17309.0,67.64,12749.0,2025-08-25 08:00:13
67,경상남도,2000,4.761,17709.0,65.98,15348.0,2025-08-25 08:00:13
68,제주특별자치도,2000,3.879,17535.0,72.48,15804.0,2025-08-25 08:00:13
69,서울특별시,2001,3.389,18085.0,67.34,15020.0,2025-08-25 08:00:14
70,부산광역시,2001,4.164,16310.0,61.63,15116.0,2025-08-25 08:00:14
71,대구광역시,2001,3.722,25462.0,67.89,22151.0,2025-08-25 08:00:14
72,인천광역시,2001,3.237,15376.0,70.26,13605.0,2025-08-25 08:00:14
73,광주광역시,2001,4.786,28373.0,60.33,24275.0,2025-08-25 08:00:14
74,대전광역시,2001,4.288,18057.0,68.53,13000.0,2025-08-25 08:00:14
75,울산광역시,2001,4.238,27505.0,58.09,20508.0,2025-08-25 08:00:14
76,세종특별자치시,2001,4.654,22182.0,62.31,18166.0,2025-08-25 08:00:14
77,경기도,2001,4.396,23250.0,66.28,15960.0,2025-08-25 08:00:14
78,강원도,2001,4.081,20979.0,69.28,18154.0,2025-08-25 08:00:14
79,충청북도,2001,3.52,17181.0,72.15,15703.0,2025-08-25 08:00:14
80,충청남도,2001,4.463,24828.0,62.38,18642.0,2025-08-25 08:00:14
81,전라북도,2001,4.073,23170.0,72.12,15389.0,2025-08-25 08:00:14
82,전라남도,2001,4.693,23028.0,70.52,17647.0,2025-08-25 08:00:14
83,경상북도,2001,3.788,22580.0,65.12,18438.0,2025-08-25 08:00:14
84,경상남도,2001,4.258,22501.0,63.47,22525.0,2025-08-25 08:00:14
85,제주특별자치도,2001,3.942,18045.0,69.56,15640.0,2025-08-25 08:00:14
86,서울특별시,2002,3.516,10915.0,66.39,7230.0,2025-08-25 08:00:15
87,부산광역시,2002,4.572,25900.0,68.57,21765.0,2025-08-25 08:00:15
88,대구광역시,2002,3.745,20201.0,51.11,17249.0,2025-08-25 08:00:15
89,인천광역시,2002,4.135,24109.0,58.49,18700.0,2025-08-25 08:00:15
90,광주광역시,2002,3.842,15700.0,69.05,9326.0,2025-08-25 08:00:15
91,대전광역시,2002,3.502,26825.0,60.27,24199.0,2025-08-25 08:00:15
92,울산광역시,2002,2.865,21636.0,63.42,17495.0,2025-08-25 08:00:15
93,세종특별자치시,2002,3.776,17914.0,59.06,12948.0,2025-08-25 08:00:15
94,경기도,2002,4.667,21195.0,66.69,17148.0,2025-08-25 08:00:15
95,강원도,2002,3.831,24371.0,64.98,20854.0,2025-08-25 08:00:15
96,충청북도,2002,3.763,16882.0,61.72,13678.0,2025-08-25 08:00:15
97,충청남도,2002,3.616,24558.0,61.27,17758.0,2025-08-25 08:00:15
98,전라북도,2002,4.181,24927.0,60.91,18698.0,2025-08-25 08:00:15
99,전라남도,2002,4.323,18166.0,56.36,16195.0,2025-08-25 08:00:15
100,경상북도,2002,4.278,33504.0,63.81,26267.0,2025-08-25 08:00:15
101,경상남도,2002,4.093,28179.0,60.32,22903.0,2025-08-25 08:00:15
102,제주특별자치도,2002,4.159,21873.0,64.29,16149.0,2025-08-25 08:00:15
103,서울특별시,2003,4.117,24099.0,71.37,16944.0,2025-08-25 08:00:16
104,부산광역시,2003,3.558,22977.0,68.83,18419.0,2025-08-25 08:00:16
105,대구광역시,2003,4.136,25103.0,66.94,21413.0,2025-08-25 08:00:16
106,인천광역시,2003,3.838,25709.0,65.05,18982.0,2025-08-25 08:00:16
107,광주광역시,2003,5.604,26649.0,68.29,19452.0,2025-08-25 08:00:16
108,대전광역시,2003,4.969,27690.0,77.46,18329.0,2025-08-25 08:00:16
109,울산광역시,2003,3.768,22988.0,67.11,20396.0,2025-08-25 08:00:16
110,세종특별자치시,2003,4.916,28750.0,60.84,23322.0,2025-08-25 08:00:16
111,경기도,2003,4.685,26946.0,69.65,21039.0,2025-08-25 08:00:16
112,강원도,2003,4.681,25327.0,68.86,18311.0,2025-08-25 08:00:16
113,충청북도,2003,4.745,16954.0,65.5,13865.0,2025-08-25 08:00:16
114,충청남도,2003,4.17,21863.0,55.78,19285.0,2025-08-25 08:00:16
115,전라북도,2003,4.413,26238.0,67.95,23544.0,2025-08-25 08:00:16
116,전라남도,2003,4.167,23167.0,68.45,16321.0,2025-08-25 08:00:16
117,경상북도,2003,4.031,21955.0,63.82,15711.0,2025-08-25 08:00:16
118,경상남도,2003,3.629,24319.0,59.98,23357.0,2025-08-25 08:00:16
119,제주특별자치도,2003,4.234,18770.0,67.99,16272.0,2025-08-25 08:00:16
120,서울특별시,2004,3.9,28343.0,64.86,25682.0,2025-08-25 08:00:17
121,부산광역시,2004,4.208,28057.0,67.29,22619.0,2025-08-25 08:00:17
122,대구광역시,2004,4.417,24182.0,56.71,18341.0,2025-08-25 08:00:17
123,인천광역시,2004,3.249,24273.0,60.52,20760.0,2025-08-25 08:00:17
124,광주광역시,2004,3.792,23556.0,59.81,20751.0,2025-08-25 08:00:17
125,대전광역시,2004,3.514,28066.0,62.15,20373.0,2025-08-25 08:00:17
126,울산광역시,2004,3.726,33092.0,53.84,26293.0,2025-08-25 08:00:17
127,세종특별자치시,2004,3.505,25492.0,61.24,19555.0,2025-08-25 08:00:17
128,경기도,2004,5.138,21757.0,65.24,17213.0,2025-08-25 08:00:17
129,강원도,2004,4.586,27803.0,65.19,23781.0,2025-08-25 08:00:17
130,충청북도,2004,5.046,26152.0,63.79,17474.0,2025-08-25 08:00:17
131,충청남도,2004,4.204,27287.0,58.01,22520.0,2025-08-25 08:00:17
132,전라북도,2004,4.103,22118.0,66.27,17695.0,2025-08-25 08:00:17
133,전라남도,2004,4.281,26058.0,66.48,22195.0,2025-08-25 08:00:17
134,경상북도,2004,4.882,24775.0,75.88,21067.0,2025-08-25 08:00:17
135,경상남도,2004,4.02,20216.0,63.05,14322.0,2025-08-25 08:00:17
136,제주특별자치도,2004,4.473,24855.0,62.21,21227.0,2025-08-25 08:00:17
137,서울특별시,2005,4.192,19647.0,62.64,19131.0,2025-08-25 08:00:18
138,부산광역시,2005,4.069,30521.0,62.84,24779.0,2025-08-25 08:00:18
139,대구광역시,2005,3.444,24688.0,67.14,19243.0,2025-08-25 08:00:18
140,인천광역시,2005,3.996,20586.0,66.93,15749.0,2025-08-25 08:00:18
141,광주광역시,2005,4.462,24371.0,71.2,19185.0,2025-08-25 08:00:18
142,대전광역시,2005,3.84,25275.0,65.9,19403.0,2025-08-25 08:00:18
143,울산광역시,2005,4.612,25215.0,56.65,18235.0,2025-08-25 08:00:18
144,세종특별자치시,2005,3.717,26017.0,58.22,21361.0,2025-08-25 08:00:18
145,경기도,2005,4.46,27450.0,58.21,19135.0,2025-08-25 08:00:18
146,강원도,2005,4.22,27347.0,68.66,21428.0,2025-08-25 08:00:18
147,충청북도,2005,3.909,23516.0,66.66,19475.0,2025-08-25 08:00:18
148,충청남도,2005,5.181,12695.0,62.77,11014.0,2025-08-25 08:00:18
149,전라북도,2005,3.718,31891.0,64.1,27231.0,2025-08-25 08:00:18
150,전라남도,2005,3.852,22089.0,61.93,20737.0,2025-08-25 08:00:18
151,경상북도,2005,4.625,33836.0,58.22,24465.0,2025-08-25 08:00:18
152,경상남도,2005,4.42,31935.0,62.62,24800.0,2025-08-25 08:00:18
153,제주특별자치도,2005,5.077,25977.0,65.07,18849.0,2025-08-25 08:00:18
154,서울특별시,2006,4.88,23732.0,67.43,16776.0,2025-08-25 08:00:19
155,부산광역시,2006,3.654,28918.0,62.12,24791.0,2025-08-25 08:00:19
156,대구광역시,2006,4.701,34072.0,65.66,25021.0,2025-08-25 08:00:19
157,인천광역시,2006,4.043,20462.0,59.65,19555.0,2025-08-25 08:00:19
158,광주광역시,2006,3.635,31104.0,62.08,20743.0,2025-08-25 08:00:19
159,대전광역시,2006,4.774,26368.0,59.67,21284.0,2025-08-25 08:00:19
160,울산광역시,2006,3.126,27240.0,57.23,26621.0,2025-08-25 08:00:19
161,세종특별자치시,2006,4.3,36324.0,68.45,26680.0,2025-08-25 08:00:19
162,경기도,2006,4.408,15957.0,76.75,11362.0,2025-08-25 08:00:19
163,강원도,2006,5.164,26311.0,64.35,21134.0,2025-08-25 08:00:19
164,충청북도,2006,4.289,25233.0,71.63,18487.0,2025-08-25 08:00:19
165,충청남도,2006,4.443,26915.0,74.81,21878.0,2025-08-25 08:00:19
166,전라북도,2006,4.885,27967.0,53.48,21712.0,2025-08-25 08:00:19
167,전라남도,2006,5.176,24894.0,66.53,20867.0,2025-08-25 08:00:19
168,경상북도,2006,4.488,29197.0,60.13,23606.0,2025-08-25 08:00:19
169,경상남도,2006,4.079,22014.0,67.39,16809.0,2025-08-25 08:00:19
170,제주특별자치도,2006,3.87,22617.0,65.75,20684.0,2025-08-25 08:00:19
171,서울특별시,2007,5.061,27302.0,55.54,21322.0,2025-08-25 08:00:20
172,부산광역시,2007,5.18,23751.0,70.1,21001.0,2025-08-25 08:00:20
173,대구광역시,2007,4.798,25348.0,59.02,21357.0,2025-08-25 08:00:20
174,인천광역시,2007,4.426,27143.0,56.63,20824.0,2025-08-25 08:00:20
175,광주광역시,2007,6.18,26962.0,72.79,24413.0,2025-08-25 08:00:20
176,대전광역시,2007,4.084,19221.0,65.79,19392.0,2025-08-25 08:00:20
177,울산광역시,2007,4.578,30587.0,60.78,25201.0,2025-08-25 08:00:20
178,세종특별자치시,2007,4.276,30714.0,55.57,26235.0,2025-08-25 08:00:20
179,경기도,2007,4.874,25609.0,68.11,24420.0,2025-08-25 08:00:20
180,강원도,2007,4.804,25298.0,65.32,18172.0,2025-08-25 08:00:20
181,충청북도,2007,3.91,27022.0,68.64,19113.0,2025-08-25 08:00:20
182,충청남도,2007,4.589,26820.0,63.16,21109.0,2025-08-25 08:00:20
183,전라북도,2007,4.668,34182.0,60.29,31670.0,2025-08-25 08:00:20
184,전라남도,2007,3.144,25623.0,69.88,21332.0,2025-08-25 08:00:20
185,경상북도,2007,5.071,35653.0,69.83,30733.0,2025-08-25 08:00:20
186,경상남도,2007,4.609,29469.0,63.96,23407.0,2025-08-25 08:00:20
187,제주특별자치도,2007,5.12,29610.0,60.23,21743.0,2025-08-25 08:00:20
188,서울특별시,2008,4.604,25781.0,65.96,22546.0,2025-08-25 08:00:21
189,부산광역시,2008,4.055,30339.0,51.84,21491.0,2025-08-25 08:00:21
190,대구광역시,2008,5.568,29794.0,67.52,23401.0,2025-08-25 08:00:21
191,인천광역시,2008,3.879,36756.0,61.66,29822.0,2025-08-25 08:00:21
192,광주광역시,2008,3.684,16177.0,61.45,16990.0,2025-08-25 08:00:21
193,대전광역시,2008,4.711,29942.0,60.16,23305.0,2025-08-25 08:00:21
194,울산광역시,2008,3.945,19783.0,61.16,18055.0,2025-08-25 08:00:21
195,세종특별자치시,2008,3.919,26760.0,61.13,19415.0,2025-08-25 08:00:21
196,경기도,2008,4.541,26702.0,72.82,19750.0,2025-08-25 08:00:21
197,강원도,2008,4.006,18645.0,69.34,15533.0,2025-08-25 08:00:21
198,충청북도,2008,3.877,32251.0,64.15,26554.0,2025-08-25 08:00:21
199,충청남도,2008,3.612,23745.0,64.62,19352.0,2025-08-25 08:00:21
200,전라북도,2008,3.726,33616.0,72.86,26837.0,2025-08-25 08:00:21
201,전라남도,2008,4.074,30504.0,61.93,25757.0,2025-08-25 08:00:21
202,경상북도,2008,4.486,30837.0,64.56,24622.0,2025-08-25 08:00:21
203,경상남도,2008,5.221,31676.0,48.75,24954.0,2025-08-25 08:00:21
204,제주특별자치도,2008,3.785,35607.0,63.42,31407.0,2025-08-25 08:00:21
205,서울특별시,2009,4.448,23399.0,61.0,19410.0,2025-08-25 08:00:23
206,부산광역시,2009,3.554,26773.0,63.81,24076.0,2025-08-25 08:00:23
207,대구광역시,2009,3.305,32480.0,59.63,26260.0,2025-08-25 08:00:23
208,인천광역시,2009,5.078,27776.0,62.88,19677.0,2025-08-25 08:00:23
209,광주광역시,2009,4.458,36058.0,63.3,25359.0,2025-08-25 08:00:23
210,대전광역시,2009,4.022,32158.0,68.29,26470.0,2025-08-25 08:00:23
211,울산광역시,2009,4.432,23133.0,69.12,16701.0,2025-08-25 08:00:23
212,세종특별자치시,2009,4.084,31746.0,63.44,21719.0,2025-08-25 08:00:23
213,경기도,2009,3.64,28840.0,65.57,23838.0,2025-08-25 08:00:23
214,강원도,2009,4.854,25362.0,65.25,23107.0,2025-08-25 08:00:23
215,충청북도,2009,4.985,31152.0,61.74,22993.0,2025-08-25 08:00:23
216,충청남도,2009,3.429,30482.0,53.52,21218.0,2025-08-25 08:00:23
217,전라북도,2009,4.273,24516.0,63.79,20665.0,2025-08-25 08:00:23
218,전라남도,2009,3.964,27110.0,69.51,21163.0,2025-08-25 08:00:23
219,경상북도,2009,4.032,34123.0,71.43,28931.0,2025-08-25 08:00:23
220,경상남도,2009,5.186,32847.0,53.13,22404.0,2025-08-25 08:00:23
221,제주특별자치도,2009,3.146,34503.0,70.07,31712.0,2025-08-25 08:00:23
222,서울특별시,2010,3.174,21716.0,69.42,20080.0,2025-08-25 08:00:24
223,부산광역시,2010,4.736,35633.0,69.06,27502.0,2025-08-25 08:00:24
224,대구광역시,2010,3.951,30390.0,68.89,25085.0,2025-08-25 08:00:24
225,인천광역시,2010,3.802,24812.0,67.9,20449.0,2025-08-25 08:00:24
226,광주광역시,2010,4.132,27229.0,65.61,21405.0,2025-08-25 08:00:24
227,대전광역시,2010,5.109,26630.0,64.34,22262.0,2025-08-25 08:00:24
228,울산광역시,2010,4.386,30584.0,64.8,22693.0,2025-08-25 08:00:24
229,세종특별자치시,2010,3.896,38532.0,62.37,31410.0,2025-08-25 08:00:24
230,경기도,2010,3.848,28755.0,67.99,24710.0,2025-08-25 08:00:24
231,강원도,2010,4.692,41612.0,61.25,34557.0,2025-08-25 08:00:24
232,충청북도,2010,4.741,32412.0,71.83,24755.0,2025-08-25 08:00:24
233,충청남도,2010,5.014,27787.0,67.28,21247.0,2025-08-25 08:00:24
234,전라북도,2010,4.262,30510.0,70.91,25987.0,2025-08-25 08:00:24
235,전라남도,2010,4.431,28894.0,70.96,25175.0,2025-08-25 08:00:24
236,경상북도,2010,4.377,34984.0,76.66,27298.0,2025-08-25 08:00:24
237,경상남도,2010,4.209,26825.0,71.3,20188.0,2025-08-25 08:00:24
238,제주특별자치도,2010,4.828,28251.0,60.52,19337.0,2025-08-25 08:00:24
239,서울특별시,2011,4.691,25959.0,75.1,20136.0,2025-08-25 08:00:25
240,부산광역시,2011,4.377,23468.0,72.55,19668.0,2025-08-25 08:00:25
241,대구광역시,2011,4.506,33621.0,78.19,24346.0,2025-08-25 08:00:25
242,인천광역시,2011,4.662,26566.0,68.91,20338.0,2025-08-25 08:00:25
243,광주광역시,2011,4.488,38186.0,68.67,28018.0,2025-08-25 08:00:25
244,대전광역시,2011,4.927,29118.0,64.22,23750.0,2025-08-25 08:00:25
245,울산광역시,2011,4.249,31371.0,73.65,22328.0,2025-08-25 08:00:25
246,세종특별자치시,2011,4.275,26272.0,64.99,22587.0,2025-08-25 08:00:25
247,경기도,2011,4.894,32589.0,64.29,23074.0,2025-08-25 08:00:25
248,강원도,2011,4.234,30146.0,67.0,24616.0,2025-08-25 08:00:25
249,충청북도,2011,4.873,26796.0,67.0,20364.0,2025-08-25 08:00:25
250,충청남도,2011,4.733,32932.0,69.47,26550.0,2025-08-25 08:00:25
251,전라북도,2011,4.347,34830.0,66.92,28299.0,2025-08-25 08:00:25
252,전라남도,2011,4.681,29176.0,58.11,19885.0,2025-08-25 08:00:25
253,경상북도,2011,4.449,42144.0,67.04,38495.0,2025-08-25 08:00:25
254,경상남도,2011,4.701,26852.0,74.07,21047.0,2025-08-25 08:00:25
255,제주특별자치도,2011,3.704,22419.0,65.27,16914.0,2025-08-25 08:00:25
256,서울특별시,2012,5.223,32310.0,65.53,27184.0,2025-08-25 08:00:26
257,부산광역시,2012,4.788,33354.0,59.88,27088.0,2025-08-25 08:00:26
258,대구광역시,2012,4.417,29370.0,67.99,22582.0,2025-08-25 08:00:26
259,인천광역시,2012,4.609,27734.0,67.92,21121.0,2025-08-25 08:00:26
260,광주광역시,2012,3.573,39522.0,62.43,28807.0,2025-08-25 08:00:26
261,대전광역시,2012,4.746,42143.0,65.8,31230.0,2025-08-25 08:00:26
262,울산광역시,2012,4.604,33669.0,63.88,28990.0,2025-08-25 08:00:26
263,세종특별자치시,2012,4.246,34961.0,57.78,27504.0,2025-08-25 08:00:26
264,경기도,2012,4.644,33910.0,65.57,27463.0,2025-08-25 08:00:26
265,강원도,2012,4.439,36370.0,58.96,27192.0,2025-08-25 08:00:26
266,충청북도,2012,4.18,32704.0,77.13,24072.0,2025-08-25 08:00:26
267,충청남도,2012,4.712,28224.0,67.42,22025.0,2025-08-25 08:00:26
268,전라북도,2012,3.603,30446.0,53.73,26645.0,2025-08-25 08:00:26
269,전라남도,2012,5.139,30116.0,68.98,25685.0,2025-08-25 08:00:26
270,경상북도,2012,5.322,17659.0,66.51,11412.0,2025-08-25 08:00:26
271,경상남도,2012,4.115,28212.0,62.3,20446.0,2025-08-25 08:00:26
272,제주특별자치도,2012,5.045,36702.0,64.17,30624.0,2025-08-25 08:00:26
273,서울특별시,2013,4.73,32126.0,60.31,23028.0,2025-08-25 08:00:27
274,부산광역시,2013,4.133,34070.0,60.04,28704.0,2025-08-25 08:00:27
275,대구광역시,2013,5.528,38006.0,62.51,29057.0,2025-08-25 08:00:27
276,인천광역시,2013,4.807,35111.0,60.43,29942.0,2025-08-25 08:00:27
277,광주광역시,2013,4.007,36283.0,70.66,31112.0,2025-08-25 08:00:27
278,대전광역시,2013,4.073,21778.0,65.4,13869.0,2025-08-25 08:00:27
279,울산광역시,2013,4.74,21209.0,72.65,13737.0,2025-08-25 08:00:27
280,세종특별자치시,2013,4.818,27316.0,61.38,25919.0,2025-08-25 08:00:27
281,경기도,2013,3.659,34931.0,63.06,25408.0,2025-08-25 08:00:27
282,강원도,2013,4.679,41391.0,61.43,34751.0,2025-08-25 08:00:27
283,충청북도,2013,4.406,30195.0,58.67,27043.0,2025-08-25 08:00:27
284,충청남도,2013,4.256,35742.0,68.4,31135.0,2025-08-25 08:00:27
285,전라북도,2013,5.729,31799.0,62.43,21775.0,2025-08-25 08:00:27
286,전라남도,2013,4.036,31914.0,71.17,26827.0,2025-08-25 08:00:27
287,경상북도,2013,4.65,31923.0,59.0,27619.0,2025-08-25 08:00:27
288,경상남도,2013,5.598,30308.0,75.7,27955.0,2025-08-25 08:00:27
289,제주특별자치도,2013,5.087,25012.0,67.6,17401.0,2025-08-25 08:00:27
290,서울특별시,2014,4.926,45677.0,62.47,38709.0,2025-08-25 08:00:28
291,부산광역시,2014,5.099,36962.0,61.23,29252.0,2025-08-25 08:00:28
292,대구광역시,2014,5.271,37703.0,62.36,26853.0,2025-08-25 08:00:28
293,인천광역시,2014,4.576,33806.0,67.3,25632.0,2025-08-25 08:00:28
294,광주광역시,2014,3.652,38051.0,66.83,31608.0,2025-08-25 08:00:28
295,대전광역시,2014,4.719,34153.0,72.11,29414.0,2025-08-25 08:00:28
296,울산광역시,2014,5.889,30430.0,67.73,24020.0,2025-08-25 08:00:28
297,세종특별자치시,2014,5.019,37326.0,65.6,31465.0,2025-08-25 08:00:28
298,경기도,2014,5.121,36651.0,56.15,29961.0,2025-08-25 08:00:28
299,강원도,2014,4.673,45789.0,70.97,39088.0,2025-08-25 08:00:28
300,충청북도,2014,4.593,32744.0,72.78,24392.0,2025-08-25 08:00:28
301,충청남도,2014,4.244,34383.0,60.47,28307.0,2025-08-25 08:00:28
302,전라북도,2014,4.875,35575.0,70.94,24671.0,2025-08-25 08:00:28
303,전라남도,2014,4.83,32634.0,67.69,26792.0,2025-08-25 08:00:28
304,경상북도,2014,5.5,37263.0,65.14,29466.0,2025-08-25 08:00:28
305,경상남도,2014,4.252,34758.0,73.47,27733.0,2025-08-25 08:00:28
306,제주특별자치도,2014,4.191,31429.0,64.7,24817.0,2025-08-25 08:00:28
307,서울특별시,2015,4.691,36907.0,69.0,29381.0,2025-08-25 08:00:29
308,부산광역시,2015,4.67,31496.0,56.08,27046.0,2025-08-25 08:00:29
309,대구광역시,2015,4.95,34903.0,66.43,30002.0,2025-08-25 08:00:29
310,인천광역시,2015,4.457,28908.0,52.65,19800.0,2025-08-25 08:00:29
311,광주광역시,2015,3.572,35410.0,68.31,24689.0,2025-08-25 08:00:29
312,대전광역시,2015,3.716,45363.0,73.05,37305.0,2025-08-25 08:00:29
313,울산광역시,2015,4.946,36998.0,65.15,31259.0,2025-08-25 08:00:29
314,세종특별자치시,2015,4.258,29318.0,66.76,20275.0,2025-08-25 08:00:29
315,경기도,2015,4.034,44168.0,69.26,35443.0,2025-08-25 08:00:29
316,강원도,2015,4.125,23858.0,64.85,18162.0,2025-08-25 08:00:29
317,충청북도,2015,4.966,35556.0,60.53,30501.0,2025-08-25 08:00:29
318,충청남도,2015,3.892,28528.0,63.91,22620.0,2025-08-25 08:00:29
319,전라북도,2015,4.972,41315.0,63.71,34150.0,2025-08-25 08:00:29
320,전라남도,2015,5.215,37760.0,67.24,30982.0,2025-08-25 08:00:29
321,경상북도,2015,3.848,27569.0,68.94,24232.0,2025-08-25 08:00:29
322,경상남도,2015,4.818,41699.0,60.41,34258.0,2025-08-25 08:00:29
323,제주특별자치도,2015,4.998,36370.0,63.79,29650.0,2025-08-25 08:00:29
324,서울특별시,2016,4.947,31739.0,68.49,25306.0,2025-08-25 08:00:30
325,부산광역시,2016,5.316,32108.0,63.71,22889.0,2025-08-25 08:00:30
326,대구광역시,2016,3.995,37975.0,72.69,28245.0,2025-08-25 08:00:30
327,인천광역시,2016,4.341,38755.0,63.93,30711.0,2025-08-25 08:00:30
328,광주광역시,2016,4.513,31132.0,69.09,22041.0,2025-08-25 08:00:30
329,대전광역시,2016,4.674,40103.0,66.18,29369.0,2025-08-25 08:00:30
330,울산광역시,2016,4.598,26297.0,66.61,25000.0,2025-08-25 08:00:30
331,세종특별자치시,2016,4.871,28305.0,63.92,21702.0,2025-08-25 08:00:30
332,경기도,2016,6.023,33676.0,65.26,27856.0,2025-08-25 08:00:30
333,강원도,2016,4.634,33258.0,63.18,26452.0,2025-08-25 08:00:30
334,충청북도,2016,4.565,25822.0,67.85,19402.0,2025-08-25 08:00:30
335,충청남도,2016,5.074,33825.0,74.0,28242.0,2025-08-25 08:00:30
336,전라북도,2016,4.581,28980.0,67.01,20981.0,2025-08-25 08:00:30
337,전라남도,2016,5.036,49932.0,57.25,40260.0,2025-08-25 08:00:30
338,경상북도,2016,2.923,29877.0,67.79,24138.0,2025-08-25 08:00:30
339,경상남도,2016,4.165,38765.0,61.25,31618.0,2025-08-25 08:00:30
340,제주특별자치도,2016,4.709,29257.0,63.85,20941.0,2025-08-25 08:00:30
341,서울특별시,2017,5.328,43169.0,65.97,36766.0,2025-08-25 08:00:31
342,부산광역시,2017,4.984,30197.0,69.36,28117.0,2025-08-25 08:00:31
343,대구광역시,2017,4.382,33971.0,61.62,29440.0,2025-08-25 08:00:31
344,인천광역시,2017,3.909,31509.0,62.25,27897.0,2025-08-25 08:00:31
345,광주광역시,2017,4.043,41541.0,57.42,32265.0,2025-08-25 08:00:31
346,대전광역시,2017,4.921,37716.0,65.54,28448.0,2025-08-25 08:00:31
347,울산광역시,2017,3.353,34503.0,73.73,29567.0,2025-08-25 08:00:31
348,세종특별자치시,2017,4.904,43774.0,59.18,35189.0,2025-08-25 08:00:31
349,경기도,2017,3.386,33338.0,62.6,23595.0,2025-08-25 08:00:31
350,강원도,2017,5.056,43582.0,67.97,33269.0,2025-08-25 08:00:31
351,충청북도,2017,4.508,29382.0,64.43,25840.0,2025-08-25 08:00:31
352,충청남도,2017,3.992,38828.0,64.73,35661.0,2025-08-25 08:00:31
353,전라북도,2017,4.531,31598.0,68.44,21930.0,2025-08-25 08:00:31
354,전라남도,2017,4.112,26397.0,62.21,22526.0,2025-08-25 08:00:31
355,경상북도,2017,5.014,46918.0,61.9,39641.0,2025-08-25 08:00:31
356,경상남도,2017,3.386,36589.0,58.52,30980.0,2025-08-25 08:00:31
357,제주특별자치도,2017,3.863,40953.0,59.69,34878.0,2025-08-25 08:00:31
358,서울특별시,2018,4.114,29505.0,67.24,18315.0,2025-08-25 08:00:32
359,부산광역시,2018,4.105,52642.0,76.45,41949.0,2025-08-25 08:00:32
360,대구광역시,2018,4.865,49183.0,61.8,38270.0,2025-08-25 08:00:32
361,인천광역시,2018,3.862,35827.0,71.62,30104.0,2025-08-25 08:00:32
362,광주광역시,2018,4.537,32631.0,68.97,26533.0,2025-08-25 08:00:32
363,대전광역시,2018,4.211,29894.0,63.28,25701.0,2025-08-25 08:00:32
364,울산광역시,2018,4.345,32535.0,69.23,27242.0,2025-08-25 08:00:32
365,세종특별자치시,2018,4.481,35780.0,64.88,32536.0,2025-08-25 08:00:32
366,경기도,2018,5.391,29691.0,59.99,22036.0,2025-08-25 08:00:32
367,강원도,2018,5.086,56482.0,71.71,43767.0,2025-08-25 08:00:32
368,충청북도,2018,3.553,38435.0,63.65,31093.0,2025-08-25 08:00:32
369,충청남도,2018,4.077,39799.0,75.8,29405.0,2025-08-25 08:00:32
370,전라북도,2018,4.204,37650.0,63.88,29672.0,2025-08-25 08:00:32
371,전라남도,2018,4.563,39666.0,53.97,33212.0,2025-08-25 08:00:32
372,경상북도,2018,3.713,34870.0,56.47,27299.0,2025-08-25 08:00:32
373,경상남도,2018,4.569,33162.0,68.3,26440.0,2025-08-25 08:00:32
374,제주특별자치도,2018,4.244,40491.0,60.53,36085.0,2025-08-25 08:00:32
375,서울특별시,2019,5.033,36828.0,63.4,30740.0,2025-08-25 08:00:33
376,부산광역시,2019,4.519,32404.0,65.81,27615.0,2025-08-25 08:00:33
377,대구광역시,2019,4.192,59835.0,57.31,51018.0,2025-08-25 08:00:33
378,인천광역시,2019,4.083,39124.0,67.0,29910.0,2025-08-25 08:00:33
379,광주광역시,2019,4.53,44105.0,65.68,35093.0,2025-08-25 08:00:33
380,대전광역시,2019,4.006,32460.0,68.21,26063.0,2025-08-25 08:00:33
381,울산광역시,2019,3.891,36627.0,62.52,30187.0,2025-08-25 08:00:33
382,세종특별자치시,2019,4.455,30459.0,68.78,21758.0,2025-08-25 08:00:33
383,경기도,2019,3.702,38790.0,67.17,31846.0,2025-08-25 08:00:33
384,강원도,2019,3.878,40642.0,67.34,36127.0,2025-08-25 08:00:33
385,충청북도,2019,4.341,31422.0,62.36,23445.0,2025-08-25 08:00:33
386,충청남도,2019,5.235,48020.0,62.61,35778.0,2025-08-25 08:00:33
387,전라북도,2019,3.947,43116.0,62.19,33225.0,2025-08-25 08:00:33
388,전라남도,2019,3.327,34198.0,68.69,25824.0,2025-08-25 08:00:33
389,경상북도,2019,4.201,36454.0,65.96,27540.0,2025-08-25 08:00:33
390,경상남도,2019,5.203,31801.0,64.7,24255.0,2025-08-25 08:00:33
391,제주특별자치도,2019,4.192,27491.0,63.89,20525.0,2025-08-25 08:00:33
392,서울특별시,2020,3.929,32360.0,65.45,26247.0,2025-08-25 08:00:34
393,부산광역시,2020,4.497,32521.0,71.09,25872.0,2025-08-25 08:00:34
394,대구광역시,2020,4.911,48177.0,63.17,36564.0,2025-08-25 08:00:34
395,인천광역시,2020,4.482,40705.0,62.02,33614.0,2025-08-25 08:00:34
396,광주광역시,2020,3.715,31607.0,68.43,20786.0,2025-08-25 08:00:34
397,대전광역시,2020,3.962,40535.0,66.68,32890.0,2025-08-25 08:00:34
398,울산광역시,2020,4.551,29802.0,55.79,20796.0,2025-08-25 08:00:34
399,세종특별자치시,2020,4.222,42356.0,69.34,34368.0,2025-08-25 08:00:34
400,경기도,2020,4.225,37278.0,72.25,29912.0,2025-08-25 08:00:34
401,강원도,2020,4.862,57211.0,58.77,46284.0,2025-08-25 08:00:34
402,충청북도,2020,3.514,37078.0,58.7,31415.0,2025-08-25 08:00:34
403,충청남도,2020,5.238,35892.0,69.46,30043.0,2025-08-25 08:00:34
404,전라북도,2020,4.27,39621.0,69.07,30615.0,2025-08-25 08:00:34
405,전라남도,2020,3.819,36151.0,68.02,28950.0,2025-08-25 08:00:34
406,경상북도,2020,4.861,36886.0,71.58,29084.0,2025-08-25 08:00:34
407,경상남도,2020,4.378,31208.0,59.8,21994.0,2025-08-25 08:00:34
408,제주특별자치도,2020,4.367,44633.0,53.45,32880.0,2025-08-25 08:00:34
409,서울특별시,2021,3.988,40488.0,69.5,31983.0,2025-08-25 08:00:35
410,부산광역시,2021,4.044,42356.0,59.2,35850.0,2025-08-25 08:00:35
411,대구광역시,2021,4.749,36486.0,60.7,29839.0,2025-08-25 08:00:35
412,인천광역시,2021,4.363,37962.0,66.33,35284.0,2025-08-25 08:00:35
413,광주광역시,2021,5.099,50170.0,58.79,35694.0,2025-08-25 08:00:35
414,대전광역시,2021,3.852,39382.0,75.15,32447.0,2025-08-25 08:00:35
415,울산광역시,2021,5.04,42592.0,68.26,31991.0,2025-08-25 08:00:35
416,세종특별자치시,2021,4.52,38670.0,67.34,31451.0,2025-08-25 08:00:35
417,경기도,2021,4.049,53406.0,65.46,45536.0,2025-08-25 08:00:35
418,강원도,2021,5.259,39632.0,68.69,31370.0,2025-08-25 08:00:35
419,충청북도,2021,3.682,40504.0,64.72,33441.0,2025-08-25 08:00:35
420,충청남도,2021,4.359,31750.0,70.54,22845.0,2025-08-25 08:00:35
421,전라북도,2021,3.24,38342.0,63.42,27844.0,2025-08-25 08:00:35
422,전라남도,2021,4.84,48898.0,67.56,36914.0,2025-08-25 08:00:35
423,경상북도,2021,4.576,40291.0,64.76,31012.0,2025-08-25 08:00:35
424,경상남도,2021,4.418,35999.0,64.96,29349.0,2025-08-25 08:00:35
425,제주특별자치도,2021,4.944,45196.0,65.55,37652.0,2025-08-25 08:00:35
426,서울특별시,2022,3.699,52624.0,64.81,45023.0,2025-08-25 08:00:36
427,부산광역시,2022,4.423,38277.0,65.74,33596.0,2025-08-25 08:00:36
428,대구광역시,2022,4.036,50602.0,55.96,39282.0,2025-08-25 08:00:36
429,인천광역시,2022,4.888,52154.0,67.43,39220.0,2025-08-25 08:00:36
430,광주광역시,2022,3.386,47143.0,69.23,42165.0,2025-08-25 08:00:36
431,대전광역시,2022,2.816,32032.0,65.18,23476.0,2025-08-25 08:00:36
432,울산광역시,2022,3.461,43433.0,63.0,35537.0,2025-08-25 08:00:36
433,세종특별자치시,2022,4.544,51003.0,70.32,40243.0,2025-08-25 08:00:36
434,경기도,2022,5.045,45604.0,67.88,36912.0,2025-08-25 08:00:36
435,강원도,2022,5.179,42055.0,69.6,35095.0,2025-08-25 08:00:36
436,충청북도,2022,3.883,31807.0,57.76,27637.0,2025-08-25 08:00:36
437,충청남도,2022,5.039,44072.0,69.44,38203.0,2025-08-25 08:00:36
438,전라북도,2022,3.651,41620.0,76.08,32212.0,2025-08-25 08:00:36
439,전라남도,2022,4.888,33889.0,63.42,27651.0,2025-08-25 08:00:36
440,경상북도,2022,4.414,43173.0,58.0,36281.0,2025-08-25 08:00:36
441,경상남도,2022,4.955,43176.0,68.39,33682.0,2025-08-25 08:00:36
442,제주특별자치도,2022,3.847,42558.0,72.73,35464.0,2025-08-25 08:00:36
443,서울특별시,2023,5.893,28192.0,66.73,22423.0,2025-08-25 08:00:37
444,부산광역시,2023,3.875,38392.0,62.89,30592.0,2025-08-25 08:00:37
445,대구광역시,2023,5.073,41949.0,68.4,33950.0,2025-08-25 08:00:37
446,인천광역시,2023,4.622,37454.0,63.92,30727.0,2025-08-25 08:00:37
447,광주광역시,2023,4.085,40687.0,60.92,29132.0,2025-08-25 08:00:37
448,대전광역시,2023,4.394,35936.0,59.81,27500.0,2025-08-25 08:00:37
449,울산광역시,2023,3.826,44987.0,60.86,35629.0,2025-08-25 08:00:37
450,세종특별자치시,2023,5.84,41209.0,72.89,31975.0,2025-08-25 08:00:37
451,경기도,2023,3.698,28998.0,63.7,23003.0,2025-08-25 08:00:37
452,강원도,2023,4.561,39216.0,75.69,33969.0,2025-08-25 08:00:37
453,충청북도,2023,4.099,41959.0,71.72,33164.0,2025-08-25 08:00:37
454,충청남도,2023,4.757,26357.0,72.4,21046.0,2025-08-25 08:00:37
455,전라북도,2023,4.881,30840.0,58.79,23698.0,2025-08-25 08:00:37
456,전라남도,2023,4.565,43134.0,67.48,31939.0,2025-08-25 08:00:37
457,경상북도,2023,4.427,43912.0,58.7,34422.0,2025-08-25 08:00:37
458,경상남도,2023,4.472,36005.0,61.61,29324.0,2025-08-25 08:00:37
459,제주특별자치도,2023,4.094,34298.0,70.64,24646.0,2025-08-25 08:00:37
460,서울특별시,2024,4.088,37266.0,61.75,30180.0,2025-08-25 08:00:38
461,부산광역시,2024,3.887,42636.0,64.82,33037.0,2025-08-25 08:00:38
462,대구광역시,2024,3.091,35880.0,67.12,29133.0,2025-08-25 08:00:38
463,인천광역시,2024,4.369,41428.0,72.91,31995.0,2025-08-25 08:00:38
464,광주광역시,2024,4.269,39716.0,70.41,29897.0,2025-08-25 08:00:38
465,대전광역시,2024,4.347,44160.0,65.05,38032.0,2025-08-25 08:00:38
466,울산광역시,2024,3.394,35275.0,65.31,30924.0,2025-08-25 08:00:38
467,세종특별자치시,2024,4.13,32063.0,71.02,23733.0,2025-08-25 08:00:38
468,경기도,2024,4.349,41978.0,73.36,33448.0,2025-08-25 08:00:38
469,강원도,2024,3.377,47689.0,67.08,36413.0,2025-08-25 08:00:38
470,충청북도,2024,4.04,45526.0,60.9,35163.0,2025-08-25 08:00:38
471,충청남도,2024,3.764,34249.0,70.0,25806.0,2025-08-25 08:00:38
472,전라북도,2024,4.561,34126.0,68.54,26356.0,2025-08-25 08:00:38
473,전라남도,2024,3.5,44500.0,64.44,38523.0,2025-08-25 08:00:38
474,경상북도,2024,4.427,33412.0,69.82,26360.0,2025-08-25 08:00:38
475,경상남도,2024,3.593,50145.0,61.81,39142.0,2025-08-25 08:00:38
476,제주특별자치도,2024,4.535,36406.0,56.99,30189.0,2025-08-25 08:00:38
477,서울특별시,2025,4.632,42949.0,68.11,37259.0,2025-08-25 08:00:39
478,부산광역시,2025,4.282,51605.0,67.64,39960.0,2025-08-25 08:00:39
479,대구광역시,2025,4.117,44676.0,62.36,32852.0,2025-08-25 08:00:39
480,인천광역시,2025,3.682,32623.0,63.46,25151.0,2025-08-25 08:00:39
481,광주광역시,2025,4.611,53489.0,63.68,40946.0,2025-08-25 08:00:39
482,대전광역시,2025,3.936,46565.0,65.64,38175.0,2025-08-25 08:00:39
483,울산광역시,2025,4.859,37245.0,65.7,31691.0,2025-08-25 08:00:39
484,세종특별자치시,2025,4.631,38475.0,64.02,31923.0,2025-08-25 08:00:39
485,경기도,2025,3.712,49188.0,76.17,37369.0,2025-08-25 08:00:39
486,강원도,2025,3.609,44635.0,64.8,37591.0,2025-08-25 08:00:39
487,충청북도,2025,4.025,47477.0,57.68,39061.0,2025-08-25 08:00:39
488,충청남도,2025,4.134,42892.0,58.74,34098.0,2025-08-25 08:00:39
489,전라북도,2025,3.003,43735.0,64.63,36864.0,2025-08-25 08:00:39
490,전라남도,2025,3.743,42311.0,75.88,33311.0,2025-08-25 08:00:39
491,경상북도,2025,4.534,49566.0,64.34,41905.0,2025-08-25 08:00:39
492,경상남도,2025,3.604,37478.0,62.24,28614.0,2025-08-25 08:00:39
493,제주특별자치도,2025,3.838,39626.0,59.68,32847.0,2025-08-25 08:00:39
494,서울특별시,1997,3.242,21121.0,60.51,16909.0,2025-08-27 08:55:57
495,부산광역시,1997,3.095,19760.0,67.24,10877.0,2025-08-27 08:55:57
496,대구광역시,1997,3.717,15376.0,68.56,12380.0,2025-08-27 08:55:57
497,인천광역시,1997,4.91,15437.0,58.49,10202.0,2025-08-27 08:55:57
498,광주광역시,1997,3.479,14467.0,59.79,15414.0,2025-08-27 08:55:57
499,대전광역시,1997,3.782,16038.0,63.91,11589.0,2025-08-27 08:55:57
500,울산광역시,1997,4.186,20029.0,67.91,14910.0,2025-08-27 08:55:57
501,세종특별자치시,1997,4.089,18029.0,59.65,14691.0,2025-08-27 08:55:57
502,경기도,1997,3.866,19221.0,68.98,17180.0,2025-08-27 08:55:57
503,강원도,1997,3.113,21068.0,63.25,15833.0,2025-08-27 08:55:57
504,충청북도,1997,4.192,14724.0,76.17,11327.0,2025-08-27 08:55:57
505,충청남도,1997,4.492,18145.0,67.12,15592.0,2025-08-27 08:55:57
506,전라북도,1997,4.412,16128.0,55.6,13963.0,2025-08-27 08:55:57
507,전라남도,1997,4.259,19755.0,70.1,12433.0,2025-08-27 08:55:57
508,경상북도,1997,3.975,11783.0,61.84,9286.0,2025-08-27 08:55:57
509,경상남도,1997,4.129,20039.0,57.26,14179.0,2025-08-27 08:55:57
510,제주특별자치도,1997,4.243,17241.0,62.16,14911.0,2025-08-27 08:55:57
511,서울특별시,1998,3.358,19809.0,64.21,18788.0,2025-08-27 08:55:58
512,부산광역시,1998,4.048,17446.0,69.71,15694.0,2025-08-27 08:55:58
513,대구광역시,1998,5.045,18818.0,57.52,15935.0,2025-08-27 08:55:58
514,인천광역시,1998,3.94,19502.0,61.74,12971.0,2025-08-27 08:55:58
515,광주광역시,1998,5.392,20815.0,66.38,20533.0,2025-08-27 08:55:58
516,대전광역시,1998,3.997,21281.0,66.55,16316.0,2025-08-27 08:55:58
517,울산광역시,1998,3.5,18247.0,62.76,14044.0,2025-08-27 08:55:58
518,세종특별자치시,1998,3.972,19074.0,65.04,15874.0,2025-08-27 08:55:58
519,경기도,1998,3.978,18262.0,68.13,14577.0,2025-08-27 08:55:58
520,강원도,1998,4.267,22724.0,67.05,17128.0,2025-08-27 08:55:58
521,충청북도,1998,4.259,14079.0,64.42,11914.0,2025-08-27 08:55:58
522,충청남도,1998,4.147,11973.0,61.06,6304.0,2025-08-27 08:55:58
523,전라북도,1998,4.181,17608.0,70.37,14704.0,2025-08-27 08:55:58
524,전라남도,1998,4.097,19454.0,65.34,15874.0,2025-08-27 08:55:58
525,경상북도,1998,3.142,15980.0,64.95,13056.0,2025-08-27 08:55:58
526,경상남도,1998,3.346,23753.0,71.76,17027.0,2025-08-27 08:55:58
527,제주특별자치도,1998,4.618,25389.0,69.41,17035.0,2025-08-27 08:55:58
528,서울특별시,1999,4.415,21549.0,57.38,20382.0,2025-08-27 08:55:59
529,부산광역시,1999,4.369,16025.0,62.52,11236.0,2025-08-27 08:55:59
530,대구광역시,1999,4.706,20788.0,72.89,16164.0,2025-08-27 08:55:59
531,인천광역시,1999,3.367,22910.0,68.76,20058.0,2025-08-27 08:55:59
532,광주광역시,1999,3.797,19088.0,68.03,16376.0,2025-08-27 08:55:59
533,대전광역시,1999,4.454,26191.0,64.16,20825.0,2025-08-27 08:55:59
534,울산광역시,1999,3.679,16965.0,69.48,15426.0,2025-08-27 08:55:59
535,세종특별자치시,1999,4.605,16230.0,63.85,10776.0,2025-08-27 08:55:59
536,경기도,1999,5.147,20129.0,61.74,16190.0,2025-08-27 08:55:59
537,강원도,1999,4.139,23782.0,62.94,17440.0,2025-08-27 08:55:59
538,충청북도,1999,3.81,20036.0,66.16,18368.0,2025-08-27 08:55:59
539,충청남도,1999,4.311,21659.0,64.08,16078.0,2025-08-27 08:55:59
540,전라북도,1999,3.754,19426.0,73.83,14230.0,2025-08-27 08:55:59
541,전라남도,1999,3.236,19052.0,62.95,16379.0,2025-08-27 08:55:59
542,경상북도,1999,4.31,19491.0,65.45,16601.0,2025-08-27 08:55:59
543,경상남도,1999,3.989,22701.0,65.33,20708.0,2025-08-27 08:55:59
544,제주특별자치도,1999,3.209,18876.0,68.02,14917.0,2025-08-27 08:55:59
545,서울특별시,2000,4.077,21908.0,64.27,19638.0,2025-08-27 08:56:00
546,부산광역시,2000,3.816,21060.0,66.88,19915.0,2025-08-27 08:56:00
547,대구광역시,2000,4.765,23158.0,72.47,22122.0,2025-08-27 08:56:00
548,인천광역시,2000,3.72,21465.0,67.62,16302.0,2025-08-27 08:56:00
549,광주광역시,2000,3.711,22427.0,74.27,17368.0,2025-08-27 08:56:00
550,대전광역시,2000,4.151,22143.0,69.62,20399.0,2025-08-27 08:56:00
551,울산광역시,2000,4.746,24845.0,63.61,21431.0,2025-08-27 08:56:00
552,세종특별자치시,2000,4.179,22843.0,65.99,16564.0,2025-08-27 08:56:00
553,경기도,2000,5.182,22487.0,66.78,14332.0,2025-08-27 08:56:00
554,강원도,2000,3.772,25806.0,71.29,22593.0,2025-08-27 08:56:00
555,충청북도,2000,3.763,18763.0,61.15,19690.0,2025-08-27 08:56:00
556,충청남도,2000,4.292,19037.0,72.45,16285.0,2025-08-27 08:56:00
557,전라북도,2000,3.973,20085.0,62.87,16711.0,2025-08-27 08:56:00
558,전라남도,2000,5.202,17031.0,73.05,11928.0,2025-08-27 08:56:00
559,경상북도,2000,2.958,18174.0,64.41,15162.0,2025-08-27 08:56:00
560,경상남도,2000,4.934,19891.0,55.21,15733.0,2025-08-27 08:56:00
561,제주특별자치도,2000,4.319,23644.0,65.82,19460.0,2025-08-27 08:56:00
562,서울특별시,2001,3.083,17387.0,60.65,10922.0,2025-08-27 08:56:01
563,부산광역시,2001,4.794,23436.0,68.43,19363.0,2025-08-27 08:56:01
564,대구광역시,2001,3.76,29392.0,68.29,24451.0,2025-08-27 08:56:01
565,인천광역시,2001,4.89,24178.0,64.75,20273.0,2025-08-27 08:56:01
566,광주광역시,2001,4.096,25244.0,68.38,14469.0,2025-08-27 08:56:01
567,대전광역시,2001,4.482,23578.0,61.01,17832.0,2025-08-27 08:56:01
568,울산광역시,2001,4.351,27502.0,71.7,20175.0,2025-08-27 08:56:01
569,세종특별자치시,2001,3.862,22739.0,71.43,15959.0,2025-08-27 08:56:01
570,경기도,2001,3.955,17265.0,64.18,14934.0,2025-08-27 08:56:01
571,강원도,2001,4.209,23091.0,67.53,17672.0,2025-08-27 08:56:01
572,충청북도,2001,4.484,24314.0,57.88,17487.0,2025-08-27 08:56:01
573,충청남도,2001,3.216,19680.0,72.71,13719.0,2025-08-27 08:56:01
574,전라북도,2001,4.194,17804.0,62.58,14466.0,2025-08-27 08:56:01
575,전라남도,2001,3.085,21264.0,65.27,16834.0,2025-08-27 08:56:01
576,경상북도,2001,4.539,13033.0,69.96,14589.0,2025-08-27 08:56:01
577,경상남도,2001,3.695,26975.0,71.51,21080.0,2025-08-27 08:56:01
578,제주특별자치도,2001,4.528,19685.0,65.11,17991.0,2025-08-27 08:56:01
579,서울특별시,2002,3.782,26756.0,51.94,19480.0,2025-08-27 08:56:02
580,부산광역시,2002,3.557,20107.0,61.73,15555.0,2025-08-27 08:56:02
581,대구광역시,2002,4.293,20502.0,63.36,14911.0,2025-08-27 08:56:02
582,인천광역시,2002,3.735,15923.0,61.71,12408.0,2025-08-27 08:56:02
583,광주광역시,2002,4.936,22352.0,61.47,20187.0,2025-08-27 08:56:02
584,대전광역시,2002,4.964,23712.0,70.8,20643.0,2025-08-27 08:56:02
585,울산광역시,2002,4.521,24349.0,59.44,20910.0,2025-08-27 08:56:02
586,세종특별자치시,2002,5.177,22990.0,62.63,16345.0,2025-08-27 08:56:02
587,경기도,2002,5.207,21166.0,71.79,17873.0,2025-08-27 08:56:02
588,강원도,2002,3.668,22484.0,61.04,18023.0,2025-08-27 08:56:02
589,충청북도,2002,3.477,21107.0,57.5,15836.0,2025-08-27 08:56:02
590,충청남도,2002,3.869,24516.0,73.52,17147.0,2025-08-27 08:56:02
591,전라북도,2002,4.572,19286.0,62.36,16998.0,2025-08-27 08:56:02
592,전라남도,2002,4.332,22767.0,61.71,20555.0,2025-08-27 08:56:02
593,경상북도,2002,3.789,31741.0,69.01,26394.0,2025-08-27 08:56:02
594,경상남도,2002,5.229,28732.0,67.27,20818.0,2025-08-27 08:56:02
595,제주특별자치도,2002,3.51,23402.0,62.31,20617.0,2025-08-27 08:56:02
596,서울특별시,2003,4.983,22870.0,72.1,21786.0,2025-08-27 08:56:03
597,부산광역시,2003,3.885,23296.0,67.76,21033.0,2025-08-27 08:56:03
598,대구광역시,2003,4.2,25289.0,72.73,20873.0,2025-08-27 08:56:03
599,인천광역시,2003,3.411,22661.0,69.51,20332.0,2025-08-27 08:56:03
600,광주광역시,2003,4.714,18796.0,67.36,13581.0,2025-08-27 08:56:03
601,대전광역시,2003,3.102,27169.0,63.18,23807.0,2025-08-27 08:56:03
602,울산광역시,2003,4.113,32488.0,64.24,28085.0,2025-08-27 08:56:03
603,세종특별자치시,2003,3.809,28800.0,60.45,21658.0,2025-08-27 08:56:03
604,경기도,2003,4.752,21377.0,60.91,19793.0,2025-08-27 08:56:03
605,강원도,2003,4.129,24919.0,60.76,21887.0,2025-08-27 08:56:03
606,충청북도,2003,4.044,25607.0,66.12,19125.0,2025-08-27 08:56:03
607,충청남도,2003,4.005,19678.0,61.55,14111.0,2025-08-27 08:56:03
608,전라북도,2003,4.492,13075.0,64.95,11371.0,2025-08-27 08:56:03
609,전라남도,2003,4.655,21317.0,65.32,16976.0,2025-08-27 08:56:03
610,경상북도,2003,4.801,21874.0,60.16,17845.0,2025-08-27 08:56:03
611,경상남도,2003,4.411,19705.0,56.73,18926.0,2025-08-27 08:56:03
612,제주특별자치도,2003,3.373,19774.0,59.66,14897.0,2025-08-27 08:56:03
613,서울특별시,2004,4.01,28208.0,67.09,24879.0,2025-08-27 08:56:04
614,부산광역시,2004,3.99,21766.0,59.14,15725.0,2025-08-27 08:56:04
615,대구광역시,2004,3.959,22261.0,66.9,15772.0,2025-08-27 08:56:04
616,인천광역시,2004,4.224,22357.0,67.81,18657.0,2025-08-27 08:56:04
617,광주광역시,2004,4.441,23918.0,65.28,18048.0,2025-08-27 08:56:04
618,대전광역시,2004,5.47,23855.0,61.43,18864.0,2025-08-27 08:56:04
619,울산광역시,2004,5.536,20116.0,70.6,17415.0,2025-08-27 08:56:04
620,세종특별자치시,2004,5.16,20249.0,74.66,18604.0,2025-08-27 08:56:04
621,경기도,2004,5.187,26739.0,66.42,23194.0,2025-08-27 08:56:04
622,강원도,2004,5.082,25276.0,64.17,18221.0,2025-08-27 08:56:04
623,충청북도,2004,3.358,25859.0,60.45,19363.0,2025-08-27 08:56:04
624,충청남도,2004,4.184,25282.0,61.4,18138.0,2025-08-27 08:56:04
625,전라북도,2004,4.386,27470.0,65.59,23400.0,2025-08-27 08:56:04
626,전라남도,2004,3.603,27670.0,62.85,19801.0,2025-08-27 08:56:04
627,경상북도,2004,3.634,36951.0,53.16,27763.0,2025-08-27 08:56:04
628,경상남도,2004,3.794,26831.0,68.36,18496.0,2025-08-27 08:56:04
629,제주특별자치도,2004,5.144,25244.0,65.95,19695.0,2025-08-27 08:56:04
630,서울특별시,2005,5.412,36209.0,72.26,32029.0,2025-08-27 08:56:05
631,부산광역시,2005,4.008,35456.0,61.46,29987.0,2025-08-27 08:56:05
632,대구광역시,2005,5.266,28373.0,65.42,22799.0,2025-08-27 08:56:05
633,인천광역시,2005,3.555,28281.0,69.5,19306.0,2025-08-27 08:56:05
634,광주광역시,2005,4.496,25657.0,66.18,22183.0,2025-08-27 08:56:05
635,대전광역시,2005,4.501,27865.0,55.42,20365.0,2025-08-27 08:56:05
636,울산광역시,2005,4.284,27016.0,72.38,23083.0,2025-08-27 08:56:05
637,세종특별자치시,2005,4.192,38465.0,65.52,29552.0,2025-08-27 08:56:05
638,경기도,2005,3.939,28291.0,70.3,21328.0,2025-08-27 08:56:05
639,강원도,2005,4.181,32216.0,60.97,25743.0,2025-08-27 08:56:05
640,충청북도,2005,4.546,20228.0,70.28,14747.0,2025-08-27 08:56:05
641,충청남도,2005,4.213,23960.0,74.65,20810.0,2025-08-27 08:56:05
642,전라북도,2005,4.946,19964.0,63.36,14815.0,2025-08-27 08:56:05
643,전라남도,2005,4.538,20765.0,71.09,16769.0,2025-08-27 08:56:05
644,경상북도,2005,4.801,20807.0,59.94,16139.0,2025-08-27 08:56:05
645,경상남도,2005,4.502,23936.0,63.59,18268.0,2025-08-27 08:56:05
646,제주특별자치도,2005,4.199,27273.0,62.85,21760.0,2025-08-27 08:56:05
647,서울특별시,2006,4.234,24893.0,69.24,20350.0,2025-08-27 08:56:06
648,부산광역시,2006,5.35,21194.0,68.72,18766.0,2025-08-27 08:56:06
649,대구광역시,2006,4.194,12299.0,63.6,8112.0,2025-08-27 08:56:06
650,인천광역시,2006,3.988,31949.0,70.98,27449.0,2025-08-27 08:56:06
651,광주광역시,2006,4.632,24788.0,67.27,18790.0,2025-08-27 08:56:06
652,대전광역시,2006,4.537,27054.0,64.5,21503.0,2025-08-27 08:56:06
653,울산광역시,2006,3.357,29017.0,64.25,19599.0,2025-08-27 08:56:06
654,세종특별자치시,2006,4.123,25660.0,66.68,21353.0,2025-08-27 08:56:06
655,경기도,2006,4.128,30344.0,64.82,19882.0,2025-08-27 08:56:06
656,강원도,2006,5.289,28356.0,65.73,20456.0,2025-08-27 08:56:06
657,충청북도,2006,3.949,30330.0,61.68,24029.0,2025-08-27 08:56:06
658,충청남도,2006,4.631,30197.0,69.09,23921.0,2025-08-27 08:56:06
659,전라북도,2006,3.886,31465.0,56.91,24942.0,2025-08-27 08:56:06
660,전라남도,2006,4.107,31537.0,64.14,24106.0,2025-08-27 08:56:06
661,경상북도,2006,4.202,23633.0,69.47,21387.0,2025-08-27 08:56:06
662,경상남도,2006,4.851,24108.0,75.88,17880.0,2025-08-27 08:56:06
663,제주특별자치도,2006,4.346,23553.0,69.03,21038.0,2025-08-27 08:56:06
664,서울특별시,2007,2.919,30068.0,63.3,21374.0,2025-08-27 08:56:07
665,부산광역시,2007,5.091,27569.0,62.84,24394.0,2025-08-27 08:56:07
666,대구광역시,2007,4.075,31950.0,64.12,22755.0,2025-08-27 08:56:07
667,인천광역시,2007,4.435,35874.0,63.37,29882.0,2025-08-27 08:56:07
668,광주광역시,2007,3.882,35894.0,66.2,27858.0,2025-08-27 08:56:07
669,대전광역시,2007,4.137,34646.0,65.07,29925.0,2025-08-27 08:56:07
670,울산광역시,2007,4.699,29956.0,69.67,21682.0,2025-08-27 08:56:07
671,세종특별자치시,2007,3.985,29807.0,60.75,28786.0,2025-08-27 08:56:07
672,경기도,2007,4.336,25016.0,66.08,22896.0,2025-08-27 08:56:07
673,강원도,2007,4.971,27639.0,64.5,23550.0,2025-08-27 08:56:07
674,충청북도,2007,4.411,29476.0,66.7,22005.0,2025-08-27 08:56:07
675,충청남도,2007,4.298,28695.0,70.23,21675.0,2025-08-27 08:56:07
676,전라북도,2007,4.443,23291.0,62.84,17812.0,2025-08-27 08:56:07
677,전라남도,2007,3.76,32267.0,70.74,26603.0,2025-08-27 08:56:07
678,경상북도,2007,4.634,20115.0,73.44,16022.0,2025-08-27 08:56:07
679,경상남도,2007,5.351,20971.0,72.86,17886.0,2025-08-27 08:56:07
680,제주특별자치도,2007,4.12,19687.0,59.28,14877.0,2025-08-27 08:56:07
681,서울특별시,2008,4.285,29786.0,66.52,27675.0,2025-08-27 08:56:09
682,부산광역시,2008,4.465,21119.0,65.26,12417.0,2025-08-27 08:56:09
683,대구광역시,2008,3.817,24040.0,60.53,20261.0,2025-08-27 08:56:09
684,인천광역시,2008,3.738,20391.0,59.62,12614.0,2025-08-27 08:56:09
685,광주광역시,2008,4.418,25804.0,64.42,19732.0,2025-08-27 08:56:09
686,대전광역시,2008,5.769,22490.0,71.46,17559.0,2025-08-27 08:56:09
687,울산광역시,2008,6.094,28319.0,55.14,21135.0,2025-08-27 08:56:09
688,세종특별자치시,2008,5.227,23882.0,63.45,20060.0,2025-08-27 08:56:09
689,경기도,2008,5.39,20544.0,63.71,18112.0,2025-08-27 08:56:09
690,강원도,2008,4.801,23908.0,61.91,20218.0,2025-08-27 08:56:09
691,충청북도,2008,4.658,26524.0,66.95,20310.0,2025-08-27 08:56:09
692,충청남도,2008,4.785,20073.0,65.59,16737.0,2025-08-27 08:56:09
693,전라북도,2008,4.775,29283.0,58.54,22479.0,2025-08-27 08:56:09
694,전라남도,2008,4.408,25762.0,60.67,22559.0,2025-08-27 08:56:09
695,경상북도,2008,4.728,25094.0,69.51,22525.0,2025-08-27 08:56:09
696,경상남도,2008,4.947,28706.0,64.55,20234.0,2025-08-27 08:56:09
697,제주특별자치도,2008,5.77,21673.0,56.28,17846.0,2025-08-27 08:56:09
698,서울특별시,2009,3.945,35938.0,64.67,28178.0,2025-08-27 08:56:10
699,부산광역시,2009,4.561,34338.0,57.69,28088.0,2025-08-27 08:56:10
700,대구광역시,2009,5.385,18790.0,67.0,13961.0,2025-08-27 08:56:10
701,인천광역시,2009,5.155,41828.0,63.37,34358.0,2025-08-27 08:56:10
702,광주광역시,2009,4.488,25589.0,62.99,22202.0,2025-08-27 08:56:10
703,대전광역시,2009,4.341,31277.0,57.2,24611.0,2025-08-27 08:56:10
704,울산광역시,2009,4.535,32845.0,72.48,23369.0,2025-08-27 08:56:10
705,세종특별자치시,2009,4.696,28973.0,67.5,19354.0,2025-08-27 08:56:10
706,경기도,2009,4.441,30626.0,72.25,24396.0,2025-08-27 08:56:10
707,강원도,2009,4.36,30068.0,66.05,25152.0,2025-08-27 08:56:10
708,충청북도,2009,4.837,29374.0,52.16,24327.0,2025-08-27 08:56:10
709,충청남도,2009,4.342,30116.0,65.17,24906.0,2025-08-27 08:56:10
710,전라북도,2009,5.266,29510.0,58.62,23914.0,2025-08-27 08:56:10
711,전라남도,2009,4.816,28602.0,58.47,22404.0,2025-08-27 08:56:10
712,경상북도,2009,4.782,26549.0,65.0,21060.0,2025-08-27 08:56:10
713,경상남도,2009,4.447,31806.0,53.49,26133.0,2025-08-27 08:56:10
714,제주특별자치도,2009,3.828,27889.0,70.85,21949.0,2025-08-27 08:56:10
715,서울특별시,2010,4.114,32649.0,64.7,27018.0,2025-08-27 08:56:11
716,부산광역시,2010,3.97,23668.0,64.37,15928.0,2025-08-27 08:56:11
717,대구광역시,2010,3.726,31594.0,60.11,25492.0,2025-08-27 08:56:11
718,인천광역시,2010,5.656,27096.0,55.67,25684.0,2025-08-27 08:56:11
719,광주광역시,2010,4.473,24927.0,61.23,19842.0,2025-08-27 08:56:11
720,대전광역시,2010,4.405,23327.0,64.08,17755.0,2025-08-27 08:56:11
721,울산광역시,2010,4.39,27828.0,60.97,22464.0,2025-08-27 08:56:11
722,세종특별자치시,2010,3.782,37482.0,67.1,30214.0,2025-08-27 08:56:11
723,경기도,2010,3.882,35979.0,69.38,29115.0,2025-08-27 08:56:11
724,강원도,2010,4.515,20886.0,55.46,13107.0,2025-08-27 08:56:11
725,충청북도,2010,3.935,28555.0,64.91,22739.0,2025-08-27 08:56:11
726,충청남도,2010,4.903,34294.0,63.57,25462.0,2025-08-27 08:56:11
727,전라북도,2010,5.952,32421.0,65.06,28434.0,2025-08-27 08:56:11
728,전라남도,2010,3.998,31090.0,65.17,26878.0,2025-08-27 08:56:11
729,경상북도,2010,4.047,31884.0,69.37,25202.0,2025-08-27 08:56:11
730,경상남도,2010,3.577,28644.0,67.68,26405.0,2025-08-27 08:56:11
731,제주특별자치도,2010,4.288,30935.0,67.22,25744.0,2025-08-27 08:56:11
732,서울특별시,2011,4.946,42601.0,77.47,33144.0,2025-08-27 08:56:12
733,부산광역시,2011,4.773,28868.0,58.69,23058.0,2025-08-27 08:56:12
734,대구광역시,2011,5.086,31856.0,60.63,27108.0,2025-08-27 08:56:12
735,인천광역시,2011,4.487,29558.0,72.76,23048.0,2025-08-27 08:56:12
736,광주광역시,2011,4.558,38159.0,74.19,28885.0,2025-08-27 08:56:12
737,대전광역시,2011,4.55,24490.0,51.9,20250.0,2025-08-27 08:56:12
738,울산광역시,2011,4.267,36532.0,65.19,29290.0,2025-08-27 08:56:12
739,세종특별자치시,2011,4.11,24670.0,61.19,16331.0,2025-08-27 08:56:12
740,경기도,2011,4.762,33646.0,66.62,26408.0,2025-08-27 08:56:12
741,강원도,2011,4.134,27598.0,67.34,23890.0,2025-08-27 08:56:12
742,충청북도,2011,5.522,41071.0,65.82,33710.0,2025-08-27 08:56:12
743,충청남도,2011,4.965,30333.0,55.83,25073.0,2025-08-27 08:56:12
744,전라북도,2011,4.455,31267.0,64.61,23595.0,2025-08-27 08:56:12
745,전라남도,2011,5.404,28659.0,62.28,27348.0,2025-08-27 08:56:12
746,경상북도,2011,3.466,33914.0,63.06,29955.0,2025-08-27 08:56:12
747,경상남도,2011,5.265,27085.0,67.17,20569.0,2025-08-27 08:56:12
748,제주특별자치도,2011,5.001,27911.0,60.11,21278.0,2025-08-27 08:56:12
749,서울특별시,2012,3.935,31985.0,65.82,23855.0,2025-08-27 08:56:13
750,부산광역시,2012,4.349,31035.0,63.23,24500.0,2025-08-27 08:56:13
751,대구광역시,2012,4.562,25574.0,65.23,21994.0,2025-08-27 08:56:13
752,인천광역시,2012,4.564,32652.0,66.61,26195.0,2025-08-27 08:56:13
753,광주광역시,2012,4.55,21847.0,66.13,15910.0,2025-08-27 08:56:13
754,대전광역시,2012,3.783,28439.0,65.56,25891.0,2025-08-27 08:56:13
755,울산광역시,2012,5.108,38568.0,68.31,28530.0,2025-08-27 08:56:13
756,세종특별자치시,2012,4.694,42259.0,66.43,32051.0,2025-08-27 08:56:13
757,경기도,2012,5.375,29059.0,59.51,24267.0,2025-08-27 08:56:13
758,강원도,2012,4.926,39446.0,65.15,31656.0,2025-08-27 08:56:13
759,충청북도,2012,4.826,35837.0,64.17,29261.0,2025-08-27 08:56:13
760,충청남도,2012,4.201,33746.0,63.73,24238.0,2025-08-27 08:56:13
761,전라북도,2012,4.293,31237.0,52.59,23421.0,2025-08-27 08:56:13
762,전라남도,2012,4.207,34692.0,57.71,26525.0,2025-08-27 08:56:13
763,경상북도,2012,4.286,33647.0,70.01,26829.0,2025-08-27 08:56:13
764,경상남도,2012,3.894,41620.0,68.52,35771.0,2025-08-27 08:56:13
765,제주특별자치도,2012,4.17,31405.0,62.93,27591.0,2025-08-27 08:56:13
766,서울특별시,2013,4.561,34371.0,62.28,29340.0,2025-08-27 08:56:14
767,부산광역시,2013,3.903,29983.0,67.84,26819.0,2025-08-27 08:56:14
768,대구광역시,2013,5.006,29849.0,62.26,25596.0,2025-08-27 08:56:14
769,인천광역시,2013,5.12,32333.0,71.59,26272.0,2025-08-27 08:56:14
770,광주광역시,2013,4.537,40903.0,69.78,34857.0,2025-08-27 08:56:14
771,대전광역시,2013,5.172,29298.0,71.98,20109.0,2025-08-27 08:56:14
772,울산광역시,2013,3.993,32966.0,56.72,25923.0,2025-08-27 08:56:14
773,세종특별자치시,2013,4.234,29072.0,57.05,21610.0,2025-08-27 08:56:14
774,경기도,2013,4.469,44762.0,61.86,35928.0,2025-08-27 08:56:14
775,강원도,2013,4.45,36017.0,62.19,21451.0,2025-08-27 08:56:14
776,충청북도,2013,4.139,33882.0,70.46,29729.0,2025-08-27 08:56:14
777,충청남도,2013,4.338,27697.0,63.16,23300.0,2025-08-27 08:56:14
778,전라북도,2013,4.972,33721.0,62.19,27848.0,2025-08-27 08:56:14
779,전라남도,2013,4.354,29201.0,57.23,25818.0,2025-08-27 08:56:14
780,경상북도,2013,4.735,27021.0,68.07,23382.0,2025-08-27 08:56:14
781,경상남도,2013,4.615,36776.0,76.3,25736.0,2025-08-27 08:56:14
782,제주특별자치도,2013,4.852,25399.0,65.53,20855.0,2025-08-27 08:56:14
783,서울특별시,2014,5.028,42973.0,65.75,33946.0,2025-08-27 08:56:15
784,부산광역시,2014,3.892,26517.0,67.64,22250.0,2025-08-27 08:56:15
785,대구광역시,2014,4.233,29822.0,55.02,23544.0,2025-08-27 08:56:15
786,인천광역시,2014,3.758,33490.0,66.13,24746.0,2025-08-27 08:56:15
787,광주광역시,2014,4.751,31609.0,59.73,27667.0,2025-08-27 08:56:15
788,대전광역시,2014,4.599,38239.0,62.19,30150.0,2025-08-27 08:56:15
789,울산광역시,2014,4.633,38205.0,59.14,31859.0,2025-08-27 08:56:15
790,세종특별자치시,2014,3.452,38088.0,61.46,28725.0,2025-08-27 08:56:15
791,경기도,2014,4.556,27066.0,64.48,20255.0,2025-08-27 08:56:15
792,강원도,2014,4.272,43110.0,63.47,32152.0,2025-08-27 08:56:15
793,충청북도,2014,4.601,36384.0,64.34,27182.0,2025-08-27 08:56:15
794,충청남도,2014,5.492,31711.0,61.59,26728.0,2025-08-27 08:56:15
795,전라북도,2014,4.317,37761.0,62.62,29084.0,2025-08-27 08:56:15
796,전라남도,2014,4.307,33861.0,64.24,27363.0,2025-08-27 08:56:15
797,경상북도,2014,4.9,31885.0,71.22,22311.0,2025-08-27 08:56:15
798,경상남도,2014,4.888,41771.0,70.37,35293.0,2025-08-27 08:56:15
799,제주특별자치도,2014,4.866,26586.0,65.09,21162.0,2025-08-27 08:56:15
800,서울특별시,2015,4.4,38943.0,67.21,30906.0,2025-08-27 08:56:16
801,부산광역시,2015,4.939,36535.0,75.85,30050.0,2025-08-27 08:56:16
802,대구광역시,2015,4.596,28102.0,59.32,23400.0,2025-08-27 08:56:16
803,인천광역시,2015,4.677,36566.0,56.52,26843.0,2025-08-27 08:56:16
804,광주광역시,2015,4.657,34353.0,68.71,26656.0,2025-08-27 08:56:16
805,대전광역시,2015,3.94,38584.0,69.35,31464.0,2025-08-27 08:56:16
806,울산광역시,2015,4.059,33652.0,72.11,25905.0,2025-08-27 08:56:16
807,세종특별자치시,2015,3.673,28811.0,62.84,22859.0,2025-08-27 08:56:16
808,경기도,2015,5.494,36216.0,72.01,28633.0,2025-08-27 08:56:16
809,강원도,2015,4.642,39486.0,61.72,28855.0,2025-08-27 08:56:16
810,충청북도,2015,4.467,36197.0,69.04,28862.0,2025-08-27 08:56:16
811,충청남도,2015,3.867,37169.0,54.16,25512.0,2025-08-27 08:56:16
812,전라북도,2015,4.949,37384.0,71.92,32063.0,2025-08-27 08:56:16
813,전라남도,2015,3.429,31295.0,78.29,23484.0,2025-08-27 08:56:16
814,경상북도,2015,4.262,42673.0,56.11,33733.0,2025-08-27 08:56:16
815,경상남도,2015,5.386,31352.0,62.26,22491.0,2025-08-27 08:56:16
816,제주특별자치도,2015,5.259,30044.0,67.71,24754.0,2025-08-27 08:56:16
817,서울특별시,2016,4.854,29569.0,68.85,24822.0,2025-08-27 08:56:17
818,부산광역시,2016,4.813,31125.0,61.89,22680.0,2025-08-27 08:56:17
819,대구광역시,2016,5.155,28805.0,66.5,22760.0,2025-08-27 08:56:17
820,인천광역시,2016,4.645,32636.0,67.14,27828.0,2025-08-27 08:56:17
821,광주광역시,2016,5.372,37418.0,54.64,30903.0,2025-08-27 08:56:17
822,대전광역시,2016,5.394,36994.0,62.59,32426.0,2025-08-27 08:56:17
823,울산광역시,2016,4.844,25833.0,72.69,23292.0,2025-08-27 08:56:17
824,세종특별자치시,2016,4.959,29025.0,62.67,22797.0,2025-08-27 08:56:17
825,경기도,2016,3.956,28489.0,59.16,24171.0,2025-08-27 08:56:17
826,강원도,2016,4.766,37823.0,61.53,29530.0,2025-08-27 08:56:17
827,충청북도,2016,4.789,35184.0,63.1,26278.0,2025-08-27 08:56:17
828,충청남도,2016,4.678,46345.0,65.38,36213.0,2025-08-27 08:56:17
829,전라북도,2016,4.449,36443.0,72.18,29678.0,2025-08-27 08:56:17
830,전라남도,2016,4.926,41727.0,66.76,34025.0,2025-08-27 08:56:17
831,경상북도,2016,5.225,40596.0,61.27,30463.0,2025-08-27 08:56:17
832,경상남도,2016,3.836,35438.0,61.16,28035.0,2025-08-27 08:56:17
833,제주특별자치도,2016,4.349,45699.0,67.67,34418.0,2025-08-27 08:56:17
834,서울특별시,2017,4.28,40106.0,73.4,31077.0,2025-08-27 08:56:18
835,부산광역시,2017,4.427,41553.0,68.75,34910.0,2025-08-27 08:56:18
836,대구광역시,2017,4.703,29132.0,70.37,25754.0,2025-08-27 08:56:18
837,인천광역시,2017,3.7,39390.0,59.01,32463.0,2025-08-27 08:56:18
838,광주광역시,2017,3.795,37142.0,65.81,34372.0,2025-08-27 08:56:18
839,대전광역시,2017,4.121,28745.0,65.2,21371.0,2025-08-27 08:56:18
840,울산광역시,2017,4.272,46528.0,75.68,38361.0,2025-08-27 08:56:18
841,세종특별자치시,2017,4.202,38781.0,65.24,33636.0,2025-08-27 08:56:18
842,경기도,2017,3.599,42575.0,62.1,35962.0,2025-08-27 08:56:18
843,강원도,2017,3.779,30086.0,65.22,25766.0,2025-08-27 08:56:18
844,충청북도,2017,5.008,41893.0,55.83,32350.0,2025-08-27 08:56:18
845,충청남도,2017,3.123,32404.0,59.36,28167.0,2025-08-27 08:56:18
846,전라북도,2017,4.711,25624.0,68.18,22887.0,2025-08-27 08:56:18
847,전라남도,2017,4.866,36786.0,66.61,28374.0,2025-08-27 08:56:18
848,경상북도,2017,4.22,37812.0,61.22,32433.0,2025-08-27 08:56:18
849,경상남도,2017,3.773,40758.0,70.24,35271.0,2025-08-27 08:56:18
850,제주특별자치도,2017,3.683,35199.0,69.13,25182.0,2025-08-27 08:56:18
851,서울특별시,2018,4.668,31746.0,58.44,25545.0,2025-08-27 08:56:19
852,부산광역시,2018,3.559,32103.0,58.73,25697.0,2025-08-27 08:56:19
853,대구광역시,2018,4.656,38075.0,67.39,31865.0,2025-08-27 08:56:19
854,인천광역시,2018,4.198,33949.0,66.19,27646.0,2025-08-27 08:56:19
855,광주광역시,2018,3.838,28596.0,61.91,22369.0,2025-08-27 08:56:19
856,대전광역시,2018,4.134,29566.0,75.61,22149.0,2025-08-27 08:56:19
857,울산광역시,2018,4.665,48895.0,67.37,42157.0,2025-08-27 08:56:19
858,세종특별자치시,2018,4.165,40175.0,58.21,34956.0,2025-08-27 08:56:19
859,경기도,2018,3.656,52405.0,70.71,41407.0,2025-08-27 08:56:19
860,강원도,2018,4.462,34429.0,69.58,29894.0,2025-08-27 08:56:19
861,충청북도,2018,4.448,33190.0,66.42,24988.0,2025-08-27 08:56:19
862,충청남도,2018,4.076,44879.0,69.91,34631.0,2025-08-27 08:56:19
863,전라북도,2018,4.961,35661.0,67.14,29580.0,2025-08-27 08:56:19
864,전라남도,2018,3.971,32545.0,66.15,26432.0,2025-08-27 08:56:19
865,경상북도,2018,4.317,25586.0,60.04,19022.0,2025-08-27 08:56:19
866,경상남도,2018,4.079,40041.0,62.23,34377.0,2025-08-27 08:56:19
867,제주특별자치도,2018,5.351,39192.0,67.46,36196.0,2025-08-27 08:56:19
868,서울특별시,2019,3.876,25609.0,57.24,23206.0,2025-08-27 08:56:20
869,부산광역시,2019,4.982,54791.0,68.15,43974.0,2025-08-27 08:56:20
870,대구광역시,2019,5.127,41958.0,65.75,33011.0,2025-08-27 08:56:20
871,인천광역시,2019,4.176,39062.0,69.09,32866.0,2025-08-27 08:56:20
872,광주광역시,2019,4.28,39012.0,62.85,31033.0,2025-08-27 08:56:20
873,대전광역시,2019,4.968,45533.0,67.52,36516.0,2025-08-27 08:56:20
874,울산광역시,2019,3.471,45314.0,61.68,35598.0,2025-08-27 08:56:20
875,세종특별자치시,2019,3.139,37482.0,68.6,31751.0,2025-08-27 08:56:20
876,경기도,2019,4.279,38168.0,71.77,28443.0,2025-08-27 08:56:20
877,강원도,2019,4.836,36656.0,65.42,30346.0,2025-08-27 08:56:20
878,충청북도,2019,4.76,34194.0,68.21,30076.0,2025-08-27 08:56:20
879,충청남도,2019,3.888,31052.0,56.21,26655.0,2025-08-27 08:56:20
880,전라북도,2019,5.273,34777.0,65.69,30718.0,2025-08-27 08:56:20
881,전라남도,2019,4.224,43978.0,66.04,38362.0,2025-08-27 08:56:20
882,경상북도,2019,4.263,44516.0,70.05,40504.0,2025-08-27 08:56:20
883,경상남도,2019,4.014,36719.0,63.22,30973.0,2025-08-27 08:56:20
884,제주특별자치도,2019,4.944,41433.0,67.73,32174.0,2025-08-27 08:56:20
885,서울특별시,2020,3.028,33002.0,56.3,25881.0,2025-08-27 08:56:22
886,부산광역시,2020,4.881,35488.0,61.78,30387.0,2025-08-27 08:56:22
887,대구광역시,2020,3.415,28877.0,72.7,21034.0,2025-08-27 08:56:22
888,인천광역시,2020,4.689,33867.0,74.24,30319.0,2025-08-27 08:56:22
889,광주광역시,2020,4.542,48078.0,60.1,42168.0,2025-08-27 08:56:22
890,대전광역시,2020,3.935,38244.0,62.0,28096.0,2025-08-27 08:56:22
891,울산광역시,2020,3.975,23121.0,57.66,20628.0,2025-08-27 08:56:22
892,세종특별자치시,2020,5.018,34927.0,73.47,26914.0,2025-08-27 08:56:22
893,경기도,2020,5.491,20751.0,65.22,17037.0,2025-08-27 08:56:22
894,강원도,2020,4.305,42318.0,68.07,37448.0,2025-08-27 08:56:22
895,충청북도,2020,3.778,37969.0,67.31,26291.0,2025-08-27 08:56:22
896,충청남도,2020,5.088,29475.0,65.23,22502.0,2025-08-27 08:56:22
897,전라북도,2020,4.816,41239.0,61.53,35292.0,2025-08-27 08:56:22
898,전라남도,2020,4.604,37740.0,73.65,33012.0,2025-08-27 08:56:22
899,경상북도,2020,4.698,43574.0,66.82,32569.0,2025-08-27 08:56:22
900,경상남도,2020,4.739,36944.0,69.7,29795.0,2025-08-27 08:56:22
901,제주특별자치도,2020,4.254,45601.0,58.56,37400.0,2025-08-27 08:56:22
902,서울특별시,2021,4.398,39594.0,61.19,30416.0,2025-08-27 08:56:23
903,부산광역시,2021,4.145,45323.0,58.7,34886.0,2025-08-27 08:56:23
904,대구광역시,2021,3.407,30193.0,60.84,24964.0,2025-08-27 08:56:23
905,인천광역시,2021,3.722,37921.0,64.56,32415.0,2025-08-27 08:56:23
906,광주광역시,2021,4.015,38974.0,63.84,26398.0,2025-08-27 08:56:23
907,대전광역시,2021,4.691,49096.0,68.82,37770.0,2025-08-27 08:56:23
908,울산광역시,2021,4.848,32697.0,63.7,25961.0,2025-08-27 08:56:23
909,세종특별자치시,2021,4.477,34043.0,67.66,26775.0,2025-08-27 08:56:23
910,경기도,2021,4.117,29180.0,68.07,21699.0,2025-08-27 08:56:23
911,강원도,2021,5.135,52010.0,61.07,41979.0,2025-08-27 08:56:23
912,충청북도,2021,5.857,33664.0,72.06,24751.0,2025-08-27 08:56:23
913,충청남도,2021,4.277,37528.0,68.02,28195.0,2025-08-27 08:56:23
914,전라북도,2021,5.605,30403.0,63.58,24133.0,2025-08-27 08:56:23
915,전라남도,2021,3.852,38591.0,58.28,28062.0,2025-08-27 08:56:23
916,경상북도,2021,4.875,46856.0,63.88,40014.0,2025-08-27 08:56:23
917,경상남도,2021,4.513,37528.0,77.46,27890.0,2025-08-27 08:56:23
918,제주특별자치도,2021,4.174,45478.0,68.37,37126.0,2025-08-27 08:56:23
919,서울특별시,2022,4.419,38651.0,62.55,33116.0,2025-08-27 08:56:24
920,부산광역시,2022,4.784,62062.0,60.76,50095.0,2025-08-27 08:56:24
921,대구광역시,2022,4.167,33280.0,68.22,31476.0,2025-08-27 08:56:24
922,인천광역시,2022,3.98,25222.0,67.13,19675.0,2025-08-27 08:56:24
923,광주광역시,2022,4.083,44194.0,69.2,35939.0,2025-08-27 08:56:24
924,대전광역시,2022,4.546,45974.0,67.89,35354.0,2025-08-27 08:56:24
925,울산광역시,2022,3.538,40258.0,63.23,31012.0,2025-08-27 08:56:24
926,세종특별자치시,2022,3.845,42669.0,57.1,34434.0,2025-08-27 08:56:24
927,경기도,2022,4.026,41212.0,73.95,34359.0,2025-08-27 08:56:24
928,강원도,2022,5.017,46823.0,65.86,35724.0,2025-08-27 08:56:24
929,충청북도,2022,5.425,38756.0,70.21,36706.0,2025-08-27 08:56:24
930,충청남도,2022,4.99,38077.0,63.97,29486.0,2025-08-27 08:56:24
931,전라북도,2022,4.219,32363.0,66.8,27293.0,2025-08-27 08:56:24
932,전라남도,2022,4.009,38870.0,66.28,33304.0,2025-08-27 08:56:24
933,경상북도,2022,4.616,34754.0,68.69,28316.0,2025-08-27 08:56:24
934,경상남도,2022,3.147,21067.0,63.49,17053.0,2025-08-27 08:56:24
935,제주특별자치도,2022,4.927,41651.0,62.36,36175.0,2025-08-27 08:56:24
936,서울특별시,2023,4.427,58627.0,54.14,45643.0,2025-08-27 08:56:25
937,부산광역시,2023,3.514,42852.0,61.99,33375.0,2025-08-27 08:56:25
938,대구광역시,2023,5.288,44775.0,71.24,36369.0,2025-08-27 08:56:25
939,인천광역시,2023,4.4,34884.0,62.0,31509.0,2025-08-27 08:56:25
940,광주광역시,2023,3.698,40459.0,55.88,35205.0,2025-08-27 08:56:25
941,대전광역시,2023,3.911,33388.0,56.78,24221.0,2025-08-27 08:56:25
942,울산광역시,2023,4.532,51209.0,70.3,39771.0,2025-08-27 08:56:25
943,세종특별자치시,2023,4.525,37997.0,62.49,27419.0,2025-08-27 08:56:25
944,경기도,2023,3.711,40584.0,66.47,31373.0,2025-08-27 08:56:25
945,강원도,2023,4.783,50015.0,62.2,39514.0,2025-08-27 08:56:25
946,충청북도,2023,4.985,39860.0,66.61,29538.0,2025-08-27 08:56:25
947,충청남도,2023,4.049,48411.0,64.93,43383.0,2025-08-27 08:56:25
948,전라북도,2023,3.482,54432.0,62.19,41735.0,2025-08-27 08:56:25
949,전라남도,2023,3.994,46900.0,66.97,34771.0,2025-08-27 08:56:25
950,경상북도,2023,4.15,47665.0,54.02,39034.0,2025-08-27 08:56:25
951,경상남도,2023,3.866,37928.0,68.09,29911.0,2025-08-27 08:56:25
952,제주특별자치도,2023,4.268,37895.0,61.43,29752.0,2025-08-27 08:56:25
953,서울특별시,2024,4.689,43706.0,61.62,32517.0,2025-08-27 08:56:26
954,부산광역시,2024,3.966,40941.0,64.03,31945.0,2025-08-27 08:56:26
955,대구광역시,2024,4.797,48983.0,65.9,39975.0,2025-08-27 08:56:26
956,인천광역시,2024,3.719,43959.0,63.84,35478.0,2025-08-27 08:56:26
957,광주광역시,2024,4.744,44386.0,47.92,36066.0,2025-08-27 08:56:26
958,대전광역시,2024,4.021,35542.0,65.88,31743.0,2025-08-27 08:56:26
959,울산광역시,2024,3.972,45959.0,61.04,34476.0,2025-08-27 08:56:26
960,세종특별자치시,2024,4.833,35169.0,64.46,25764.0,2025-08-27 08:56:26
961,경기도,2024,5.112,41863.0,63.9,30433.0,2025-08-27 08:56:26
962,강원도,2024,4.697,43320.0,57.98,37447.0,2025-08-27 08:56:26
963,충청북도,2024,3.686,32818.0,67.46,21086.0,2025-08-27 08:56:26
964,충청남도,2024,4.921,45649.0,67.93,39036.0,2025-08-27 08:56:26
965,전라북도,2024,3.467,54756.0,62.74,42356.0,2025-08-27 08:56:26
966,전라남도,2024,4.488,38954.0,70.63,31927.0,2025-08-27 08:56:26
967,경상북도,2024,4.661,30604.0,73.32,22821.0,2025-08-27 08:56:26
968,경상남도,2024,3.455,46785.0,62.69,35576.0,2025-08-27 08:56:26
969,제주특별자치도,2024,4.464,40947.0,66.51,28766.0,2025-08-27 08:56:26
970,서울특별시,2025,4.715,50783.0,66.75,37226.0,2025-08-27 08:56:27
971,부산광역시,2025,3.836,34791.0,64.67,26455.0,2025-08-27 08:56:27
972,대구광역시,2025,4.538,30822.0,65.85,21710.0,2025-08-27 08:56:27
973,인천광역시,2025,5.114,53325.0,67.71,44127.0,2025-08-27 08:56:27
974,광주광역시,2025,4.496,49140.0,60.15,39525.0,2025-08-27 08:56:27
975,대전광역시,2025,4.685,53723.0,58.82,44305.0,2025-08-27 08:56:27
976,울산광역시,2025,3.687,38644.0,65.81,31437.0,2025-08-27 08:56:27
977,세종특별자치시,2025,3.427,37012.0,66.35,30056.0,2025-08-27 08:56:27
978,경기도,2025,3.336,44206.0,60.34,34628.0,2025-08-27 08:56:27
979,강원도,2025,3.083,36279.0,62.12,25298.0,2025-08-27 08:56:27
980,충청북도,2025,3.579,38375.0,65.11,32494.0,2025-08-27 08:56:27
981,충청남도,2025,3.373,33039.0,58.68,26945.0,2025-08-27 08:56:27
982,전라북도,2025,3.41,57416.0,66.3,45567.0,2025-08-27 08:56:27
983,전라남도,2025,3.398,25348.0,76.15,18761.0,2025-08-27 08:56:27
984,경상북도,2025,4.723,43089.0,63.26,34329.0,2025-08-27 08:56:27
985,경상남도,2025,4.328,45980.0,57.8,39170.0,2025-08-27 08:56:27
986,제주특별자치도,2025,5.036,45069.0,63.89,35871.0,2025-08-27 08:56:27
