region,year,navis_index,bds_index,multidimensional_score,leading_score,independent_score,is_metropolitan,is_province
서울특별시,1995,6.91,7.244646325919909,6.855607059352001,6.917199999999999,6.91,True,False
서울특별시,1996,6.94,7.328931097958796,7.122973298563327,6.918747,6.9584130104729685,True,False
서울특별시,1997,6.85,7.251603110581077,7.125935786903134,6.853084999999999,6.813868478987023,True,False
서울특별시,1998,6.86,7.190007972279211,6.771493499415179,6.856229,6.899916608403792,True,False
서울특별시,1999,6.84,7.197096596707735,6.863762775992865,6.8389679999999995,6.879916638991441,True,False
서울특별시,2000,6.83,7.244721450338927,7.092642642844312,6.8341075,6.864064453792528,True,False
서울특별시,2001,6.84,7.246174125871375,7.075895974469044,6.842250703230396,6.865948686724674,True,False
서울특별시,2002,6.83726543012665,7.1548549841391536,6.7157518994940295,6.83986352359228,6.855137589338502,True,False
서울특별시,2003,6.830997655991457,7.2052818394602545,6.96930014562078,6.819496438238072,6.843124062636466,True,False
서울특별시,2004,6.761017485421545,7.100670425819899,6.756586858279338,6.762396255531525,6.77022145389476,True,False
서울특별시,2005,6.74,7.05722085621215,6.633736043270594,6.7523825,6.748125744271618,True,False
서울특별시,2006,6.76,7.1652229815794986,7.025574992464851,6.763988,6.766535852148953,True,False
서울특별시,2007,6.74,7.0749156508111195,6.715786887748446,6.749941499999999,6.742355702900622,True,False
서울특별시,2008,6.74,7.1388193524606445,7.0293093640703574,6.748721,6.69419012227516,True,False
서울특별시,2009,6.73,7.111912511162841,6.899234270203615,6.755560583333333,6.71410166475414,True,False
서울특별시,2010,6.79,7.1508037030618565,6.926707302988108,6.773716666666666,6.76292385250527,True,False
서울특별시,2011,6.675,7.014304037779002,6.706748241261129,6.693793583573617,6.641115073061998,True,False
서울특별시,2012,6.703244098223407,7.075994897395152,6.871798619905192,6.719674392931025,6.667910048800494,True,False
서울특별시,2013,6.717705304269462,7.126090757269514,7.021552931497462,6.7360201967388225,6.688644944614229,True,False
서울특별시,2014,6.736170449438369,7.082172124989204,6.761017186115377,6.757655748726595,6.720616643877348,True,False
부산광역시,1995,5.72,6.013462061427479,5.750795809065784,5.72,5.72,True,False
부산광역시,1996,5.72,6.0673438036291385,5.941607429336212,5.732285999999999,5.73517614119674,True,False
부산광역시,1997,5.77,6.112750846149319,6.0203579200448765,5.772976999999999,5.739565127555492,True,False
부산광역시,1998,5.78,6.129013713524458,6.018487282100205,5.761667000000001,5.813632361016606,True,False
부산광역시,1999,5.7,6.02760963916918,5.844265438681522,5.698740000000001,5.733263865826201,True,False
부산광역시,2000,5.69,6.028170404624799,5.890821508939805,5.6842225,5.718378732368886,True,False
부산광역시,2001,5.66,5.984023570070512,5.776082342285734,5.683811840997192,5.681472158897903,True,False
부산광역시,2002,5.749193087488301,6.060221276466654,5.826397546443346,5.75296896182366,5.764221097626173,True,False
부산광역시,2003,5.750552914500245,6.101003143036411,5.9949522711841015,5.754357473826062,5.760761312539104,True,False
부산광역시,2004,5.747835751238075,6.111812269429264,6.0705018724581326,5.737015614904612,5.755660446139055,True,False
부산광역시,2005,5.68,5.9965730988628225,5.77346085374465,5.70559,5.686847808228901,True,False
부산광역시,2006,5.76,6.044111325121411,5.773198490385973,5.733888,5.765569010115084,True,False
부산광역시,2007,5.62,5.96047916908954,5.846052669265496,5.6330895000000005,5.621964250786573,True,False
부산광역시,2008,5.64,5.947476986910335,5.835068608767514,5.601306,5.601666511814821,True,False
부산광역시,2009,5.44,5.800511466318252,5.738907929571778,5.499421333333333,5.4271490425352935,True,False
부산광역시,2010,5.6499999999999995,6.019668441923571,6.0363574464609995,5.646936666666665,5.627469774175961,True,False
부산광역시,2011,5.598,5.905502497649061,5.718459457163162,5.6144049476892075,5.569582348914018,True,False
부산광역시,2012,5.624368948705028,5.927582521635648,5.745030890385561,5.624187965807254,5.5947218513452714,True,False
부산광역시,2013,5.578307436766399,5.935266303515867,5.890631349255564,5.603726249438036,5.554176038761061,True,False
부산광역시,2014,5.636183731081622,6.003727245546677,5.9584202221223155,5.669634974262518,5.62316979289264,True,False
대구광역시,1995,5.75,6.054971824545156,5.844505942567309,5.7332,5.750000000000001,True,False
대구광역시,1996,5.68,5.964535665857541,5.653962003489549,5.689883999999999,5.695070014335225,True,False
대구광역시,1997,5.72,6.070136382844608,5.991698306009699,5.737372,5.689828861285514,True,False
대구광역시,1998,5.79,6.1359381420615655,5.972070767952137,5.8028685,5.823690548492414,True,False
대구광역시,1999,5.84,6.116211140214681,5.755201419892457,5.829168,5.87408087305702,True,False
대구광역시,2000,5.79,6.153147362878889,6.072734017733229,5.7842475,5.818877479862188,True,False
대구광역시,2001,5.76,6.043262154714145,5.715788277802786,5.762105388182627,5.781851525662883,True,False
대구광역시,2002,5.758572450760948,6.012527026421952,5.6112238074462155,5.752636773724348,5.773624977933507,True,False
대구광역시,2003,5.719444031981546,5.979353246705194,5.608153040583752,5.714626245581378,5.729597205442871,True,False
대구광역시,2004,5.680900883960907,6.009975188272996,5.845694826250581,5.690881527650053,5.688634458492874,True,False
대구광역시,2005,5.7,5.993390636903224,5.719206105085182,5.706412500000001,5.706871920229707,True,False
대구광역시,2006,5.7,6.008832499226033,5.824565346419147,5.676209999999999,5.705510999593052,True,False
대구광역시,2007,5.57,5.8575634495990245,5.5881036040517955,5.5830157499999995,5.571946775245767,True,False
대구광역시,2008,5.59,5.826999808954476,5.433898038458344,5.6040235,5.552006347702988,True,False
대구광역시,2009,5.61,5.9462251885921615,5.824825185345195,5.63130325,5.596747450114521,True,False
대구광역시,2010,5.66,6.03122665785949,6.042422341115121,5.663193333333333,5.637429897670078,True,False
대구광역시,2011,5.634,5.970631549032407,5.874775280176456,5.644895064003505,5.605399598746263,True,False
대구광역시,2012,5.637141100014603,5.932274447723611,5.712148980469639,5.644264292940471,5.607426678264,True,False
대구광역시,2013,5.621410767233376,5.91925279248045,5.699460327887857,5.633023737037631,5.597092907001881,True,False
대구광역시,2014,5.6213915486999255,5.958029540978817,5.847221107443577,5.633751691458676,5.608411765633697,True,False
인천광역시,1995,6.12,6.355558880984063,5.84849061993423,6.1056,6.120000000000001,True,False
인천광역시,1996,6.06,6.424964400241975,6.3280438767170955,6.038703,6.076078219519623,True,False
인천광역시,1997,5.97,6.318376161469064,6.212931934062317,5.965796999999999,5.938510192635406,True,False
인천광역시,1998,5.95,6.34677718847165,6.333503832888778,5.9436925,5.984621548105331,True,False
인천광역시,1999,5.92,6.3120071465633325,6.296093568945471,5.909184000000001,5.954547734331773,True,False
인천광역시,2000,5.87,6.176615879064689,5.902495880187916,5.8642675,5.899276477856829,True,False
인천광역시,2001,5.84,6.19462346950872,6.058231792165285,5.85354444004926,5.8621550190748675,True,False
인천광역시,2002,5.88609350020525,6.215381742037419,6.01900846156759,5.883150353852467,5.901479358959247,True,False
인천광역시,2003,5.859115156651474,6.224987743336849,6.1539966204949055,5.855848166686008,5.869516274694192,True,False
인천광역시,2004,5.826582639102011,6.123079664989116,5.8571046665174995,5.813738059224675,5.834514534416956,True,False
인천광역시,2005,5.75,6.088929438029512,5.930691274175788,5.76846875,5.756932200231721,True,False
인천광역시,2006,5.8,6.164626277562686,6.10832044582734,5.79554,5.805607683796438,True,False
인천광역시,2007,5.75,6.017281694867292,5.653241355116788,5.75848125,5.752009687192668,True,False
인천광역시,2008,5.75,6.029522773167481,5.746709238623985,5.7570875,5.710918872860855,True,False
인천광역시,2009,5.74,6.010949689363903,5.6778284949658335,5.747118833333333,5.7264403500280485,True,False
인천광역시,2010,5.7299999999999995,5.973135904936685,5.577152972530436,5.72755,5.707150762128894,True,False
인천광역시,2011,5.68,5.9622152185343715,5.6750998110424495,5.699776254651809,5.65116608464302,True,False
인천광역시,2012,5.719801061049202,6.009556717986989,5.789251764575476,5.7019810773644535,5.689650923232514,True,False
인천광역시,2013,5.5994749538154105,5.894639500670589,5.671882092641773,5.610355965455044,5.575251986497251,True,False
인천광역시,2014,5.596594801322694,5.927831015662093,5.806636116115501,5.607870988306125,5.583672273901961,True,False
광주광역시,1995,5.85,6.1531695981120595,5.878033262049772,5.862,5.85,True,False
광주광역시,1996,5.9,6.264706042657271,6.16202868619454,5.907495000000001,5.915653712073561,True,False
광주광역시,1997,5.93,6.251807127719284,6.042530268110955,5.947393,5.898721179619423,True,False
광주광역시,1998,6.0,6.406426999121088,6.409510050570917,5.9961,6.034912485484366,True,False
광주광역시,1999,5.98,6.302107096036524,6.0676700716089265,5.959596000000001,6.0148978802878394,True,False
광주광역시,2000,5.89,6.239492448242332,6.056813400311284,5.913072499999999,5.919376227355489,True,False
광주광역시,2001,5.98,6.320542297407913,6.1559917327533356,5.959574902526301,6.002686132545841,True,False
광주광역시,2002,5.884305843859589,6.334920904278745,6.493431910065777,5.900019925451027,5.8996870297982404,True,False
광주광역시,2003,5.935070419214268,6.270670401002562,6.076450247113971,5.941372628176073,5.9456063732570925,True,False
광주광역시,2004,5.942164291659743,6.334677121066061,6.324174214613198,5.944889917738481,5.95025353161823,True,False
광주광역시,2005,5.93,6.2842031763294655,6.148895884549297,5.93907125,5.937149208238974,True,False
광주광역시,2006,5.94,6.302345401960051,6.21604039497935,5.930922000000001,5.9457430416811805,True,False
광주광역시,2007,5.87,6.225205026479955,6.095059703013972,5.89065825,5.872051628490602,True,False
광주광역시,2008,5.92,6.278469156654494,6.224221787098096,5.915368,5.8797634308410895,True,False
광주광역시,2009,5.86,6.2174161891411615,6.117130605970122,5.876917833333333,5.8461568730251505,True,False
광주광역시,2010,5.89,6.224997065691919,6.087369120376329,5.8849366666666665,5.866512738034762,True,False
광주광역시,2011,5.828,6.142561499225593,5.95380677071338,5.827524192912496,5.798414778397802,True,False
광주광역시,2012,5.782307470468731,6.092899039184184,5.84258530553817,5.826432747231772,5.751827849714033,True,False
광주광역시,2013,5.9195830912470715,6.2338451306088025,5.99527829122101,5.938607373636673,5.893975356782842,True,False
광주광역시,2014,5.947876746806896,6.323011075027629,6.251351183222409,5.971196476015787,5.934143110000175,True,False
대전광역시,1995,6.3,6.611789659306171,6.277150974914353,6.3072,6.3,True,False
대전광역시,1996,6.33,6.717243230643064,6.601539614120644,6.3327165,6.3467945758348545,True,False
대전광역시,1997,6.34,6.666957257009915,6.420089545261646,6.335833999999999,6.306558563033245,True,False
대전광역시,1998,6.32,6.690353870975823,6.490279078047166,6.332948,6.356774484710199,True,False
대전광역시,1999,6.37,6.760631323361694,6.651212330903141,6.354474,6.407173829002263,True,False
대전광역시,2000,6.3,6.630871611670667,6.325580797356474,6.306375,6.331421092078028,True,False
대전광역시,2001,6.32,6.72799941746001,6.678710905083519,6.317744938189212,6.343975979546775,True,False
대전광역시,2002,6.2994122424550465,6.673116064600083,6.535407866830825,6.291859108351197,6.315878489039854,True,False
대전광역시,2003,6.252192319749536,6.626034472744106,6.498575284160632,6.248610195340509,6.263291229500383,True,False
대전광역시,2004,6.217077430346066,6.553244800510324,6.288272163267884,6.235685070621838,6.225540917504297,True,False
대전광역시,2005,6.27,6.627484826105637,6.428160566913448,6.28185375,6.277559112252677,True,False
대전광역시,2006,6.29,6.608937423688656,6.294529074068084,6.295776999999999,6.296081436393035,True,False
대전광역시,2007,6.28,6.631309734641431,6.393831088055298,6.308463000000001,6.282194927925209,True,False
대전광역시,2008,6.36,6.68003451972714,6.4072315555947155,6.363294,6.316772875025224,True,False
대전광역시,2009,6.33,6.732247125662229,6.672034105112068,6.350097249999999,6.3150465880971325,True,False
대전광역시,2010,6.37,6.712305215953404,6.490369527071206,6.372456666666666,6.3445986657523665,True,False
대전광역시,2011,6.336,6.723807533798474,6.658211720240828,6.338249455625046,6.30383597047503,True,False
대전광역시,2012,6.297852731771025,6.691756640902138,6.649881155252727,6.3032879818473235,6.264655575823563,True,False
대전광역시,2013,6.269766904527447,6.626023478892127,6.4563788246568965,6.282527771807555,6.242644297484199,True,False
대전광역시,2014,6.268947525405574,6.626847229014822,6.448880901240946,6.282444272027282,6.254472536743353,True,False
경기도,1995,6.16,6.0137706663078525,6.047869612925879,6.1504,6.183100000000001,False,True
경기도,1996,6.12,6.037039644222958,6.297652143358913,6.096306,6.148332841300427,False,True
경기도,1997,6.02,5.864300167551006,5.867330764411275,6.042202,5.986978874419704,False,True
경기도,1998,6.11,5.934261307361811,5.832917851574329,6.1253165,6.129924432678575,False,True
경기도,1999,6.17,6.0301219792072835,6.047315003898135,6.202433999999999,6.176577666066043,False,True
경기도,2000,6.3,6.196210587063864,6.412341547867247,6.296774999999999,6.290168530986573,False,True
경기도,2001,6.28,6.159913650354408,6.331163908643159,6.278002287045814,6.255879795230211,False,True
경기도,2002,6.26055536269089,6.066646660298559,5.995182333272455,6.256344080859888,6.2277785580878495,False,True
경기도,2003,6.227356966654986,6.053916134489579,6.033287339495959,6.235729009040206,6.194067269674538,False,True
경기도,2004,6.242131303055244,6.121588043108563,6.282949950035591,6.245149815059888,6.216298775948807,False,True
경기도,2005,6.23,6.13949429167279,6.383567821114973,6.23700875,6.217844250907574,False,True
경기도,2006,6.23,6.120183401226391,6.2520129741976636,6.259699,6.233757140068694,False,True
경기도,2007,6.32,6.197997092294142,6.315147311503329,6.324522,6.338266280273487,False,True
경기도,2008,6.3,6.175671156338131,6.319615448336476,6.298394999999999,6.28991401846479,False,True
경기도,2009,6.25,6.117941226207491,6.139118649555396,6.2867645833333325,6.280649640931241,False,True
경기도,2010,6.359999999999999,6.2346312436126015,6.367259941032039,6.339159999999999,6.388624061336611,False,True
경기도,2011,6.229,6.078021585552187,6.07683880911735,6.23862194380162,6.2516042495479835,False,True
경기도,2012,6.222373932506747,6.127675303926804,6.3233615178897065,6.233071917719153,6.238664901164557,False,True
경기도,2013,6.216824191991026,6.081461498912035,6.145479408023034,6.225284014306433,6.228133865895885,False,True
경기도,2014,6.198539687763077,6.102796660181826,6.305329477562232,6.205613413328544,6.207134917027021,False,True
강원도,1995,5.27,5.178524573615606,5.289408743878533,5.2868,5.2897625,False,True
강원도,1996,5.34,5.228192981716117,5.26718233033514,5.359467,5.364721792899392,False,True
강원도,1997,5.42,5.252514897530147,5.174946659649588,5.430142,5.390270016504121,False,True
강원도,1998,5.46,5.351566677183201,5.466893256996566,5.444019000000001,5.477804812180853,False,True
강원도,1999,5.39,5.2644976639245415,5.3109409012836615,5.386278,5.3957461296751985,False,True
강원도,2000,5.37,5.223506580591915,5.210128098313796,5.3665424999999995,5.3616198430790325,False,True
강원도,2001,5.35,5.212339038771167,5.233755782435915,5.350912601708992,5.329451736382424,False,True
강원도,2002,5.344328548787467,5.19510325657121,5.18668837168382,5.343134617982758,5.316348600934603,False,True
강원도,2003,5.32599301572921,5.2064308234455146,5.277989833719979,5.340096215019811,5.297521756644019,False,True
강원도,2004,5.367557826993419,5.307188261539402,5.593132333835843,5.370843128450643,5.3453446474992115,False,True
강원도,2005,5.36,5.268993105650623,5.414820404622256,5.38043,5.349541763220642,False,True
강원도,2006,5.42,5.30744501363654,5.369764293098831,5.441445999999999,5.423268651552539,False,True
강원도,2007,5.48,5.383164620323973,5.487426381849839,5.504883,5.495838483528276,False,True
강원도,2008,5.55,5.432756082803783,5.541466111777342,5.5423575000000005,5.541114730552315,False,True
강원도,2009,5.48,5.38122616795906,5.495280316645926,5.484287666666667,5.506873605168511,False,True
강원도,2010,5.46,5.329524363444383,5.340417236094097,5.4607,5.484573486619166,False,True
강원도,2011,5.425,5.306644411087271,5.357407444352946,5.428245088971492,5.444686635703614,False,True
강원도,2012,5.39783370404788,5.358306601267833,5.6685052898474835,5.411165654608457,5.411965921212349,False,True
강원도,2013,5.409900948767673,5.295177265499362,5.366761390541458,5.4132330971181135,5.419742664360496,False,True
강원도,2014,5.377199642057899,5.242916972947679,5.25133971181018,5.377328172077532,5.384655956940054,False,True
충청북도,1995,5.75,5.6576471886935895,5.8253781302777785,5.7524,5.771562500000001,False,True
충청북도,1996,5.76,5.62878547922449,5.658937289592644,5.762688,5.786666203576871,False,True
충청북도,1997,5.77,5.642556557581448,5.770027166228392,5.7537769999999995,5.738350183621545,False,True
충청북도,1998,5.7,5.566306355495654,5.586791817706688,5.705655,5.7185874412877045,False,True
충청북도,1999,5.72,5.613979711094306,5.765429877428353,5.709144,5.726097933532863,False,True
충청북도,2000,5.67,5.5382826538419545,5.611963254066303,5.6594175,5.661151677887918,False,True
충청북도,2001,5.62,5.490797933767371,5.568045585630148,5.6194336318541165,5.598414721209201,False,True
충청북도,2002,5.607688049392148,5.440930386394186,5.401967906299913,5.602912852182876,5.578329296881933,False,True
충청북도,2003,5.573772174230034,5.454957650673404,5.553523983607582,5.586966393770432,5.543976357527746,False,True
충청북도,2004,5.610749449669073,5.569741071081254,5.925961093165293,5.627899793725682,5.5875298424212945,False,True
충청북도,2005,5.66,5.535624132095292,5.606736482872833,5.671167499999999,5.64895641414717,False,True
충청북도,2006,5.68,5.574827567081351,5.697593968731698,5.692183999999999,5.683425450335502,False,True
충청북도,2007,5.7,5.614782259987696,5.76438416148745,5.7348075000000005,5.716474335056783,False,True
충청북도,2008,5.81,5.700558828471993,5.8364054925414,5.8195865,5.800698483695306,False,True
충청북도,2009,5.81,5.70891253086226,5.809885654292381,5.838834916666666,5.83849190620968,False,True
충청북도,2010,5.89,5.759194008559983,5.814012863945464,5.883976666666666,5.91650876120639,False,True
충청북도,2011,5.824,5.7079821362003145,5.799470279882072,5.828078967625071,5.845134556006976,False,True
충청북도,2012,5.797315698437796,5.6461698063103105,5.580048486941984,5.832149228158853,5.8124938104199915,False,True
충청북도,2013,5.895754806927009,5.769472877216841,5.836820290467989,5.90416435481959,5.906480389994848,False,True
충청북도,2014,5.880025590086447,5.772245662348326,5.905578187337832,5.8873142352892325,5.888179150533019,False,True
충청남도,1995,5.43,5.3134428641625435,5.348852885752746,5.4492,5.4503625,False,True
충청남도,1996,5.51,5.356225884471601,5.249849189898095,5.5414755,5.535508816268848,False,True
충청남도,1997,5.64,5.5132293886068116,5.627609923310693,5.626164,5.609063264406502,False,True
충청남도,1998,5.58,5.429283951586841,5.384525754432028,5.5832370000000004,5.598196126734278,False,True
충청남도,1999,5.59,5.427898658636285,5.35372909201245,5.595918,5.595959344134389,False,True
충청남도,2000,5.61,5.486078139352648,5.55225333246992,5.6210024999999995,5.6012453109261395,False,True
충청남도,2001,5.65,5.579646630409066,5.839321450992534,5.665714440646602,5.628299497301065,False,True
충청남도,2002,5.705471627694177,5.55266198514658,5.541139797542566,5.722780987090456,5.675600934460862,False,True
충청남도,2003,5.763330279442768,5.588727137819616,5.488989914741991,5.795413080004023,5.732521138481648,False,True
충청남도,2004,5.878397861087292,5.695825055369065,5.604130048426885,5.886766852394375,5.854070613755177,False,True
충청남도,2005,5.89,5.760887711638656,5.83303703078961,5.90382625,5.878507646524174,False,True
충청남도,2006,5.92,5.817997750379571,5.965875538494547,5.937296,5.923570187673622,False,True
충청남도,2007,5.96,5.79760452698836,5.70485247984476,5.995191,5.97722579595411,False,True
충청남도,2008,6.07,5.8615788966252085,5.691176571368405,6.072815500000001,6.060282236838298,False,True
충청남도,2009,6.04,5.910675707838428,5.9145326275594625,6.083616333333333,6.069619812995951,False,True
충청남도,2010,6.18,6.033914434151109,6.05726674883287,6.17662,6.207813946393122,False,True
충청남도,2011,6.123,5.977434246187353,5.996664983344232,6.124460346350952,6.145219589016263,False,True
충청남도,2012,6.083162276462301,5.960728431864557,6.0117540202543935,6.122218039394181,6.099088771247274,False,True
충청남도,2013,6.1968913703403,6.104974516024188,6.313326471011097,6.207301988412843,6.20816478236837,False,True
충청남도,2014,6.1869068255090784,6.062061614395339,6.160069098762548,6.196929375807275,6.1954859240191515,False,True
전라북도,1995,5.16,5.046730316186862,5.08972418722082,5.1648,5.17935,False,True
전라북도,1996,5.18,5.096312327424641,5.18932130794385,5.221059,5.203981065022256,False,True
전라북도,1997,5.35,5.215720404216721,5.251608620598749,5.355335,5.320653983080636,False,True
전라북도,1998,5.37,5.2510925568645135,5.322931421774585,5.3540054999999995,5.387511326265784,False,True
전라북도,1999,5.3,5.2036963133150484,5.3518113382925385,5.289059999999999,5.305650183168562,False,True
전라북도,2000,5.25,5.124466392303087,5.156048026878584,5.2585125,5.241807109155477,False,True
전라북도,2001,5.28,5.160865767988182,5.246673926739263,5.2753201781272425,5.259720592168075,False,True
전라북도,2002,5.251150742196841,5.122889193310589,5.180333171199539,5.247816443769686,5.2236586217942635,False,True
전라북도,2003,5.224129955228206,5.102506165950268,5.172149930082874,5.227214236232071,5.196203227384075,False,True
전라북도,2004,5.220111539763884,5.073071209264836,5.033802261819414,5.234643876183328,5.1985085541324265,False,True
전라북도,2005,5.26,5.121706096535113,5.103239533672035,5.275517499999999,5.249736879578465,False,True
전라북도,2006,5.3,5.187579561765893,5.268827357577954,5.29969,5.303196282883479,False,True
전라북도,2007,5.27,5.232580730360309,5.493799198543748,5.31617325,5.285231534341973,False,True
전라북도,2008,5.43,5.284745254996608,5.261468351076917,5.441359500000001,5.4213068444863195,False,True
전라북도,2009,5.44,5.326064684633714,5.375386931299304,5.451421333333333,5.466677447466552,False,True
전라북도,2010,5.45,5.36225681373838,5.4980731224646355,5.466043333333333,5.474528480233417,False,True
전라북도,2011,5.479,5.36510771594509,5.432492826952528,5.484667491634964,5.498882594842415,False,True
전라북도,2012,5.461522048479017,5.346473288382995,5.408113455259451,5.471558826280582,5.4758210098530515,False,True
전라북도,2013,5.459346361706119,5.322734437954108,5.31723489395129,5.467530968788935,5.4692780286115665,False,True
전라북도,2014,5.44643785310316,5.332900504053785,5.408712616867793,5.4537839411649855,5.453990177421042,False,True
전라남도,1995,5.02,4.89746324517301,4.893691390220796,5.027200000000001,5.038825,False,True
전라남도,1996,5.05,4.953419588970688,4.9978265099217785,5.0862525,5.073379223622084,False,True
전라남도,1997,5.2,5.075901662345013,5.180559697549677,5.16932,5.17147676860174,False,True
전라남도,1998,5.07,4.999986189951426,5.21683543269211,5.051560500000001,5.086533039882221,False,True
전라남도,1999,4.99,4.87239587656491,4.939823916707069,4.964598,4.995319700756816,False,True
전라남도,2000,4.88,4.7523921121641335,4.74690088103185,4.88602,4.872384512891188,False,True
전라남도,2001,4.9,4.801940280935811,4.907840812688099,4.908036271313622,4.881180095004464,False,True
전라남도,2002,4.924807380473423,4.832459881702489,4.970551180864958,4.930228132768256,4.8990238133829775,False,True
전라남도,2003,4.9350818299173795,4.790971959538494,4.753401024996239,4.940540071676153,4.908700271967297,False,True
전라남도,2004,4.941888302169829,4.801890851845613,4.752285812251062,4.962929903536132,4.921436719637386,False,True
전라남도,2005,5.01,4.916185336461896,5.02449481048094,5.02763625,5.000224670473025,False,True
전라남도,2006,5.06,4.995344390388584,5.196968629642261,5.076177999999999,5.063051545545359,False,True
전라남도,2007,5.1,4.99794219748314,5.023774216115246,5.145922499999999,5.114740194524489,False,True
전라남도,2008,5.26,5.11645056473986,5.093676661324244,5.263878999999999,5.251579005892825,False,True
전라남도,2009,5.24,5.134230429879891,5.208029904004221,5.241489666666666,5.265696658956752,False,True
전라남도,2010,5.21,5.159798202844722,5.407021458845907,5.223723333333332,5.233448326975431,False,True
전라남도,2011,5.231,5.076226357578339,4.9741650944411315,5.243063348434525,5.249982634353107,False,True
전라남도,2012,5.242031451810519,5.130797571124942,5.196280459262341,5.244849355914055,5.255755758805084,False,True
전라남도,2013,5.211545243324556,5.125568968155648,5.274662765724311,5.217634764781343,5.2210261093458845,False,True
전라남도,2014,5.192041054243649,5.075029334692276,5.120699809926985,5.196468314462219,5.1992406182469475,False,True
경상북도,1995,5.58,5.4671768662350635,5.56326658539314,5.572799999999999,5.600925,False,True
경상북도,1996,5.55,5.421093513682899,5.41915766090394,5.5694775000000005,5.5756939982381315,False,True
경상북도,1997,5.63,5.544906183449932,5.765757197799954,5.642563,5.599118116774576,False,True
경상북도,1998,5.68,5.5888188861841135,5.75627290719007,5.6832519999999995,5.698522222195466,False,True
경상북도,1999,5.69,5.5248400805324165,5.477715030582075,5.6743380000000005,5.696065951363986,False,True
경상북도,2000,5.62,5.461231991061276,5.409068350293358,5.631005,5.6112297054197695,False,True
경상북도,2001,5.66,5.538999118349069,5.640734576560664,5.664882979799591,5.638261089331687,False,True
경상북도,2002,5.670322832498297,5.581534950697963,5.795495844869157,5.680351311329072,5.640636158912669,False,True
경상북도,2003,5.697932353878616,5.537645010191378,5.501437491583061,5.714507071453244,5.667472811814241,False,True
경상북도,2004,5.748594103880167,5.704096105771146,6.057071944989895,5.7687926833476135,5.724804038307579,False,True
경상북도,2005,5.81,5.681471596069633,5.758107909677061,5.8165362499999995,5.798663739610434,False,True
경상북도,2006,5.81,5.695553496335031,5.839379038829281,5.7911529999999996,5.813503849726984,False,True
경상북도,2007,5.7,5.610334088752249,5.747915377113023,5.732407500000001,5.716474335056783,False,True
경상북도,2008,5.8,5.718960173488042,5.973511307947794,5.79277,5.790714493189808,False,True
경상북도,2009,5.73,5.607884518049831,5.620799019618662,5.76590225,5.758099590805762,False,True
경상북도,2010,5.84,5.661379971933886,5.536024627346122,5.843253333333332,5.866283729277643,False,True
경상북도,2011,5.813,5.672979675040864,5.681016992331522,5.817369280909938,5.834094638404628,False,True
경상북도,2012,5.787607837124743,5.649989081514275,5.663232200575751,5.797008260904134,5.802760532687723,False,True
경상북도,2013,5.780153873073142,5.704842820761428,5.933884708585808,5.7905907974093385,5.790669154413828,False,True
경상북도,2014,5.773867510566941,5.686181363021067,5.874824919183722,5.784309389873172,5.78187386649799,False,True
경상남도,1995,6.13,5.945431680184336,5.842602922583799,6.1228,6.1529875,False,True
경상남도,1996,6.1,6.0220383158383255,6.026080329921716,6.280304999999999,6.128240250315784,False,True
경상남도,1997,6.85,6.601899365069227,6.744199227878685,6.589085,6.812426127869599,False,True
경상남도,1998,5.76,5.6311189702934605,5.692370552393068,5.751264,5.778783098564416,False,True
경상남도,1999,5.72,5.600684425385322,5.7130411991233245,5.704344,5.726097933532863,False,True
경상남도,2000,5.65,5.508418199962101,5.527351668754894,5.6538125,5.641182888900658,False,True
경상남도,2001,5.66,5.539089756848922,5.639884606537122,5.665821044179005,5.638261089331687,False,True
경상남도,2002,5.674231434079187,5.503071087050743,5.437207137398083,5.683008494310185,5.64452429721788,False,True
경상남도,2003,5.696616939789814,5.5884765114297,5.73543726153243,5.709548947396906,5.666164429558792,False,True
경상남도,2004,5.732104979284626,5.628866286753608,5.783662961560854,5.749045283986636,5.708383152545442,False,True
경상남도,2005,5.78,5.6779140138568795,5.839163569067062,5.788902500000001,5.768722274517781,False,True
경상남도,2006,5.79,5.702302007051127,5.891132787113997,5.804727000000001,5.793491788282141,False,True
경상남도,2007,5.82,5.735688203088518,5.901619449132928,5.852584500000001,5.8368211631632425,False,True
경상남도,2008,5.92,5.762655381551955,5.766649525565768,5.912968,5.910522379255804,False,True
경상남도,2009,5.85,5.737725334722412,5.810071273296304,5.874101249999999,5.878688063911641,False,True
경상남도,2010,5.91,5.753145116016782,5.712784936300398,5.90977,5.93659877397789,False,True
경상남도,2011,5.868,5.765284049811317,5.904615702482558,5.873132004230685,5.889294226416371,False,True
경상남도,2012,5.845373350961188,5.721851254369278,5.78896765806522,5.854263399306174,5.860677284007743,False,True
경상남도,2013,5.835327489293665,5.6838609269681,5.664417652020359,5.840272575389422,5.845943142719571,False,True
경상남도,2014,5.805683361312627,5.716687861893038,5.914670044662437,5.807838193030557,5.813733834817357,False,True
제주도,1995,5.59,5.472532536407511,5.540777286835936,5.5924,5.6109625,False,True
제주도,1996,5.6,5.4801802388761205,5.539124015929369,5.600280000000001,5.625925475699736,False,True
제주도,1997,5.6,5.496498944935941,5.638751028218904,5.622159999999999,5.569282673878796,False,True
제주도,1998,5.69,5.569623003046765,5.660425208941388,5.6764535,5.708554831741585,False,True
제주도,1999,5.63,5.506488990626145,5.5742507198240725,5.631126,5.636001987026228,False,True
제주도,2000,5.63,5.497191847979171,5.544353459178176,5.6338075000000005,5.6212140999133995,False,True
제주도,2001,5.64,5.5008368498470785,5.530520136113879,5.65092765467911,5.618337905270444,False,True
제주도,2002,5.675544394496291,5.591527803791097,5.840589234355763,5.671858992953979,5.645830383700558,False,True
제주도,2003,5.645999693750416,5.509479348183985,5.5872691325278065,5.6344175857353775,5.615817769065021,False,True
제주도,2004,5.579509036343355,5.4965293931000625,5.7058840506758965,5.596927401205475,5.556418714877127,False,True
제주도,2005,5.63,5.4913215539801055,5.517227194394929,5.63633375,5.619014949054518,False,True
제주도,2006,5.63,5.488935303803535,5.500581733700398,5.630119,5.633395296723394,False,True
제주도,2007,5.6,5.568994075068556,5.879738421661604,5.64666,5.616185311634734,False,True
제주도,2008,5.76,5.657101423147601,5.798143516763764,5.779103999999999,5.750778531167809,False,True
제주도,2009,5.8,5.666765919493026,5.69852757088339,5.797618333333333,5.82844286678419,False,True
제주도,2010,5.75,5.663987684145206,5.844640385071998,5.755743333333333,5.775878671805899,False,True
제주도,2011,5.734,5.61529253029058,5.659110570619695,5.761204699304914,5.754807957442308,False,True
제주도,2012,5.8043479137704725,5.668882593618533,5.674803604787082,5.825843777482871,5.819544436989412,False,True
제주도,2013,5.84715676548898,5.7700126878795155,5.966195674269056,5.881886374875969,5.857793938786154,False,True
제주도,2014,5.941512954676389,5.793889886818991,5.742508717730684,5.9891006601856045,5.949751776817184,False,True
수도권,1995,6.61,6.473396582321774,6.546541605504443,6.6244,6.634787500000001,False,True
수도권,1996,6.67,6.532882247133659,6.641437196668715,6.6559335,6.700879093378078,False,True
수도권,1997,6.61,6.449886610923426,6.528349531624708,6.605861,6.573742584703365,False,True
수도권,1998,6.59,6.42872292302456,6.433651492549661,6.5933885,6.611489690892274,False,True
수도권,1999,6.6,6.434325659700717,6.426303778666195,6.61332,6.607036077153304,False,True
수도권,2000,6.65,6.532971554524766,6.735183515077199,6.6468625,6.639622338263607,False,True
수도권,2001,6.63,6.510466240219259,6.717999501148437,6.626430656006688,6.604535516301958,False,True
수도권,2002,6.6033871083612015,6.497471789882253,6.754553066622211,6.602671377661919,6.568815426388891,False,True
수도권,2003,6.5838964293432864,6.376237243275151,6.296249580500691,6.574049648381854,6.54870077278191,False,True
수도권,2004,6.521607676450895,6.3720124787308645,6.449715996915315,6.5322173613953085,6.4946185602499895,False,True
수도권,2005,6.54,6.379737388680316,6.425473757027571,6.5377575,6.527239390198321,False,True
수도권,2006,6.5,6.351014416431533,6.388063504442908,6.51805,6.503919969574078,False,True
수도권,2007,6.54,6.412169184696791,6.514964916177013,6.5544465,6.558902131801993,False,True
수도권,2008,6.56,6.434253409107877,6.608983942134534,6.549224,6.549497771607783,False,True
수도권,2009,6.47,6.3376449236813555,6.382098938825086,6.502329416666666,6.50172850829202,False,True
수도권,2010,6.56,6.400949450621675,6.444589345443334,6.532053333333333,6.589524189051598,False,True
수도권,2011,6.398,6.269304122808434,6.351429983616169,6.413073956427981,6.421217529074972,False,True
수도권,2012,6.412823151783252,6.308250836178712,6.479718041362821,6.4286041593242045,6.429612740790112,False,True
수도권,2013,6.426918496703409,6.2987589480996515,6.391641483488571,6.445863643051792,6.438610375091167,False,True
수도권,2014,6.450513697211173,6.326367653890788,6.432788786747739,6.4732302846215015,6.459458327219303,False,True
충청권,1995,5.88,5.8222816195370575,5.649087017993916,5.8656,5.88,False,False
충청권,1996,5.82,5.817360290265936,5.777142274383894,5.834690999999999,5.831830983435162,False,False
충청권,1997,5.88,5.919453276983194,6.101125775626481,5.8709880000000005,5.8418544246340245,False,False
충청권,1998,5.84,5.836742735043605,5.800944465984954,5.840876,5.863772719204,False,False
충청권,1999,5.84,5.841755223072957,5.831195735511538,5.836367999999999,5.861252897804608,False,False
충청권,2000,5.82,5.884967221479322,6.091667630883377,5.816655000000001,5.834316995527017,False,False
충청권,2001,5.8,5.771000169047382,5.673033592135391,5.796266685135088,5.806278226889815,False,False
충청권,2002,5.774173688062868,5.776507837177099,5.775244273481843,5.781423148030856,5.773551802181577,False,False
충청권,2003,5.78994433704266,5.821558254291754,5.90826099913579,5.80727250034956,5.78551709861974,False,False
충청권,2004,5.8434483222330424,5.872970371377151,5.912133788216524,5.8913720008032335,5.838793497780447,False,False
충청권,2005,6.02,5.975403708776485,5.832788692274834,6.017172499999999,6.01773071242327,False,False
충청권,2006,5.98,5.950539657692603,5.844401717516319,5.985374,5.980771465818295,False,False
충청권,2007,5.97,6.022647132284123,6.132909026829911,6.01720575,5.972287546401292,False,False
충청권,2008,6.13,6.117324137054863,6.11009248981286,6.130514499999999,6.094292770758216,False,False
충청권,2009,6.09,6.122846929421053,6.180075844145513,6.13129925,6.087195183345718,False,False
충청권,2010,6.22,6.292213764691877,6.550222522815368,6.212846666666666,6.212241568627216,False,False
충청권,2011,6.147,6.121599146603977,6.050647533028974,6.144427923153084,6.136711538050814,False,False
충청권,2012,6.09018051313785,6.127375760679153,6.224594717879392,6.116922020162629,6.081290371708918,False,False
충청권,2013,6.152543671607486,6.165480880129304,6.201397317838089,6.159887777109201,6.149959121635805,False,False
충청권,2014,6.130163874025792,6.143129056171956,6.170846954191237,6.135622813659381,6.138384663648944,False,False
호남권,1995,5.16,5.12376469813078,5.022180358566712,5.1456,5.16,False,False
호남권,1996,5.1,5.098317622085973,5.0628023390874475,5.114654999999999,5.11036735661844,False,False
호남권,1997,5.16,5.156899879933049,5.166552834963014,5.170116,5.126525311413531,False,False
호남권,1998,5.2,5.1332175474429045,4.910801882550398,5.183979999999999,5.221167489702192,False,False
호남권,1999,5.13,5.088905344116036,4.960686088360532,5.109426,5.1486690694756225,False,False
호남권,2000,5.04,5.038040663069567,4.9886313170375125,5.06286,5.052398222930612,False,False
호남권,2001,5.13,5.136450625845394,5.164223340826597,5.121132290798519,5.1355529834387506,False,False
호남권,2002,5.083966836660498,5.056302791626685,4.9565382767228785,5.090040772545188,5.083419286938673,False,False
호남권,2003,5.0965649857550535,5.114233785602033,5.154456104403067,5.113493034516703,5.092667934761751,False,False
호남권,2004,5.150640864495426,5.167136832924596,5.191107267812507,5.176980165837794,5.1465379225815955,False,False
호남권,2005,5.24,5.2533970601629765,5.292169187655631,5.245895,5.238024739717266,False,False
호남권,2006,5.24,5.249888365659427,5.282690917709047,5.239612,5.240676000148471,False,False
호남권,2007,5.21,5.23613242039471,5.243797820579632,5.26808475,5.211996334464108,False,False
호남권,2008,5.42,5.4299954525777485,5.521361109482993,5.400143,5.38842851835392,False,False
호남권,2009,5.3,5.3299135468226515,5.3979474541189045,5.325589166666667,5.297559026557028,False,False
호남권,2010,5.37,5.418228700006425,5.572795895602098,5.37967,5.363301804425748,False,False
호남권,2011,5.373,5.341299695956235,5.242584915054372,5.374530067642752,5.364007010565646,False,False
호남권,2012,5.339077781844797,5.296701048672618,5.154432900629534,5.345682349320059,5.33128406268027,False,False
호남권,2013,5.323587575304639,5.306275873361551,5.243840408709523,5.328812161575495,5.321351251785233,False,False
호남권,2014,5.299514680645862,5.317356396297588,5.3656794207613885,5.30254655901315,5.3066215371980965,False,False
대경권,1995,5.51,5.479524873400314,5.4067411180680285,5.4884,5.510000000000001,False,False
대경권,1996,5.42,5.431159389089779,5.428178161963171,5.441871000000001,5.431017857425871,False,False
대경권,1997,5.51,5.494696031662419,5.462693395752544,5.522551,5.474254741451272,False,False
대경권,1998,5.56,5.614193997981645,5.755095726623502,5.572834,5.582632931296958,False,False
대경권,1999,5.61,5.640951616534287,5.7510117886547665,5.589522,5.63041588299381,False,False
대경권,2000,5.52,5.535092558082277,5.563582078956343,5.52618,5.53357900606686,False,False
대경권,2001,5.54,5.524289581546063,5.467847000632258,5.538558297701,5.545996789132687,False,False
대경권,2002,5.524182490420834,5.507397567728865,5.447367287467805,5.527689115019209,5.523587528910832,False,False
대경권,2003,5.524982970021344,5.550622137482382,5.6202001315890335,5.540065871338338,5.520758332362159,False,False
대경권,2004,5.569987301334792,5.569606602297502,5.53691521319983,5.59688183695071,5.565550312820278,False,False
대경권,2005,5.66,5.594508761040726,5.3890482138482865,5.6519675,5.657866417328192,False,False
대경권,2006,5.6,5.559528139387231,5.46219282777124,5.57128,5.600722442906763,False,False
대경권,2007,5.45,5.529399281249909,5.7428569226211295,5.48683875,5.452088296128482,False,False
대경권,2008,5.57,5.585000361026887,5.68719279558797,5.555190499999999,5.537554768861871,False,False
대경권,2009,5.47,5.474419459889871,5.437975483895888,5.5102710833333335,5.467480731182443,False,False
대경권,2010,5.6,5.5832429777441615,5.544006875354895,5.592773333333333,5.593014917092027,False,False
대경권,2011,5.531,5.502607381749107,5.411772070086046,5.535088018042096,5.52174256010396,False,False
대경권,2012,5.506550908508734,5.53566630395245,5.622313581915835,5.520382579700129,5.498512720435876,False,False
대경권,2013,5.519824545043229,5.516227998472919,5.502024356060925,5.523224979232747,5.517505786634831,False,False
대경권,2014,5.486461198361682,5.536752381460755,5.696856090699149,5.4865932048199095,5.493818757509232,False,False
동남권,1995,5.98,5.9758349536232265,5.971551465700645,5.972800000000001,5.98,False,False
동남권,1996,5.95,5.9297140535458945,5.8400023159773635,5.957497500000001,5.962095249388181,False,False
동남권,1997,5.98,5.956304969069736,5.908918508943094,5.985398,5.941205690359094,False,False
동남권,1998,6.0,5.960550752308972,5.832229233426095,5.9793,6.024424026579453,False,False
동남권,1999,5.91,5.9102944343735215,5.897792240842581,5.903982,5.9315076414426775,False,False
동남권,2000,5.88,5.939120587767914,6.1293646202419145,5.87427,5.8944645934190465,False,False
동남권,2001,5.85,5.80713826595674,5.6712399014286135,5.840020176136385,5.856332349535418,False,False
동남권,2002,5.79805802556827,5.816032886888673,5.871824265822561,5.801619988360069,5.797433567313324,False,False
동남권,2003,5.7984043921368436,5.865244360111238,6.076732491058883,5.81021349436854,5.7939706847949175,False,False
동남권,2004,5.828884970585967,5.785278815279941,5.614428124003652,5.851490018367391,5.824241747133606,False,False
동남권,2005,5.9,5.87943521292367,5.810659975277656,5.901837500000001,5.897775947391578,False,False
동남권,2006,5.88,5.8848808517987345,5.899799792742418,5.880444,5.880758565052101,False,False
동남권,2007,5.85,5.902180669479774,6.017569668843252,5.892228749999999,5.852241565569104,False,False
동남권,2008,5.99,5.9917364018549994,6.092838137754201,5.9446835,5.95510827028413,False,False
동남권,2009,5.76,5.7518179068250435,5.676061094423903,5.7983519999999995,5.757347168484619,False,False
동남권,2010,5.88,5.902444092248645,5.987525403464169,5.877799999999999,5.872665662946629,False,False
동남권,2011,5.83,5.8665273518264875,5.97654165279233,5.846126069308376,5.820242112711282,False,False
동남권,2012,5.853466955451564,5.85582467002508,5.8823364109818925,5.845885885265185,5.844922356654979,False,False
동남권,2013,5.77472623475607,5.81783336098458,5.957626794314635,5.779468353133906,5.772300397683937,False,False
동남권,2014,5.744758252086653,5.736898287132654,5.700453150009727,5.746664233341198,5.752462197690192,False,False
강원권,1995,5.14,5.144505241390437,5.175522712691898,5.128,5.14,False,False
강원권,1996,5.09,5.122582319254895,5.2045036883030065,5.1022545,5.1003470284682075,False,False
강원권,1997,5.14,5.135463108337013,5.1273997445252055,5.159713999999999,5.106655058268518,False,False
강원권,1998,5.22,5.159910692105272,4.962920095998722,5.201582999999999,5.241248903124124,False,False
강원권,1999,5.14,5.180589151055337,5.295810193149209,5.141028,5.158705461423918,False,False
강원권,2000,5.14,5.144347693071094,5.160482450557411,5.129284999999999,5.15264421941733,False,False
강원권,2001,5.09,5.086891463163934,5.069464873060358,5.091166336495816,5.095509685322269,False,False
강원권,2002,5.085846193732569,5.079437036423602,5.057291154014464,5.086843526365246,5.085298441601587,False,False
강원권,2003,5.077287130884388,5.047957018305005,4.929977954713531,5.095357879871885,5.073404820561258,False,False
강원권,2004,5.136186511972142,5.131333496250096,5.098722052500253,5.151581126285203,5.132095084231086,False,False
강원권,2005,5.18,5.162372657486558,5.094597491907001,5.1882275,5.178047357201419,False,False
강원권,2006,5.19,5.18246197880926,5.131669691741414,5.208747000000001,5.190669549765377,False,False
강원권,2007,5.24,5.262345547361681,5.295717542228457,5.269329000000001,5.242007829672155,False,False
강원권,2008,5.33,5.32119086554082,5.346348315961068,5.3123945,5.298952768049151,False,False
강원권,2009,5.22,5.266829682979003,5.404190754803159,5.235856499999999,5.217595871439186,False,False
강원권,2010,5.25,5.3029984262282905,5.4905416955488135,5.2467500000000005,5.243451484773776,False,False
강원권,2011,5.2,5.2352937984014885,5.359572986769098,5.2015526794151485,5.1912965670838185,False,False
강원권,2012,5.167469497563118,5.198153155790118,5.290019953139808,5.1809359555880325,5.159926283603544,False,False
강원권,2013,5.181952901714333,5.192446492948658,5.223230442274459,5.186731537207654,5.179776075845192,False,False
강원권,2014,5.157241510727298,5.083499026896418,4.827451679771532,5.159733764495504,5.164157573391645,False,False
제주권,1995,5.32,5.297026274849117,5.201247191012841,5.3344000000000005,5.32,False,False
제주권,1996,5.38,5.360503846421762,5.303421456336027,5.365869,5.3909365448249424,False,False
제주권,1997,5.32,5.366497164616945,5.536091043433122,5.334932,5.285487336573642,False,False
제주권,1998,5.38,5.39124418373249,5.4057485856745515,5.380806999999999,5.401900210499575,False,False
제주권,1999,5.38,5.4085736104299595,5.492405443680148,5.373875999999999,5.399578868183012,False,False
제주권,2000,5.35,5.388120095664239,5.493842935838932,5.3561375,5.36316081203944,False,False
제주권,2001,5.37,5.348221014424918,5.266859732244792,5.37221391859416,5.375812772137641,False,False
제주권,2002,5.369715285809002,5.427075681890414,5.646416510486432,5.349044398461599,5.369136960614228,False,False
제주권,2003,5.270162300313635,5.22418833355134,5.083877463345362,5.263482879241273,5.266132509408446,False,False
제주권,2004,5.225313146750697,5.197597783665228,5.0436571420256655,5.274602039019943,5.221150721746368,False,False
제주권,2005,5.41,5.445882341773401,5.569014490839242,5.408886249999999,5.407960656845497,False,False
제주권,2006,5.38,5.3763563995741555,5.36059167026687,5.382194,5.38069406122114,False,False
제주권,2007,5.36,5.362184361643204,5.299270423282878,5.411106,5.362053810504342,False,False
제주권,2008,5.54,5.495109414698406,5.352756611599478,5.558741000000001,5.50772951876028,False,False
제주권,2009,5.58,5.579188990557574,5.566717556280015,5.5892535,5.577430069469475,False,False
제주권,2010,5.58,5.6056913020157495,5.701569111584883,5.57754,5.5730398638167,False,False
제주권,2011,5.531,5.578548517386117,5.716419699613975,5.553410986716431,5.52174256010396,False,False
제주권,2012,5.582896611318458,5.608159892370122,5.683598704903001,5.595587929836357,5.574746977600597,False,False
제주권,2013,5.590803771329645,5.6252915132773165,5.728780467708825,5.601167841805034,5.588455196089856,False,False
제주권,2014,5.585844365835094,5.575091610773517,5.517751517531097,5.596349421215033,5.593335201699005,False,False
