id,region,year,air_quality,carbon_emission,renewable_energy,climate_vulnerability,green_space,waste_recycling,created_at
1,서울특별시,1997,73.83,8.62,4.2,42.42,11.83,40.3,2025-08-25 08:00:10
2,부산광역시,1997,68.25,10.05,1.07,87.19,1.68,34.21,2025-08-25 08:00:10
3,대구광역시,1997,57.06,10.38,-4.09,42.39,22.84,42.48,2025-08-25 08:00:10
4,인천광역시,1997,68.9,5.21,10.15,53.55,27.54,40.31,2025-08-25 08:00:10
5,광주광역시,1997,61.37,7.97,3.92,96.9,49.64,68.17,2025-08-25 08:00:10
6,대전광역시,1997,45.92,11.49,9.44,68.81,37.13,34.41,2025-08-25 08:00:10
7,울산광역시,1997,59.05,7.38,5.06,46.55,44.85,33.63,2025-08-25 08:00:10
8,세종특별자치시,1997,48.38,11.96,9.34,34.29,43.14,46.43,2025-08-25 08:00:10
9,경기도,1997,65.9,12.6,-0.64,50.98,18.42,43.67,2025-08-25 08:00:10
10,강원도,1997,76.05,4.87,2.79,40.68,17.92,41.37,2025-08-25 08:00:10
11,충청북도,1997,39.46,7.37,4.45,68.22,22.78,27.55,2025-08-25 08:00:10
12,충청남도,1997,51.77,11.13,10.46,56.19,49.62,23.58,2025-08-25 08:00:10
13,전라북도,1997,55.64,9.03,4.03,68.22,10.72,34.79,2025-08-25 08:00:10
14,전라남도,1997,30.8,7.15,-4.26,31.63,44.81,61.45,2025-08-25 08:00:10
15,경상북도,1997,43.7,5.47,5.35,3.15,25.76,38.22,2025-08-25 08:00:10
16,경상남도,1997,48.77,13.65,4.34,39.83,32.27,38.59,2025-08-25 08:00:10
17,제주특별자치도,1997,75.54,16.05,-0.35,37.37,19.32,45.06,2025-08-25 08:00:10
18,서울특별시,1998,47.12,17.78,-0.23,46.2,47.49,34.74,2025-08-25 08:00:11
19,부산광역시,1998,63.14,11.85,8.17,63.69,39.91,49.71,2025-08-25 08:00:11
20,대구광역시,1998,70.02,3.98,4.91,46.73,3.64,50.47,2025-08-25 08:00:11
21,인천광역시,1998,65.24,9.75,4.79,56.12,32.12,44.87,2025-08-25 08:00:11
22,광주광역시,1998,27.73,11.44,5.81,-6.08,29.54,44.08,2025-08-25 08:00:11
23,대전광역시,1998,69.78,8.06,-2.61,39.99,36.87,34.4,2025-08-25 08:00:11
24,울산광역시,1998,61.96,12.79,5.42,25.42,24.28,32.08,2025-08-25 08:00:11
25,세종특별자치시,1998,48.56,12.18,-2.1,79.2,26.15,43.7,2025-08-25 08:00:11
26,경기도,1998,80.97,14.51,3.72,3.69,32.31,18.98,2025-08-25 08:00:11
27,강원도,1998,68.12,13.95,6.82,59.64,-0.47,57.08,2025-08-25 08:00:11
28,충청북도,1998,49.88,8.9,2.62,50.0,40.36,49.07,2025-08-25 08:00:11
29,충청남도,1998,56.76,9.76,1.6,30.29,30.91,39.72,2025-08-25 08:00:11
30,전라북도,1998,62.69,9.67,1.61,34.22,44.1,47.27,2025-08-25 08:00:11
31,전라남도,1998,59.2,14.39,1.53,51.56,31.05,39.78,2025-08-25 08:00:11
32,경상북도,1998,67.03,9.7,2.93,31.65,36.86,49.74,2025-08-25 08:00:11
33,경상남도,1998,42.62,8.43,5.48,52.16,3.01,46.87,2025-08-25 08:00:11
34,제주특별자치도,1998,39.97,10.78,11.37,70.41,14.94,35.61,2025-08-25 08:00:11
35,서울특별시,1999,50.7,14.67,2.33,43.34,25.52,50.73,2025-08-25 08:00:12
36,부산광역시,1999,62.53,11.98,3.45,77.18,30.8,37.96,2025-08-25 08:00:12
37,대구광역시,1999,84.69,10.44,4.16,90.84,19.12,36.78,2025-08-25 08:00:12
38,인천광역시,1999,67.43,9.41,0.45,81.67,22.95,31.7,2025-08-25 08:00:12
39,광주광역시,1999,75.76,13.27,6.03,45.77,51.84,44.82,2025-08-25 08:00:12
40,대전광역시,1999,64.78,9.33,15.12,64.4,20.73,50.68,2025-08-25 08:00:12
41,울산광역시,1999,51.11,15.39,5.32,34.25,48.45,48.65,2025-08-25 08:00:12
42,세종특별자치시,1999,47.12,10.43,7.03,76.25,40.68,50.4,2025-08-25 08:00:12
43,경기도,1999,43.13,13.78,7.64,34.35,39.52,33.45,2025-08-25 08:00:12
44,강원도,1999,82.97,8.3,3.65,73.35,34.17,44.75,2025-08-25 08:00:12
45,충청북도,1999,46.74,9.89,3.96,53.48,31.11,42.77,2025-08-25 08:00:12
46,충청남도,1999,24.76,8.78,9.15,56.72,30.56,53.12,2025-08-25 08:00:12
47,전라북도,1999,55.4,6.68,4.77,42.4,22.31,37.36,2025-08-25 08:00:12
48,전라남도,1999,50.03,8.44,6.84,28.93,18.77,48.95,2025-08-25 08:00:12
49,경상북도,1999,72.54,11.09,3.23,78.98,33.85,43.91,2025-08-25 08:00:12
50,경상남도,1999,62.0,11.44,9.78,48.12,23.82,33.65,2025-08-25 08:00:12
51,제주특별자치도,1999,68.98,10.97,15.05,67.99,33.03,28.26,2025-08-25 08:00:12
52,서울특별시,2000,33.08,10.4,7.15,54.24,6.57,45.66,2025-08-25 08:00:13
53,부산광역시,2000,61.88,6.42,11.56,27.65,54.42,43.79,2025-08-25 08:00:13
54,대구광역시,2000,52.62,11.02,3.45,55.02,20.4,34.68,2025-08-25 08:00:13
55,인천광역시,2000,59.49,10.61,5.61,51.81,16.87,50.45,2025-08-25 08:00:13
56,광주광역시,2000,73.68,7.95,1.95,27.3,-1.2,31.98,2025-08-25 08:00:13
57,대전광역시,2000,18.92,13.17,7.5,56.27,12.52,39.91,2025-08-25 08:00:13
58,울산광역시,2000,70.18,10.12,-0.05,56.2,47.33,39.04,2025-08-25 08:00:13
59,세종특별자치시,2000,56.44,16.35,4.94,19.87,35.76,49.15,2025-08-25 08:00:13
60,경기도,2000,35.39,10.29,6.14,60.4,44.18,33.15,2025-08-25 08:00:13
61,강원도,2000,51.62,13.73,3.49,54.76,57.53,32.72,2025-08-25 08:00:13
62,충청북도,2000,68.27,7.1,-1.62,94.15,-1.83,32.95,2025-08-25 08:00:13
63,충청남도,2000,58.88,13.15,4.78,46.54,34.33,32.35,2025-08-25 08:00:13
64,전라북도,2000,38.66,10.52,6.74,48.5,36.07,33.8,2025-08-25 08:00:13
65,전라남도,2000,66.4,13.56,3.21,42.15,31.46,26.82,2025-08-25 08:00:13
66,경상북도,2000,71.03,6.06,7.77,4.66,63.22,36.61,2025-08-25 08:00:13
67,경상남도,2000,47.86,6.65,2.08,60.3,26.21,40.61,2025-08-25 08:00:13
68,제주특별자치도,2000,47.76,11.28,4.83,99.57,29.43,46.64,2025-08-25 08:00:13
69,서울특별시,2001,66.91,9.73,6.9,61.84,53.73,32.56,2025-08-25 08:00:14
70,부산광역시,2001,26.1,7.4,3.2,-2.96,33.25,40.25,2025-08-25 08:00:14
71,대구광역시,2001,73.16,15.89,-0.31,23.11,32.56,31.65,2025-08-25 08:00:14
72,인천광역시,2001,49.57,9.68,8.45,54.96,30.13,38.41,2025-08-25 08:00:14
73,광주광역시,2001,74.24,10.49,1.2,66.34,35.06,56.83,2025-08-25 08:00:14
74,대전광역시,2001,67.79,11.86,0.68,46.12,30.86,40.32,2025-08-25 08:00:14
75,울산광역시,2001,68.82,14.17,1.19,77.51,49.85,38.95,2025-08-25 08:00:14
76,세종특별자치시,2001,40.36,8.46,6.79,69.35,33.3,17.58,2025-08-25 08:00:14
77,경기도,2001,80.13,13.32,4.19,55.85,31.6,45.7,2025-08-25 08:00:14
78,강원도,2001,50.99,5.43,0.41,65.17,26.81,40.43,2025-08-25 08:00:14
79,충청북도,2001,60.67,7.55,6.19,79.46,27.29,38.84,2025-08-25 08:00:14
80,충청남도,2001,60.33,6.42,0.92,81.11,14.71,40.72,2025-08-25 08:00:14
81,전라북도,2001,53.99,9.72,8.32,70.24,46.4,49.9,2025-08-25 08:00:14
82,전라남도,2001,34.67,7.0,3.14,23.51,21.92,58.86,2025-08-25 08:00:14
83,경상북도,2001,54.02,7.18,5.58,13.89,27.4,47.33,2025-08-25 08:00:14
84,경상남도,2001,62.53,16.44,8.75,63.21,4.6,56.91,2025-08-25 08:00:14
85,제주특별자치도,2001,58.87,8.99,9.3,65.57,39.93,44.08,2025-08-25 08:00:14
86,서울특별시,2002,86.31,10.47,1.63,39.52,42.16,27.0,2025-08-25 08:00:15
87,부산광역시,2002,69.91,11.14,6.99,71.89,57.54,31.1,2025-08-25 08:00:15
88,대구광역시,2002,46.62,8.39,2.45,50.06,13.49,39.93,2025-08-25 08:00:15
89,인천광역시,2002,46.26,13.97,5.58,6.32,20.16,38.29,2025-08-25 08:00:15
90,광주광역시,2002,54.97,8.9,10.65,41.78,43.72,46.14,2025-08-25 08:00:15
91,대전광역시,2002,30.77,5.64,7.46,6.21,-16.18,43.31,2025-08-25 08:00:15
92,울산광역시,2002,67.86,10.66,5.58,44.66,52.11,19.09,2025-08-25 08:00:15
93,세종특별자치시,2002,63.08,6.63,0.12,39.56,33.99,39.99,2025-08-25 08:00:15
94,경기도,2002,47.89,6.22,10.02,70.72,52.14,58.75,2025-08-25 08:00:15
95,강원도,2002,69.39,8.06,-1.2,50.75,27.92,39.57,2025-08-25 08:00:15
96,충청북도,2002,60.71,9.58,7.27,83.95,14.91,30.45,2025-08-25 08:00:15
97,충청남도,2002,68.73,13.75,5.71,39.9,22.8,43.1,2025-08-25 08:00:15
98,전라북도,2002,88.1,11.49,4.07,49.2,38.29,42.37,2025-08-25 08:00:15
99,전라남도,2002,56.43,2.19,7.35,93.59,39.58,17.63,2025-08-25 08:00:15
100,경상북도,2002,53.54,13.1,8.35,64.44,33.28,46.13,2025-08-25 08:00:15
101,경상남도,2002,63.45,9.5,6.73,13.51,11.3,33.18,2025-08-25 08:00:15
102,제주특별자치도,2002,64.34,4.43,6.85,4.89,48.94,29.13,2025-08-25 08:00:15
103,서울특별시,2003,60.44,9.25,6.69,69.82,49.2,49.32,2025-08-25 08:00:16
104,부산광역시,2003,53.33,12.91,0.67,60.86,30.77,51.28,2025-08-25 08:00:16
105,대구광역시,2003,42.37,5.54,3.05,67.28,30.36,36.08,2025-08-25 08:00:16
106,인천광역시,2003,55.2,7.35,7.35,58.92,5.21,32.14,2025-08-25 08:00:16
107,광주광역시,2003,38.83,10.29,6.12,53.14,25.26,37.87,2025-08-25 08:00:16
108,대전광역시,2003,53.39,8.56,7.97,25.25,58.9,33.71,2025-08-25 08:00:16
109,울산광역시,2003,48.8,8.83,4.37,53.09,25.1,39.46,2025-08-25 08:00:16
110,세종특별자치시,2003,41.31,14.06,1.66,56.59,14.15,34.65,2025-08-25 08:00:16
111,경기도,2003,56.71,9.44,6.47,-19.07,10.61,31.04,2025-08-25 08:00:16
112,강원도,2003,73.59,7.21,5.84,33.51,42.42,52.5,2025-08-25 08:00:16
113,충청북도,2003,86.11,7.21,13.46,59.96,32.9,37.45,2025-08-25 08:00:16
114,충청남도,2003,63.25,8.53,7.8,61.42,29.71,47.89,2025-08-25 08:00:16
115,전라북도,2003,63.79,13.3,5.89,9.74,35.06,27.84,2025-08-25 08:00:16
116,전라남도,2003,52.63,13.09,8.78,40.97,42.77,46.2,2025-08-25 08:00:16
117,경상북도,2003,37.53,7.29,6.0,57.09,22.39,37.36,2025-08-25 08:00:16
118,경상남도,2003,54.71,8.66,0.44,19.06,38.89,43.57,2025-08-25 08:00:16
119,제주특별자치도,2003,66.58,11.28,8.11,38.38,59.3,28.36,2025-08-25 08:00:16
120,서울특별시,2004,51.81,9.11,3.47,78.45,21.82,30.63,2025-08-25 08:00:17
121,부산광역시,2004,93.42,8.78,-0.36,50.27,36.37,42.83,2025-08-25 08:00:17
122,대구광역시,2004,52.58,7.44,11.6,59.94,39.5,36.08,2025-08-25 08:00:17
123,인천광역시,2004,70.2,11.74,3.97,67.12,36.6,48.23,2025-08-25 08:00:17
124,광주광역시,2004,84.64,14.47,3.94,46.19,37.7,48.71,2025-08-25 08:00:17
125,대전광역시,2004,64.48,13.15,7.43,17.91,40.68,45.38,2025-08-25 08:00:17
126,울산광역시,2004,34.12,7.87,-0.88,40.22,37.34,34.72,2025-08-25 08:00:17
127,세종특별자치시,2004,35.53,12.07,6.18,39.67,35.31,48.21,2025-08-25 08:00:17
128,경기도,2004,68.14,15.13,1.89,33.17,36.63,28.55,2025-08-25 08:00:17
129,강원도,2004,50.94,8.83,1.61,17.16,-8.88,34.72,2025-08-25 08:00:17
130,충청북도,2004,67.08,11.86,2.98,58.84,45.44,33.65,2025-08-25 08:00:17
131,충청남도,2004,71.63,8.83,5.59,42.62,4.0,35.24,2025-08-25 08:00:17
132,전라북도,2004,57.08,7.09,6.76,29.2,23.66,24.77,2025-08-25 08:00:17
133,전라남도,2004,79.42,10.0,6.11,74.55,28.62,48.5,2025-08-25 08:00:17
134,경상북도,2004,47.57,13.65,-0.88,39.37,29.45,42.3,2025-08-25 08:00:17
135,경상남도,2004,64.43,5.06,2.4,13.51,28.44,51.78,2025-08-25 08:00:17
136,제주특별자치도,2004,89.93,6.96,2.71,40.29,30.91,33.27,2025-08-25 08:00:17
137,서울특별시,2005,49.45,8.16,5.54,68.27,35.93,32.11,2025-08-25 08:00:18
138,부산광역시,2005,61.04,4.15,10.4,28.39,41.08,42.39,2025-08-25 08:00:18
139,대구광역시,2005,30.18,7.43,4.9,75.92,0.53,52.25,2025-08-25 08:00:18
140,인천광역시,2005,31.27,9.08,5.44,80.85,58.18,40.97,2025-08-25 08:00:18
141,광주광역시,2005,53.58,10.47,9.75,43.91,38.05,45.07,2025-08-25 08:00:18
142,대전광역시,2005,61.61,13.88,13.88,57.81,9.86,33.12,2025-08-25 08:00:18
143,울산광역시,2005,40.6,10.19,2.8,40.83,27.73,42.38,2025-08-25 08:00:18
144,세종특별자치시,2005,64.52,12.8,11.7,49.32,38.22,43.08,2025-08-25 08:00:18
145,경기도,2005,75.68,12.8,4.74,26.01,18.17,30.38,2025-08-25 08:00:18
146,강원도,2005,79.44,8.76,5.32,73.37,39.48,46.53,2025-08-25 08:00:18
147,충청북도,2005,70.3,6.55,6.38,48.99,44.32,45.33,2025-08-25 08:00:18
148,충청남도,2005,68.79,8.91,3.33,12.43,35.12,42.56,2025-08-25 08:00:18
149,전라북도,2005,74.8,7.22,6.09,76.69,38.37,37.58,2025-08-25 08:00:18
150,전라남도,2005,43.47,9.45,-1.85,73.08,43.61,50.78,2025-08-25 08:00:18
151,경상북도,2005,73.95,5.72,-5.0,11.15,44.32,51.98,2025-08-25 08:00:18
152,경상남도,2005,64.21,13.01,9.75,40.07,46.38,36.03,2025-08-25 08:00:18
153,제주특별자치도,2005,49.74,9.36,8.88,60.26,39.01,46.21,2025-08-25 08:00:18
154,서울특별시,2006,30.77,6.36,2.79,5.78,19.04,28.26,2025-08-25 08:00:19
155,부산광역시,2006,30.01,9.39,4.38,28.07,30.52,43.16,2025-08-25 08:00:19
156,대구광역시,2006,59.54,11.4,2.72,86.44,40.23,29.48,2025-08-25 08:00:19
157,인천광역시,2006,88.27,9.43,5.73,63.82,35.75,41.61,2025-08-25 08:00:19
158,광주광역시,2006,74.26,10.81,-0.31,44.36,60.86,40.84,2025-08-25 08:00:19
159,대전광역시,2006,49.03,10.48,3.98,65.82,39.1,23.69,2025-08-25 08:00:19
160,울산광역시,2006,66.24,13.18,4.1,63.77,16.16,18.72,2025-08-25 08:00:19
161,세종특별자치시,2006,28.1,8.23,1.88,85.01,44.15,31.35,2025-08-25 08:00:19
162,경기도,2006,71.04,13.76,7.06,48.69,43.48,26.17,2025-08-25 08:00:19
163,강원도,2006,68.25,8.96,4.68,26.07,54.36,44.94,2025-08-25 08:00:19
164,충청북도,2006,56.71,10.95,7.03,57.58,9.97,25.1,2025-08-25 08:00:19
165,충청남도,2006,68.23,5.46,3.06,81.62,4.43,44.45,2025-08-25 08:00:19
166,전라북도,2006,82.42,11.16,5.2,17.35,43.54,41.91,2025-08-25 08:00:19
167,전라남도,2006,88.65,10.42,8.08,83.28,20.59,40.23,2025-08-25 08:00:19
168,경상북도,2006,44.42,11.84,0.78,52.73,27.91,39.04,2025-08-25 08:00:19
169,경상남도,2006,62.7,8.53,1.31,57.87,51.55,27.19,2025-08-25 08:00:19
170,제주특별자치도,2006,57.11,5.62,6.95,56.42,39.82,34.15,2025-08-25 08:00:19
171,서울특별시,2007,55.49,8.28,4.4,99.78,44.75,53.82,2025-08-25 08:00:20
172,부산광역시,2007,61.32,12.65,-0.94,58.96,36.87,41.67,2025-08-25 08:00:20
173,대구광역시,2007,59.08,10.35,5.1,40.77,36.2,28.26,2025-08-25 08:00:20
174,인천광역시,2007,25.92,8.41,5.56,55.78,22.95,17.34,2025-08-25 08:00:20
175,광주광역시,2007,78.25,6.56,14.19,71.32,11.26,37.53,2025-08-25 08:00:20
176,대전광역시,2007,37.67,13.0,9.03,39.85,41.41,49.81,2025-08-25 08:00:20
177,울산광역시,2007,81.2,11.21,4.14,22.4,31.45,53.97,2025-08-25 08:00:20
178,세종특별자치시,2007,24.6,5.64,5.28,8.75,47.62,45.25,2025-08-25 08:00:20
179,경기도,2007,30.79,11.74,1.7,35.54,46.68,58.21,2025-08-25 08:00:20
180,강원도,2007,75.48,14.31,5.61,36.63,52.54,54.62,2025-08-25 08:00:20
181,충청북도,2007,74.58,4.65,4.37,58.33,36.9,37.14,2025-08-25 08:00:20
182,충청남도,2007,43.62,6.06,5.96,61.68,15.34,46.18,2025-08-25 08:00:20
183,전라북도,2007,40.16,8.72,6.79,105.62,14.1,24.73,2025-08-25 08:00:20
184,전라남도,2007,68.81,7.87,-1.58,42.33,3.16,43.77,2025-08-25 08:00:20
185,경상북도,2007,70.1,10.85,4.58,44.2,12.82,47.99,2025-08-25 08:00:20
186,경상남도,2007,74.4,7.52,1.33,50.86,28.43,48.84,2025-08-25 08:00:20
187,제주특별자치도,2007,38.01,17.45,8.5,41.04,20.37,36.9,2025-08-25 08:00:20
188,서울특별시,2008,54.73,8.58,5.53,66.44,43.36,32.48,2025-08-25 08:00:22
189,부산광역시,2008,54.33,4.22,2.16,72.46,34.07,35.96,2025-08-25 08:00:22
190,대구광역시,2008,45.06,9.17,4.45,63.87,24.45,31.23,2025-08-25 08:00:22
191,인천광역시,2008,65.83,14.19,8.69,54.3,23.97,22.16,2025-08-25 08:00:22
192,광주광역시,2008,83.9,11.32,3.69,62.18,30.55,45.91,2025-08-25 08:00:22
193,대전광역시,2008,44.11,12.44,7.01,15.73,11.78,21.13,2025-08-25 08:00:22
194,울산광역시,2008,60.89,13.5,9.85,26.19,37.76,57.86,2025-08-25 08:00:22
195,세종특별자치시,2008,39.8,9.8,0.81,30.4,29.53,42.9,2025-08-25 08:00:22
196,경기도,2008,68.6,8.44,5.04,30.58,11.43,48.15,2025-08-25 08:00:22
197,강원도,2008,60.19,11.5,-0.63,77.06,21.51,34.18,2025-08-25 08:00:22
198,충청북도,2008,68.71,8.83,6.21,36.36,29.44,39.85,2025-08-25 08:00:22
199,충청남도,2008,90.59,8.64,6.31,36.08,20.11,48.72,2025-08-25 08:00:22
200,전라북도,2008,73.85,8.78,0.82,35.46,24.47,43.81,2025-08-25 08:00:22
201,전라남도,2008,36.81,9.3,11.6,98.37,41.49,34.07,2025-08-25 08:00:22
202,경상북도,2008,88.73,10.19,2.9,42.22,42.96,45.61,2025-08-25 08:00:22
203,경상남도,2008,39.39,12.61,3.83,66.72,11.34,39.95,2025-08-25 08:00:22
204,제주특별자치도,2008,60.9,4.83,7.9,55.24,31.07,36.94,2025-08-25 08:00:22
205,서울특별시,2009,54.5,10.28,6.31,40.45,19.66,42.77,2025-08-25 08:00:23
206,부산광역시,2009,48.34,11.32,0.64,10.29,30.4,33.03,2025-08-25 08:00:23
207,대구광역시,2009,62.82,10.07,-3.27,40.02,10.94,35.72,2025-08-25 08:00:23
208,인천광역시,2009,61.25,8.95,8.67,22.83,24.79,48.59,2025-08-25 08:00:23
209,광주광역시,2009,47.29,12.39,2.43,53.71,7.79,37.11,2025-08-25 08:00:23
210,대전광역시,2009,71.12,11.71,-0.14,60.94,32.44,33.84,2025-08-25 08:00:23
211,울산광역시,2009,72.91,12.32,-0.17,47.56,22.29,48.61,2025-08-25 08:00:23
212,세종특별자치시,2009,70.55,13.35,4.88,43.28,42.1,39.8,2025-08-25 08:00:23
213,경기도,2009,46.68,7.25,-0.41,19.86,17.28,38.61,2025-08-25 08:00:23
214,강원도,2009,65.65,7.62,7.34,47.24,51.14,48.87,2025-08-25 08:00:23
215,충청북도,2009,91.69,6.31,8.27,42.79,52.11,25.32,2025-08-25 08:00:23
216,충청남도,2009,80.41,13.04,3.02,50.97,38.29,34.32,2025-08-25 08:00:23
217,전라북도,2009,80.52,7.42,6.39,41.89,40.85,32.94,2025-08-25 08:00:23
218,전라남도,2009,87.53,5.39,11.83,70.58,36.3,40.43,2025-08-25 08:00:23
219,경상북도,2009,59.42,9.16,1.77,30.11,27.75,50.35,2025-08-25 08:00:23
220,경상남도,2009,21.79,14.8,3.72,18.98,20.54,31.91,2025-08-25 08:00:23
221,제주특별자치도,2009,69.48,12.07,9.27,49.57,55.67,22.04,2025-08-25 08:00:23
222,서울특별시,2010,65.76,4.09,13.84,42.72,25.95,40.17,2025-08-25 08:00:24
223,부산광역시,2010,69.7,7.4,2.49,32.03,61.94,22.67,2025-08-25 08:00:24
224,대구광역시,2010,42.39,7.49,-0.43,44.3,16.58,38.03,2025-08-25 08:00:24
225,인천광역시,2010,45.17,8.78,4.85,51.97,5.72,38.45,2025-08-25 08:00:24
226,광주광역시,2010,79.78,12.95,6.48,56.82,14.53,25.04,2025-08-25 08:00:24
227,대전광역시,2010,69.99,8.18,5.8,54.67,51.73,32.33,2025-08-25 08:00:24
228,울산광역시,2010,44.07,15.65,6.41,55.35,39.93,31.92,2025-08-25 08:00:24
229,세종특별자치시,2010,72.54,7.46,10.44,36.66,26.14,34.28,2025-08-25 08:00:24
230,경기도,2010,60.69,10.59,2.8,64.76,20.06,42.05,2025-08-25 08:00:24
231,강원도,2010,79.45,13.38,5.29,25.84,32.63,19.93,2025-08-25 08:00:24
232,충청북도,2010,64.45,12.78,4.31,59.22,37.57,40.85,2025-08-25 08:00:24
233,충청남도,2010,67.35,10.61,5.93,23.29,26.07,21.31,2025-08-25 08:00:24
234,전라북도,2010,60.61,11.2,4.58,34.51,15.71,41.14,2025-08-25 08:00:24
235,전라남도,2010,22.01,13.86,0.72,80.49,44.28,36.24,2025-08-25 08:00:24
236,경상북도,2010,71.17,12.39,3.28,52.61,26.24,21.9,2025-08-25 08:00:24
237,경상남도,2010,82.11,12.68,8.68,10.33,33.6,43.38,2025-08-25 08:00:24
238,제주특별자치도,2010,48.27,10.15,9.03,43.79,15.24,39.79,2025-08-25 08:00:24
239,서울특별시,2011,67.54,11.19,14.25,56.25,20.53,43.47,2025-08-25 08:00:25
240,부산광역시,2011,68.4,9.4,3.23,60.68,25.51,49.27,2025-08-25 08:00:25
241,대구광역시,2011,73.24,5.14,5.4,45.22,7.16,40.35,2025-08-25 08:00:25
242,인천광역시,2011,69.79,7.06,4.41,61.84,29.42,54.14,2025-08-25 08:00:25
243,광주광역시,2011,46.52,13.84,5.32,64.17,27.73,34.48,2025-08-25 08:00:25
244,대전광역시,2011,48.41,16.56,0.49,99.38,21.64,47.89,2025-08-25 08:00:25
245,울산광역시,2011,63.06,8.61,9.16,85.11,26.21,26.82,2025-08-25 08:00:25
246,세종특별자치시,2011,66.37,5.86,5.68,57.28,26.77,58.42,2025-08-25 08:00:25
247,경기도,2011,20.71,7.84,6.33,49.6,25.45,43.28,2025-08-25 08:00:25
248,강원도,2011,64.17,11.31,5.61,65.21,18.13,42.33,2025-08-25 08:00:25
249,충청북도,2011,71.43,11.09,3.1,45.57,24.36,48.84,2025-08-25 08:00:25
250,충청남도,2011,57.76,7.61,5.55,68.38,25.55,30.55,2025-08-25 08:00:25
251,전라북도,2011,43.98,12.88,7.75,68.56,16.24,33.42,2025-08-25 08:00:25
252,전라남도,2011,56.91,11.28,8.9,36.09,22.69,46.78,2025-08-25 08:00:25
253,경상북도,2011,56.75,10.44,2.3,29.74,42.21,54.38,2025-08-25 08:00:25
254,경상남도,2011,62.18,11.73,-0.99,58.61,52.62,37.74,2025-08-25 08:00:25
255,제주특별자치도,2011,53.31,9.45,9.81,48.33,16.32,23.0,2025-08-25 08:00:25
256,서울특별시,2012,57.75,10.54,-1.52,63.97,30.69,34.25,2025-08-25 08:00:26
257,부산광역시,2012,58.48,7.74,6.22,59.53,50.53,44.73,2025-08-25 08:00:26
258,대구광역시,2012,78.05,10.7,3.48,60.86,28.87,38.21,2025-08-25 08:00:26
259,인천광역시,2012,71.99,11.13,12.3,34.22,33.57,37.36,2025-08-25 08:00:26
260,광주광역시,2012,72.69,5.75,-3.28,44.01,27.35,60.92,2025-08-25 08:00:26
261,대전광역시,2012,49.61,13.59,7.06,64.7,27.34,45.44,2025-08-25 08:00:26
262,울산광역시,2012,43.37,12.11,7.49,53.52,19.52,47.78,2025-08-25 08:00:26
263,세종특별자치시,2012,24.25,3.65,6.99,69.35,55.13,49.0,2025-08-25 08:00:26
264,경기도,2012,85.26,5.21,3.32,38.36,23.77,41.99,2025-08-25 08:00:26
265,강원도,2012,67.18,12.7,3.03,53.62,48.05,29.41,2025-08-25 08:00:26
266,충청북도,2012,62.48,12.89,-3.58,32.39,31.43,28.35,2025-08-25 08:00:26
267,충청남도,2012,49.52,9.64,12.15,51.42,28.02,32.56,2025-08-25 08:00:26
268,전라북도,2012,40.71,10.58,4.46,50.91,51.36,38.97,2025-08-25 08:00:26
269,전라남도,2012,79.09,14.7,8.82,45.11,44.76,39.94,2025-08-25 08:00:26
270,경상북도,2012,68.64,8.23,0.15,80.36,20.21,36.41,2025-08-25 08:00:26
271,경상남도,2012,75.44,9.2,0.84,59.16,43.49,31.93,2025-08-25 08:00:26
272,제주특별자치도,2012,62.41,7.71,4.41,60.64,5.8,54.25,2025-08-25 08:00:26
273,서울특별시,2013,92.59,7.04,6.56,28.18,41.27,39.75,2025-08-25 08:00:27
274,부산광역시,2013,50.03,10.15,11.38,62.74,35.3,29.47,2025-08-25 08:00:27
275,대구광역시,2013,78.66,7.86,2.22,72.77,24.91,41.27,2025-08-25 08:00:27
276,인천광역시,2013,77.78,8.05,16.93,53.75,23.01,39.5,2025-08-25 08:00:27
277,광주광역시,2013,46.87,5.74,9.48,42.05,9.81,55.08,2025-08-25 08:00:27
278,대전광역시,2013,59.02,13.06,4.87,49.83,23.44,31.31,2025-08-25 08:00:27
279,울산광역시,2013,75.43,7.79,10.02,44.92,39.82,30.5,2025-08-25 08:00:27
280,세종특별자치시,2013,44.42,11.66,3.41,70.33,12.67,50.62,2025-08-25 08:00:27
281,경기도,2013,71.1,6.47,10.97,28.69,34.22,31.99,2025-08-25 08:00:27
282,강원도,2013,52.29,14.53,2.27,58.92,41.74,60.28,2025-08-25 08:00:27
283,충청북도,2013,32.22,8.45,-0.88,51.74,13.24,48.29,2025-08-25 08:00:27
284,충청남도,2013,87.6,10.5,8.67,65.62,28.04,46.55,2025-08-25 08:00:27
285,전라북도,2013,48.8,15.38,8.05,67.42,7.89,54.57,2025-08-25 08:00:27
286,전라남도,2013,58.57,6.92,6.07,63.52,33.77,40.2,2025-08-25 08:00:27
287,경상북도,2013,61.68,5.75,5.75,13.0,25.23,36.69,2025-08-25 08:00:27
288,경상남도,2013,48.48,11.15,10.5,50.49,31.07,43.27,2025-08-25 08:00:27
289,제주특별자치도,2013,54.3,6.47,0.04,31.5,30.15,45.48,2025-08-25 08:00:27
290,서울특별시,2014,52.94,7.94,5.49,54.59,29.39,42.12,2025-08-25 08:00:28
291,부산광역시,2014,79.66,7.07,-1.18,54.79,21.95,53.39,2025-08-25 08:00:28
292,대구광역시,2014,64.42,11.63,10.1,49.37,27.79,36.26,2025-08-25 08:00:28
293,인천광역시,2014,54.9,9.7,8.11,40.5,35.42,19.06,2025-08-25 08:00:28
294,광주광역시,2014,51.66,13.21,0.96,31.2,46.96,61.96,2025-08-25 08:00:28
295,대전광역시,2014,74.95,12.66,15.76,39.22,16.58,32.54,2025-08-25 08:00:28
296,울산광역시,2014,52.24,9.09,0.19,31.63,19.91,35.33,2025-08-25 08:00:28
297,세종특별자치시,2014,58.87,10.76,2.06,40.7,19.52,33.43,2025-08-25 08:00:28
298,경기도,2014,76.78,10.74,-0.25,80.33,1.0,48.03,2025-08-25 08:00:28
299,강원도,2014,79.41,12.17,6.21,61.91,40.61,29.59,2025-08-25 08:00:28
300,충청북도,2014,36.62,14.55,1.49,31.5,38.2,53.72,2025-08-25 08:00:28
301,충청남도,2014,66.57,9.99,5.34,61.17,53.33,55.51,2025-08-25 08:00:28
302,전라북도,2014,34.65,11.91,3.36,38.38,13.37,41.22,2025-08-25 08:00:28
303,전라남도,2014,50.79,12.16,6.0,90.15,35.37,27.64,2025-08-25 08:00:28
304,경상북도,2014,66.32,9.76,7.06,69.94,26.18,55.04,2025-08-25 08:00:28
305,경상남도,2014,45.95,12.56,6.93,74.24,5.9,42.84,2025-08-25 08:00:28
306,제주특별자치도,2014,46.54,8.63,3.88,73.0,11.83,49.78,2025-08-25 08:00:28
307,서울특별시,2015,56.32,14.01,6.65,61.98,51.77,26.1,2025-08-25 08:00:29
308,부산광역시,2015,60.7,12.65,3.68,46.57,48.48,24.88,2025-08-25 08:00:29
309,대구광역시,2015,66.31,9.16,6.32,59.66,61.27,44.11,2025-08-25 08:00:29
310,인천광역시,2015,55.45,11.66,4.83,93.99,37.32,19.74,2025-08-25 08:00:29
311,광주광역시,2015,78.47,7.68,-0.84,26.05,40.98,24.98,2025-08-25 08:00:29
312,대전광역시,2015,43.58,10.62,-1.24,45.86,20.21,55.74,2025-08-25 08:00:29
313,울산광역시,2015,79.85,5.14,5.85,57.01,29.71,38.5,2025-08-25 08:00:29
314,세종특별자치시,2015,71.32,5.7,5.92,39.21,23.6,39.64,2025-08-25 08:00:29
315,경기도,2015,58.47,14.25,7.31,47.28,33.56,32.34,2025-08-25 08:00:29
316,강원도,2015,73.71,11.98,16.91,42.67,50.5,23.84,2025-08-25 08:00:29
317,충청북도,2015,70.57,15.67,9.42,71.97,48.35,45.58,2025-08-25 08:00:29
318,충청남도,2015,87.6,8.85,14.32,49.38,43.53,35.64,2025-08-25 08:00:29
319,전라북도,2015,73.58,10.3,12.59,47.46,36.2,44.05,2025-08-25 08:00:29
320,전라남도,2015,60.83,4.93,9.23,47.54,27.14,32.52,2025-08-25 08:00:29
321,경상북도,2015,67.85,10.18,4.0,50.24,41.18,35.79,2025-08-25 08:00:29
322,경상남도,2015,55.45,16.44,13.36,38.89,23.52,44.98,2025-08-25 08:00:29
323,제주특별자치도,2015,47.46,12.19,7.29,46.95,23.84,57.53,2025-08-25 08:00:29
324,서울특별시,2016,51.73,7.08,1.71,19.87,25.96,22.09,2025-08-25 08:00:30
325,부산광역시,2016,52.44,7.81,5.42,40.06,37.38,30.62,2025-08-25 08:00:30
326,대구광역시,2016,51.86,12.81,7.8,40.07,9.92,29.52,2025-08-25 08:00:30
327,인천광역시,2016,36.8,12.48,4.75,48.43,45.27,35.74,2025-08-25 08:00:30
328,광주광역시,2016,91.8,12.91,1.58,54.71,1.42,53.66,2025-08-25 08:00:30
329,대전광역시,2016,62.69,14.01,5.03,31.51,46.48,40.21,2025-08-25 08:00:30
330,울산광역시,2016,35.09,9.94,2.67,53.89,29.25,16.7,2025-08-25 08:00:30
331,세종특별자치시,2016,59.47,13.75,0.84,33.75,13.78,50.61,2025-08-25 08:00:30
332,경기도,2016,70.03,6.19,2.57,45.1,37.59,39.9,2025-08-25 08:00:30
333,강원도,2016,46.9,8.22,1.85,31.33,77.71,41.76,2025-08-25 08:00:30
334,충청북도,2016,57.37,7.57,-1.07,66.37,17.18,43.16,2025-08-25 08:00:30
335,충청남도,2016,68.05,8.56,8.8,39.32,28.21,42.14,2025-08-25 08:00:30
336,전라북도,2016,21.47,14.1,-0.17,54.08,67.35,47.67,2025-08-25 08:00:30
337,전라남도,2016,43.12,11.76,3.86,10.75,31.45,32.29,2025-08-25 08:00:30
338,경상북도,2016,68.6,2.79,2.02,82.9,50.86,58.15,2025-08-25 08:00:30
339,경상남도,2016,43.78,5.44,2.55,13.36,31.23,51.7,2025-08-25 08:00:30
340,제주특별자치도,2016,47.69,8.56,0.16,26.43,44.91,25.15,2025-08-25 08:00:30
341,서울특별시,2017,79.95,9.94,7.63,68.59,10.81,26.97,2025-08-25 08:00:31
342,부산광역시,2017,58.55,12.36,12.49,70.93,60.64,56.97,2025-08-25 08:00:31
343,대구광역시,2017,74.92,11.16,6.97,62.33,13.74,24.29,2025-08-25 08:00:31
344,인천광역시,2017,69.62,11.71,4.16,10.6,8.06,13.34,2025-08-25 08:00:31
345,광주광역시,2017,49.09,4.75,-2.55,89.58,29.5,22.96,2025-08-25 08:00:31
346,대전광역시,2017,68.77,8.35,11.03,49.11,47.8,49.39,2025-08-25 08:00:31
347,울산광역시,2017,58.16,12.23,5.35,16.76,59.05,34.72,2025-08-25 08:00:31
348,세종특별자치시,2017,56.32,7.18,9.12,66.96,30.97,38.23,2025-08-25 08:00:31
349,경기도,2017,61.22,13.25,3.75,83.58,25.13,42.5,2025-08-25 08:00:31
350,강원도,2017,47.21,13.22,8.28,48.47,56.4,35.71,2025-08-25 08:00:31
351,충청북도,2017,40.0,5.02,0.21,25.6,40.16,40.41,2025-08-25 08:00:31
352,충청남도,2017,60.92,6.94,1.91,48.91,11.58,55.49,2025-08-25 08:00:31
353,전라북도,2017,71.93,7.61,2.32,38.71,23.99,23.31,2025-08-25 08:00:31
354,전라남도,2017,71.99,4.89,7.26,40.51,21.41,26.74,2025-08-25 08:00:31
355,경상북도,2017,77.13,7.6,0.93,31.51,29.72,41.35,2025-08-25 08:00:31
356,경상남도,2017,62.62,9.14,5.62,23.63,41.34,38.87,2025-08-25 08:00:31
357,제주특별자치도,2017,41.86,11.54,4.89,29.18,24.71,39.83,2025-08-25 08:00:31
358,서울특별시,2018,40.33,12.77,4.72,53.65,6.05,36.35,2025-08-25 08:00:32
359,부산광역시,2018,34.04,11.09,5.13,41.82,21.95,52.59,2025-08-25 08:00:32
360,대구광역시,2018,46.06,13.83,-1.82,62.68,4.37,52.68,2025-08-25 08:00:32
361,인천광역시,2018,41.13,10.35,-0.03,46.73,33.88,53.93,2025-08-25 08:00:32
362,광주광역시,2018,49.64,9.92,3.93,31.89,14.53,37.82,2025-08-25 08:00:32
363,대전광역시,2018,51.48,16.41,7.95,39.24,18.54,40.37,2025-08-25 08:00:32
364,울산광역시,2018,52.15,10.54,-0.04,10.4,21.72,41.02,2025-08-25 08:00:32
365,세종특별자치시,2018,58.35,5.01,3.33,30.73,25.75,55.15,2025-08-25 08:00:32
366,경기도,2018,59.0,12.06,4.92,54.33,45.44,35.33,2025-08-25 08:00:32
367,강원도,2018,68.64,5.85,5.24,31.18,22.51,40.47,2025-08-25 08:00:32
368,충청북도,2018,53.02,8.74,2.65,48.62,38.65,45.68,2025-08-25 08:00:32
369,충청남도,2018,83.82,10.92,1.05,47.71,23.69,16.82,2025-08-25 08:00:32
370,전라북도,2018,52.94,8.81,3.38,52.64,35.45,39.83,2025-08-25 08:00:32
371,전라남도,2018,56.99,10.62,5.63,28.82,31.46,33.52,2025-08-25 08:00:32
372,경상북도,2018,38.88,9.88,6.38,55.68,40.82,43.07,2025-08-25 08:00:32
373,경상남도,2018,62.82,12.46,12.59,34.52,30.07,27.03,2025-08-25 08:00:32
374,제주특별자치도,2018,66.95,8.58,-0.73,51.45,30.48,42.08,2025-08-25 08:00:32
375,서울특별시,2019,59.68,3.74,8.25,44.07,21.23,60.59,2025-08-25 08:00:33
376,부산광역시,2019,54.22,6.82,3.3,17.27,31.69,23.2,2025-08-25 08:00:33
377,대구광역시,2019,62.77,4.4,5.3,43.89,34.63,29.15,2025-08-25 08:00:33
378,인천광역시,2019,65.12,10.96,6.83,41.51,38.24,32.21,2025-08-25 08:00:33
379,광주광역시,2019,31.26,13.32,-1.0,21.69,40.89,20.21,2025-08-25 08:00:33
380,대전광역시,2019,69.2,15.08,5.89,42.61,42.54,52.65,2025-08-25 08:00:33
381,울산광역시,2019,49.84,12.47,4.09,46.45,39.9,42.14,2025-08-25 08:00:33
382,세종특별자치시,2019,57.49,11.24,4.25,48.89,17.93,39.84,2025-08-25 08:00:33
383,경기도,2019,58.35,12.15,4.15,60.65,21.83,47.0,2025-08-25 08:00:33
384,강원도,2019,47.3,14.88,-0.61,16.21,40.53,46.2,2025-08-25 08:00:33
385,충청북도,2019,43.62,10.44,2.35,48.06,53.87,49.8,2025-08-25 08:00:33
386,충청남도,2019,42.99,15.48,14.6,66.57,62.97,38.95,2025-08-25 08:00:33
387,전라북도,2019,81.45,10.96,6.87,1.2,8.86,54.39,2025-08-25 08:00:33
388,전라남도,2019,37.12,9.72,5.95,72.1,12.93,44.06,2025-08-25 08:00:33
389,경상북도,2019,63.33,10.35,8.56,52.29,18.59,26.67,2025-08-25 08:00:33
390,경상남도,2019,35.31,7.02,6.45,45.23,33.09,36.07,2025-08-25 08:00:33
391,제주특별자치도,2019,53.86,12.13,5.46,50.39,31.95,38.39,2025-08-25 08:00:33
392,서울특별시,2020,83.62,12.26,10.22,43.05,43.44,54.62,2025-08-25 08:00:34
393,부산광역시,2020,51.37,10.86,0.03,30.49,33.63,30.34,2025-08-25 08:00:34
394,대구광역시,2020,38.33,14.32,1.07,23.75,34.45,41.18,2025-08-25 08:00:34
395,인천광역시,2020,52.15,8.67,7.36,11.77,12.18,37.22,2025-08-25 08:00:34
396,광주광역시,2020,55.71,10.92,6.55,35.85,38.2,46.99,2025-08-25 08:00:34
397,대전광역시,2020,82.44,11.34,2.69,14.6,22.79,31.63,2025-08-25 08:00:34
398,울산광역시,2020,65.42,8.23,6.47,91.43,45.57,34.15,2025-08-25 08:00:34
399,세종특별자치시,2020,86.01,6.52,2.54,63.34,24.11,51.87,2025-08-25 08:00:34
400,경기도,2020,51.02,15.13,2.42,16.96,34.24,36.59,2025-08-25 08:00:34
401,강원도,2020,74.87,6.8,3.86,91.74,16.55,44.15,2025-08-25 08:00:34
402,충청북도,2020,68.09,15.96,6.32,57.15,15.21,32.51,2025-08-25 08:00:34
403,충청남도,2020,56.57,10.24,8.01,65.22,16.29,47.75,2025-08-25 08:00:34
404,전라북도,2020,47.08,8.14,6.7,63.87,51.7,22.98,2025-08-25 08:00:34
405,전라남도,2020,62.06,10.99,1.95,6.86,39.01,40.49,2025-08-25 08:00:34
406,경상북도,2020,56.01,12.56,5.97,2.96,24.16,24.77,2025-08-25 08:00:34
407,경상남도,2020,38.88,15.47,-2.77,51.12,11.57,37.85,2025-08-25 08:00:34
408,제주특별자치도,2020,65.18,9.26,3.89,82.96,13.67,37.1,2025-08-25 08:00:34
409,서울특별시,2021,87.43,9.21,3.76,64.62,20.64,43.7,2025-08-25 08:00:35
410,부산광역시,2021,45.34,12.76,4.05,27.09,46.82,37.6,2025-08-25 08:00:35
411,대구광역시,2021,54.25,6.68,7.67,28.25,28.85,49.54,2025-08-25 08:00:35
412,인천광역시,2021,59.57,13.46,0.48,64.33,39.8,36.5,2025-08-25 08:00:35
413,광주광역시,2021,75.09,13.68,10.7,48.8,59.69,44.68,2025-08-25 08:00:35
414,대전광역시,2021,39.84,4.02,1.45,39.42,23.84,71.93,2025-08-25 08:00:35
415,울산광역시,2021,32.02,13.01,-0.43,38.87,29.13,32.15,2025-08-25 08:00:35
416,세종특별자치시,2021,52.23,8.84,4.95,80.76,25.76,23.15,2025-08-25 08:00:35
417,경기도,2021,28.75,-0.24,11.93,36.45,49.88,40.45,2025-08-25 08:00:35
418,강원도,2021,73.81,9.83,11.47,44.3,28.1,56.67,2025-08-25 08:00:35
419,충청북도,2021,63.1,9.62,4.03,86.86,37.74,48.88,2025-08-25 08:00:35
420,충청남도,2021,64.02,12.98,4.96,47.22,16.07,62.29,2025-08-25 08:00:35
421,전라북도,2021,51.44,12.15,-2.58,51.23,16.71,35.18,2025-08-25 08:00:35
422,전라남도,2021,55.68,10.52,-1.24,63.51,11.62,24.36,2025-08-25 08:00:35
423,경상북도,2021,51.47,12.36,9.93,34.44,57.3,50.2,2025-08-25 08:00:35
424,경상남도,2021,54.64,10.25,3.06,37.39,23.94,43.87,2025-08-25 08:00:35
425,제주특별자치도,2021,48.84,7.98,2.89,46.86,69.58,28.5,2025-08-25 08:00:35
426,서울특별시,2022,79.3,10.76,10.92,76.19,12.91,27.87,2025-08-25 08:00:36
427,부산광역시,2022,56.88,13.15,17.13,41.14,28.46,32.89,2025-08-25 08:00:36
428,대구광역시,2022,35.01,10.62,10.47,60.48,3.82,22.66,2025-08-25 08:00:36
429,인천광역시,2022,84.48,7.29,6.49,99.02,36.37,41.0,2025-08-25 08:00:36
430,광주광역시,2022,88.75,13.32,3.58,41.95,26.8,34.0,2025-08-25 08:00:36
431,대전광역시,2022,54.89,9.54,5.56,66.38,22.63,25.67,2025-08-25 08:00:36
432,울산광역시,2022,63.74,8.91,-2.71,47.63,10.29,35.14,2025-08-25 08:00:36
433,세종특별자치시,2022,50.81,8.69,6.85,31.06,12.8,33.48,2025-08-25 08:00:36
434,경기도,2022,82.28,13.1,6.56,60.36,26.17,28.16,2025-08-25 08:00:36
435,강원도,2022,50.09,7.0,3.72,68.23,23.5,45.18,2025-08-25 08:00:36
436,충청북도,2022,48.59,15.66,7.13,34.64,20.31,27.41,2025-08-25 08:00:36
437,충청남도,2022,36.88,7.14,5.63,29.5,23.63,33.15,2025-08-25 08:00:36
438,전라북도,2022,46.74,8.48,-0.13,80.38,27.62,51.67,2025-08-25 08:00:36
439,전라남도,2022,62.09,10.0,3.56,40.35,8.32,27.69,2025-08-25 08:00:36
440,경상북도,2022,69.57,8.23,6.03,46.48,36.65,25.87,2025-08-25 08:00:36
441,경상남도,2022,65.63,10.66,5.57,19.04,34.59,45.58,2025-08-25 08:00:36
442,제주특별자치도,2022,34.86,9.92,13.59,36.7,22.13,44.44,2025-08-25 08:00:36
443,서울특별시,2023,41.88,6.77,4.61,51.66,26.44,57.47,2025-08-25 08:00:37
444,부산광역시,2023,63.46,5.93,12.22,70.85,19.06,14.62,2025-08-25 08:00:37
445,대구광역시,2023,50.83,8.75,2.63,29.03,46.89,53.71,2025-08-25 08:00:37
446,인천광역시,2023,37.35,12.56,5.2,64.43,23.38,44.36,2025-08-25 08:00:37
447,광주광역시,2023,65.64,11.12,2.82,69.08,54.06,34.33,2025-08-25 08:00:37
448,대전광역시,2023,46.53,7.73,1.15,9.56,12.44,39.02,2025-08-25 08:00:37
449,울산광역시,2023,71.5,11.88,5.75,39.62,47.15,38.65,2025-08-25 08:00:37
450,세종특별자치시,2023,53.88,5.5,3.69,18.05,34.57,26.44,2025-08-25 08:00:37
451,경기도,2023,52.69,11.14,6.18,43.74,16.94,35.15,2025-08-25 08:00:37
452,강원도,2023,61.29,5.32,0.4,36.31,18.96,39.83,2025-08-25 08:00:37
453,충청북도,2023,49.18,7.95,11.32,31.19,51.35,32.54,2025-08-25 08:00:37
454,충청남도,2023,51.99,10.5,13.24,47.68,53.19,48.46,2025-08-25 08:00:37
455,전라북도,2023,79.81,14.01,11.85,37.13,4.99,38.32,2025-08-25 08:00:37
456,전라남도,2023,53.61,8.8,0.33,24.44,15.53,24.07,2025-08-25 08:00:37
457,경상북도,2023,57.29,13.87,0.99,100.91,12.56,31.7,2025-08-25 08:00:37
458,경상남도,2023,63.19,9.41,2.01,29.96,30.5,38.26,2025-08-25 08:00:37
459,제주특별자치도,2023,70.48,4.64,13.63,31.72,42.01,66.02,2025-08-25 08:00:37
460,서울특별시,2024,81.51,8.84,7.86,56.0,33.81,21.75,2025-08-25 08:00:38
461,부산광역시,2024,42.08,7.65,5.3,38.11,23.63,33.73,2025-08-25 08:00:38
462,대구광역시,2024,74.25,6.65,8.76,52.69,31.13,23.84,2025-08-25 08:00:38
463,인천광역시,2024,42.93,14.38,6.32,54.95,31.88,39.5,2025-08-25 08:00:38
464,광주광역시,2024,72.81,12.28,3.66,68.68,-4.38,65.47,2025-08-25 08:00:38
465,대전광역시,2024,69.45,4.91,3.95,10.62,76.52,53.48,2025-08-25 08:00:38
466,울산광역시,2024,33.88,11.67,-0.99,77.38,33.98,30.35,2025-08-25 08:00:38
467,세종특별자치시,2024,50.25,5.4,2.09,5.95,8.84,39.61,2025-08-25 08:00:38
468,경기도,2024,63.6,5.74,-2.6,59.64,42.84,22.48,2025-08-25 08:00:38
469,강원도,2024,71.65,13.39,4.89,60.78,24.89,48.55,2025-08-25 08:00:38
470,충청북도,2024,40.61,11.05,6.92,69.31,30.45,47.17,2025-08-25 08:00:38
471,충청남도,2024,50.8,7.83,-0.2,52.61,39.57,39.0,2025-08-25 08:00:38
472,전라북도,2024,58.74,9.68,7.06,32.92,23.15,48.77,2025-08-25 08:00:38
473,전라남도,2024,47.0,8.58,-5.1,13.97,45.7,40.85,2025-08-25 08:00:38
474,경상북도,2024,49.02,11.27,3.67,41.56,28.34,45.89,2025-08-25 08:00:38
475,경상남도,2024,42.42,9.09,9.59,64.66,32.18,50.73,2025-08-25 08:00:38
476,제주특별자치도,2024,52.27,8.17,-0.42,53.76,31.42,47.6,2025-08-25 08:00:38
477,서울특별시,2025,74.29,6.02,7.15,32.47,48.73,44.46,2025-08-25 08:00:39
478,부산광역시,2025,76.94,11.02,1.16,57.28,38.45,52.91,2025-08-25 08:00:39
479,대구광역시,2025,58.6,12.14,1.31,39.88,24.81,52.67,2025-08-25 08:00:39
480,인천광역시,2025,43.57,9.14,9.62,40.24,40.57,47.71,2025-08-25 08:00:39
481,광주광역시,2025,96.67,8.5,5.36,50.77,18.17,47.02,2025-08-25 08:00:39
482,대전광역시,2025,50.37,8.15,8.56,56.12,21.18,43.26,2025-08-25 08:00:39
483,울산광역시,2025,67.35,7.94,6.67,57.16,27.23,33.63,2025-08-25 08:00:39
484,세종특별자치시,2025,49.91,13.52,7.22,43.7,15.92,52.61,2025-08-25 08:00:39
485,경기도,2025,80.02,9.76,0.54,93.07,5.02,64.76,2025-08-25 08:00:39
486,강원도,2025,35.35,8.35,11.18,46.83,10.71,51.55,2025-08-25 08:00:39
487,충청북도,2025,89.6,15.47,4.12,39.56,59.43,45.04,2025-08-25 08:00:39
488,충청남도,2025,32.39,15.36,7.41,75.88,34.28,41.91,2025-08-25 08:00:39
489,전라북도,2025,44.06,11.89,6.28,80.61,43.32,38.75,2025-08-25 08:00:39
490,전라남도,2025,98.3,6.89,3.26,65.14,39.2,48.67,2025-08-25 08:00:39
491,경상북도,2025,84.64,6.65,2.49,8.94,59.34,36.37,2025-08-25 08:00:39
492,경상남도,2025,66.11,11.26,6.97,15.97,-1.4,33.84,2025-08-25 08:00:39
493,제주특별자치도,2025,79.77,5.26,10.23,60.47,11.07,36.41,2025-08-25 08:00:39
494,서울특별시,1997,69.42,8.77,8.33,79.54,38.25,42.52,2025-08-27 08:55:57
495,부산광역시,1997,58.37,7.12,9.23,66.34,53.14,42.69,2025-08-27 08:55:57
496,대구광역시,1997,89.04,11.53,6.54,67.41,31.47,38.29,2025-08-27 08:55:57
497,인천광역시,1997,61.17,7.61,2.5,27.19,11.74,61.83,2025-08-27 08:55:57
498,광주광역시,1997,52.87,8.25,6.32,75.87,62.29,43.48,2025-08-27 08:55:57
499,대전광역시,1997,33.12,8.93,9.08,53.46,32.86,49.09,2025-08-27 08:55:57
500,울산광역시,1997,36.91,13.66,6.13,79.66,31.93,16.81,2025-08-27 08:55:57
501,세종특별자치시,1997,59.09,5.57,7.29,47.19,41.67,35.65,2025-08-27 08:55:57
502,경기도,1997,62.74,9.51,7.19,65.67,50.26,42.32,2025-08-27 08:55:57
503,강원도,1997,51.11,9.76,7.01,63.33,49.3,38.85,2025-08-27 08:55:57
504,충청북도,1997,52.65,8.74,-8.58,57.62,24.13,29.59,2025-08-27 08:55:57
505,충청남도,1997,62.85,9.94,6.03,29.35,29.78,25.73,2025-08-27 08:55:57
506,전라북도,1997,51.25,6.85,-4.72,36.64,35.7,45.09,2025-08-27 08:55:57
507,전라남도,1997,56.47,10.64,11.85,56.12,11.96,33.56,2025-08-27 08:55:57
508,경상북도,1997,54.37,6.75,3.4,43.42,34.38,31.5,2025-08-27 08:55:57
509,경상남도,1997,62.57,7.4,7.37,57.07,54.61,22.98,2025-08-27 08:55:57
510,제주특별자치도,1997,44.56,10.51,7.25,3.01,42.11,39.0,2025-08-27 08:55:57
511,서울특별시,1998,61.97,12.75,2.14,73.58,53.46,41.58,2025-08-27 08:55:58
512,부산광역시,1998,58.17,13.09,5.55,32.23,14.99,37.36,2025-08-27 08:55:58
513,대구광역시,1998,74.79,9.77,2.75,49.79,29.8,38.76,2025-08-27 08:55:58
514,인천광역시,1998,54.38,4.9,0.06,20.17,56.53,38.91,2025-08-27 08:55:58
515,광주광역시,1998,37.73,6.55,7.99,12.48,6.33,41.57,2025-08-27 08:55:58
516,대전광역시,1998,39.06,7.24,-0.22,26.61,22.24,55.86,2025-08-27 08:55:58
517,울산광역시,1998,67.46,4.4,10.46,59.48,0.41,34.05,2025-08-27 08:55:58
518,세종특별자치시,1998,51.19,8.76,-4.14,77.59,32.76,46.52,2025-08-27 08:55:58
519,경기도,1998,59.85,11.62,1.88,29.13,-1.92,42.43,2025-08-27 08:55:58
520,강원도,1998,54.84,8.78,7.55,80.43,-1.25,28.62,2025-08-27 08:55:58
521,충청북도,1998,67.94,10.44,0.9,48.27,24.26,31.82,2025-08-27 08:55:58
522,충청남도,1998,64.95,9.75,6.38,30.09,15.9,31.32,2025-08-27 08:55:58
523,전라북도,1998,55.78,10.97,2.96,86.3,33.83,36.23,2025-08-27 08:55:58
524,전라남도,1998,88.87,10.42,-0.11,72.06,41.28,33.68,2025-08-27 08:55:58
525,경상북도,1998,54.76,6.64,5.78,29.92,10.95,53.95,2025-08-27 08:55:58
526,경상남도,1998,71.71,8.5,7.01,92.7,39.06,51.8,2025-08-27 08:55:58
527,제주특별자치도,1998,60.37,9.44,-0.78,59.96,25.87,44.0,2025-08-27 08:55:58
528,서울특별시,1999,62.2,11.68,6.7,40.88,23.98,54.24,2025-08-27 08:55:59
529,부산광역시,1999,45.2,13.8,11.75,35.52,-0.02,41.67,2025-08-27 08:55:59
530,대구광역시,1999,41.7,11.9,6.96,20.19,28.36,40.86,2025-08-27 08:55:59
531,인천광역시,1999,54.51,5.95,5.07,53.46,23.13,55.07,2025-08-27 08:55:59
532,광주광역시,1999,69.84,17.0,0.16,30.87,42.25,67.65,2025-08-27 08:55:59
533,대전광역시,1999,70.98,11.94,4.65,31.65,24.94,44.35,2025-08-27 08:55:59
534,울산광역시,1999,38.83,13.57,1.22,33.74,19.72,44.86,2025-08-27 08:55:59
535,세종특별자치시,1999,75.38,10.28,5.96,44.0,31.96,19.99,2025-08-27 08:55:59
536,경기도,1999,71.94,13.38,0.84,56.9,34.84,52.71,2025-08-27 08:55:59
537,강원도,1999,49.28,11.7,-4.42,49.65,33.19,43.34,2025-08-27 08:55:59
538,충청북도,1999,70.93,10.38,13.02,38.0,26.83,58.57,2025-08-27 08:55:59
539,충청남도,1999,47.43,14.22,2.76,64.73,17.58,46.15,2025-08-27 08:55:59
540,전라북도,1999,34.87,10.57,7.74,34.03,14.41,24.52,2025-08-27 08:55:59
541,전라남도,1999,65.26,8.04,3.32,47.91,20.53,36.95,2025-08-27 08:55:59
542,경상북도,1999,60.8,10.47,3.88,66.24,14.35,45.43,2025-08-27 08:55:59
543,경상남도,1999,53.06,9.69,3.78,62.59,45.29,44.59,2025-08-27 08:55:59
544,제주특별자치도,1999,74.85,3.53,7.07,52.21,8.4,42.52,2025-08-27 08:55:59
545,서울특별시,2000,39.58,9.45,6.21,62.6,-12.11,30.53,2025-08-27 08:56:00
546,부산광역시,2000,66.15,13.18,0.64,59.8,34.9,20.58,2025-08-27 08:56:00
547,대구광역시,2000,68.06,9.17,11.65,32.86,33.81,49.83,2025-08-27 08:56:00
548,인천광역시,2000,51.25,11.12,7.03,60.26,14.51,44.71,2025-08-27 08:56:00
549,광주광역시,2000,60.43,6.93,1.57,37.2,14.96,73.56,2025-08-27 08:56:00
550,대전광역시,2000,43.26,6.05,6.4,55.53,26.48,35.88,2025-08-27 08:56:00
551,울산광역시,2000,50.17,11.08,7.6,86.63,40.18,48.16,2025-08-27 08:56:00
552,세종특별자치시,2000,51.94,11.23,8.32,20.79,17.93,37.89,2025-08-27 08:56:00
553,경기도,2000,80.75,10.55,-0.95,62.84,27.76,55.24,2025-08-27 08:56:00
554,강원도,2000,57.73,9.94,2.84,85.59,54.59,20.56,2025-08-27 08:56:00
555,충청북도,2000,36.84,9.32,5.13,46.12,23.35,36.1,2025-08-27 08:56:00
556,충청남도,2000,68.27,10.52,1.97,48.01,38.44,39.3,2025-08-27 08:56:00
557,전라북도,2000,56.12,4.21,5.81,53.92,20.34,29.18,2025-08-27 08:56:00
558,전라남도,2000,60.92,4.97,1.81,76.13,15.94,28.32,2025-08-27 08:56:00
559,경상북도,2000,69.66,12.89,3.41,75.92,27.08,29.97,2025-08-27 08:56:00
560,경상남도,2000,44.69,8.45,5.33,55.21,47.34,28.01,2025-08-27 08:56:00
561,제주특별자치도,2000,49.79,13.52,7.51,38.79,30.81,34.81,2025-08-27 08:56:00
562,서울특별시,2001,53.52,11.47,4.05,40.14,42.15,45.23,2025-08-27 08:56:01
563,부산광역시,2001,73.15,11.22,1.02,45.28,35.59,31.43,2025-08-27 08:56:01
564,대구광역시,2001,66.31,10.91,9.03,56.52,38.31,28.65,2025-08-27 08:56:01
565,인천광역시,2001,67.01,8.66,4.38,58.24,30.08,28.56,2025-08-27 08:56:01
566,광주광역시,2001,65.0,13.12,4.33,73.31,24.43,46.75,2025-08-27 08:56:01
567,대전광역시,2001,45.04,6.36,4.72,53.6,7.65,18.89,2025-08-27 08:56:01
568,울산광역시,2001,85.93,12.14,-1.77,61.9,12.98,46.46,2025-08-27 08:56:01
569,세종특별자치시,2001,67.77,10.37,6.31,54.15,34.5,36.91,2025-08-27 08:56:01
570,경기도,2001,30.65,7.69,3.02,51.66,38.64,38.15,2025-08-27 08:56:01
571,강원도,2001,49.32,4.95,3.49,13.15,43.13,43.09,2025-08-27 08:56:01
572,충청북도,2001,73.8,11.66,-2.47,36.22,4.78,52.52,2025-08-27 08:56:01
573,충청남도,2001,63.68,11.78,2.84,57.17,25.5,50.8,2025-08-27 08:56:01
574,전라북도,2001,70.18,6.3,8.36,52.97,44.66,24.43,2025-08-27 08:56:01
575,전라남도,2001,28.57,14.19,3.84,52.93,46.76,28.47,2025-08-27 08:56:01
576,경상북도,2001,52.86,14.12,12.08,14.69,18.4,30.33,2025-08-27 08:56:01
577,경상남도,2001,52.57,12.14,9.89,46.6,41.27,23.8,2025-08-27 08:56:01
578,제주특별자치도,2001,71.76,14.72,5.95,16.82,48.22,47.32,2025-08-27 08:56:01
579,서울특별시,2002,42.68,12.53,4.78,56.51,23.51,33.13,2025-08-27 08:56:02
580,부산광역시,2002,40.23,8.44,4.1,47.34,43.67,23.86,2025-08-27 08:56:02
581,대구광역시,2002,51.91,9.46,12.2,76.66,17.36,70.99,2025-08-27 08:56:02
582,인천광역시,2002,42.06,11.6,1.74,24.88,46.2,41.14,2025-08-27 08:56:02
583,광주광역시,2002,32.87,8.61,9.47,37.67,43.64,50.34,2025-08-27 08:56:02
584,대전광역시,2002,52.57,13.42,9.06,45.78,26.59,56.41,2025-08-27 08:56:02
585,울산광역시,2002,72.27,13.4,8.64,43.04,24.65,53.9,2025-08-27 08:56:02
586,세종특별자치시,2002,54.28,13.64,4.9,52.68,44.32,26.56,2025-08-27 08:56:02
587,경기도,2002,33.32,13.7,2.09,58.72,23.05,43.66,2025-08-27 08:56:02
588,강원도,2002,49.7,10.75,4.63,17.65,31.85,44.87,2025-08-27 08:56:02
589,충청북도,2002,48.75,6.76,6.88,43.43,26.18,25.37,2025-08-27 08:56:02
590,충청남도,2002,49.42,8.41,5.3,34.85,16.59,47.2,2025-08-27 08:56:02
591,전라북도,2002,55.46,11.36,7.96,62.49,18.48,36.96,2025-08-27 08:56:02
592,전라남도,2002,56.17,10.39,7.07,57.45,7.28,35.92,2025-08-27 08:56:02
593,경상북도,2002,48.26,8.38,8.17,11.24,11.83,29.0,2025-08-27 08:56:02
594,경상남도,2002,62.79,9.72,9.5,63.93,16.65,36.19,2025-08-27 08:56:02
595,제주특별자치도,2002,64.9,12.46,10.38,89.39,23.66,42.01,2025-08-27 08:56:02
596,서울특별시,2003,72.54,4.65,3.6,6.64,16.67,24.02,2025-08-27 08:56:03
597,부산광역시,2003,45.81,9.11,1.09,91.34,43.99,48.49,2025-08-27 08:56:03
598,대구광역시,2003,57.87,3.51,7.31,30.54,36.25,32.03,2025-08-27 08:56:03
599,인천광역시,2003,79.21,9.66,-2.87,102.23,10.07,36.62,2025-08-27 08:56:03
600,광주광역시,2003,44.9,7.67,3.63,31.71,-1.69,46.31,2025-08-27 08:56:03
601,대전광역시,2003,40.03,8.98,11.4,29.7,28.59,0.06,2025-08-27 08:56:03
602,울산광역시,2003,68.3,13.94,6.75,76.6,25.29,50.41,2025-08-27 08:56:03
603,세종특별자치시,2003,41.89,10.41,1.33,32.4,47.74,55.16,2025-08-27 08:56:03
604,경기도,2003,86.1,14.83,2.44,55.43,11.51,27.83,2025-08-27 08:56:03
605,강원도,2003,57.83,6.18,15.26,41.29,17.49,34.98,2025-08-27 08:56:03
606,충청북도,2003,95.33,10.01,11.05,56.2,11.25,33.07,2025-08-27 08:56:03
607,충청남도,2003,54.85,14.28,4.44,17.25,48.69,28.87,2025-08-27 08:56:03
608,전라북도,2003,84.02,9.4,6.14,56.92,11.62,30.77,2025-08-27 08:56:03
609,전라남도,2003,36.89,10.22,3.36,61.91,49.96,51.01,2025-08-27 08:56:03
610,경상북도,2003,65.59,12.51,3.18,53.46,36.24,20.28,2025-08-27 08:56:03
611,경상남도,2003,61.55,6.24,0.75,75.57,29.89,14.4,2025-08-27 08:56:03
612,제주특별자치도,2003,56.11,11.92,8.09,31.09,-13.23,29.88,2025-08-27 08:56:03
613,서울특별시,2004,55.8,7.38,5.57,91.35,63.7,52.94,2025-08-27 08:56:04
614,부산광역시,2004,53.24,9.87,3.46,43.43,40.61,25.46,2025-08-27 08:56:04
615,대구광역시,2004,37.0,9.86,4.74,49.43,36.41,52.35,2025-08-27 08:56:04
616,인천광역시,2004,81.63,9.84,1.26,28.45,23.34,35.4,2025-08-27 08:56:04
617,광주광역시,2004,53.32,12.27,-0.53,104.57,35.29,32.42,2025-08-27 08:56:04
618,대전광역시,2004,66.46,12.8,2.73,74.79,37.39,39.02,2025-08-27 08:56:04
619,울산광역시,2004,44.56,17.45,5.93,67.55,40.61,61.43,2025-08-27 08:56:04
620,세종특별자치시,2004,59.42,8.26,4.16,39.69,9.55,29.88,2025-08-27 08:56:04
621,경기도,2004,55.52,5.09,9.66,39.9,11.8,55.17,2025-08-27 08:56:04
622,강원도,2004,49.96,10.9,3.62,49.83,9.85,42.98,2025-08-27 08:56:04
623,충청북도,2004,78.81,5.36,4.01,35.92,26.3,58.5,2025-08-27 08:56:04
624,충청남도,2004,60.76,7.89,10.13,45.79,34.21,48.85,2025-08-27 08:56:04
625,전라북도,2004,49.13,13.34,1.85,41.4,53.48,45.15,2025-08-27 08:56:04
626,전라남도,2004,74.35,14.16,-1.35,64.62,37.49,41.21,2025-08-27 08:56:04
627,경상북도,2004,82.55,10.96,9.13,74.51,19.15,31.95,2025-08-27 08:56:04
628,경상남도,2004,91.49,9.94,7.59,44.7,-12.03,42.69,2025-08-27 08:56:04
629,제주특별자치도,2004,88.83,11.99,9.3,29.84,18.27,35.37,2025-08-27 08:56:04
630,서울특별시,2005,61.47,16.11,7.82,0.54,15.17,37.29,2025-08-27 08:56:05
631,부산광역시,2005,69.42,9.04,5.02,55.9,34.04,51.03,2025-08-27 08:56:05
632,대구광역시,2005,54.89,8.61,0.88,52.46,15.74,37.83,2025-08-27 08:56:05
633,인천광역시,2005,21.29,11.51,5.18,51.8,61.44,37.32,2025-08-27 08:56:05
634,광주광역시,2005,50.32,6.57,6.09,18.31,32.99,57.84,2025-08-27 08:56:05
635,대전광역시,2005,54.68,9.24,5.71,68.42,24.78,35.06,2025-08-27 08:56:05
636,울산광역시,2005,43.1,4.82,10.46,8.32,6.56,34.37,2025-08-27 08:56:05
637,세종특별자치시,2005,54.16,7.86,7.67,74.49,0.05,31.42,2025-08-27 08:56:05
638,경기도,2005,52.61,13.56,1.16,31.07,43.43,49.22,2025-08-27 08:56:05
639,강원도,2005,64.33,11.68,5.92,26.82,35.89,28.34,2025-08-27 08:56:05
640,충청북도,2005,58.29,7.17,3.05,63.94,58.77,32.4,2025-08-27 08:56:05
641,충청남도,2005,58.7,6.99,-4.45,32.01,38.1,54.87,2025-08-27 08:56:05
642,전라북도,2005,62.36,10.84,3.56,63.18,31.57,21.52,2025-08-27 08:56:05
643,전라남도,2005,83.85,6.48,4.31,46.39,37.78,43.49,2025-08-27 08:56:05
644,경상북도,2005,49.71,7.83,4.62,30.73,76.07,36.35,2025-08-27 08:56:05
645,경상남도,2005,59.76,12.97,9.54,82.28,-2.4,39.96,2025-08-27 08:56:05
646,제주특별자치도,2005,55.11,8.3,3.21,37.17,34.18,25.48,2025-08-27 08:56:05
647,서울특별시,2006,70.23,14.16,0.35,35.12,22.46,43.74,2025-08-27 08:56:06
648,부산광역시,2006,46.07,9.74,5.64,46.38,31.72,28.4,2025-08-27 08:56:06
649,대구광역시,2006,76.93,5.3,2.38,74.63,19.3,34.37,2025-08-27 08:56:06
650,인천광역시,2006,55.29,13.05,13.38,65.66,27.26,47.51,2025-08-27 08:56:06
651,광주광역시,2006,34.58,7.07,2.13,84.96,19.25,38.35,2025-08-27 08:56:06
652,대전광역시,2006,29.01,10.46,4.44,62.26,72.1,25.18,2025-08-27 08:56:06
653,울산광역시,2006,61.77,4.67,6.52,33.45,14.18,48.76,2025-08-27 08:56:06
654,세종특별자치시,2006,56.74,14.34,2.02,63.71,47.11,41.49,2025-08-27 08:56:06
655,경기도,2006,51.34,9.76,8.65,49.28,12.53,53.69,2025-08-27 08:56:06
656,강원도,2006,55.46,8.09,-3.46,30.54,18.6,52.05,2025-08-27 08:56:06
657,충청북도,2006,59.62,13.04,5.98,54.83,35.28,53.28,2025-08-27 08:56:06
658,충청남도,2006,29.19,11.98,6.42,17.13,4.48,48.63,2025-08-27 08:56:06
659,전라북도,2006,59.69,11.11,7.05,82.32,14.69,43.0,2025-08-27 08:56:06
660,전라남도,2006,72.24,11.56,1.02,43.83,26.71,44.61,2025-08-27 08:56:06
661,경상북도,2006,83.21,1.93,4.97,61.03,44.61,42.94,2025-08-27 08:56:06
662,경상남도,2006,60.43,7.14,1.1,52.52,51.17,46.5,2025-08-27 08:56:06
663,제주특별자치도,2006,62.1,10.69,2.14,69.51,8.54,44.61,2025-08-27 08:56:06
664,서울특별시,2007,54.96,5.78,8.43,64.64,28.85,38.19,2025-08-27 08:56:07
665,부산광역시,2007,69.18,13.02,7.82,34.99,28.02,33.11,2025-08-27 08:56:07
666,대구광역시,2007,73.4,14.16,1.09,57.25,18.4,64.88,2025-08-27 08:56:07
667,인천광역시,2007,78.42,11.59,5.06,18.31,33.23,64.94,2025-08-27 08:56:07
668,광주광역시,2007,44.38,12.55,7.27,35.91,35.38,39.92,2025-08-27 08:56:07
669,대전광역시,2007,56.59,11.15,-3.59,15.53,-7.11,35.98,2025-08-27 08:56:07
670,울산광역시,2007,89.63,4.96,-1.86,62.74,16.75,26.36,2025-08-27 08:56:07
671,세종특별자치시,2007,71.59,7.81,5.77,42.25,22.52,34.73,2025-08-27 08:56:07
672,경기도,2007,66.07,14.17,8.91,19.53,43.71,39.28,2025-08-27 08:56:07
673,강원도,2007,42.06,10.23,2.59,60.26,4.4,45.73,2025-08-27 08:56:07
674,충청북도,2007,43.36,8.84,13.32,62.55,23.72,36.46,2025-08-27 08:56:07
675,충청남도,2007,54.1,6.37,8.76,69.17,60.85,46.19,2025-08-27 08:56:07
676,전라북도,2007,62.52,12.86,6.93,64.82,32.93,45.29,2025-08-27 08:56:07
677,전라남도,2007,48.82,9.55,5.12,83.92,15.85,35.82,2025-08-27 08:56:07
678,경상북도,2007,78.24,9.95,7.92,51.7,21.08,47.16,2025-08-27 08:56:07
679,경상남도,2007,59.35,14.16,0.01,93.85,3.18,41.62,2025-08-27 08:56:07
680,제주특별자치도,2007,50.35,5.32,10.29,58.33,37.11,26.13,2025-08-27 08:56:07
681,서울특별시,2008,76.18,9.31,4.15,79.26,52.9,25.48,2025-08-27 08:56:09
682,부산광역시,2008,85.47,10.46,7.05,82.14,36.43,31.05,2025-08-27 08:56:09
683,대구광역시,2008,78.98,12.54,8.71,57.48,49.65,21.97,2025-08-27 08:56:09
684,인천광역시,2008,38.42,5.78,-0.2,89.29,16.83,44.67,2025-08-27 08:56:09
685,광주광역시,2008,44.47,13.13,9.45,56.64,35.5,25.16,2025-08-27 08:56:09
686,대전광역시,2008,65.43,15.99,10.65,44.89,14.83,62.03,2025-08-27 08:56:09
687,울산광역시,2008,85.43,7.65,7.25,40.08,20.67,43.34,2025-08-27 08:56:09
688,세종특별자치시,2008,42.08,8.14,8.11,53.61,3.28,40.25,2025-08-27 08:56:09
689,경기도,2008,65.75,11.62,14.52,29.36,28.14,37.22,2025-08-27 08:56:09
690,강원도,2008,49.97,12.1,2.47,85.18,44.18,38.06,2025-08-27 08:56:09
691,충청북도,2008,42.33,10.47,9.06,67.07,32.79,28.57,2025-08-27 08:56:09
692,충청남도,2008,69.28,12.35,3.04,41.59,11.97,33.62,2025-08-27 08:56:09
693,전라북도,2008,80.88,14.29,14.91,60.51,9.87,31.15,2025-08-27 08:56:09
694,전라남도,2008,52.09,15.88,5.19,36.84,42.19,24.91,2025-08-27 08:56:09
695,경상북도,2008,89.85,8.9,3.15,35.35,2.71,54.64,2025-08-27 08:56:09
696,경상남도,2008,56.88,9.43,3.89,37.22,32.43,31.41,2025-08-27 08:56:09
697,제주특별자치도,2008,50.47,9.42,5.44,52.94,20.01,47.97,2025-08-27 08:56:09
698,서울특별시,2009,55.37,8.8,3.6,44.01,43.54,27.96,2025-08-27 08:56:10
699,부산광역시,2009,51.13,9.87,8.29,19.39,39.38,42.13,2025-08-27 08:56:10
700,대구광역시,2009,75.84,8.19,2.08,72.29,38.58,32.81,2025-08-27 08:56:10
701,인천광역시,2009,44.55,9.2,4.75,41.08,42.16,29.03,2025-08-27 08:56:10
702,광주광역시,2009,48.19,5.16,2.08,43.39,30.18,42.24,2025-08-27 08:56:10
703,대전광역시,2009,64.0,6.16,4.74,53.36,22.68,21.58,2025-08-27 08:56:10
704,울산광역시,2009,53.39,7.32,7.77,69.22,6.41,42.17,2025-08-27 08:56:10
705,세종특별자치시,2009,44.83,12.23,0.46,74.09,20.01,44.98,2025-08-27 08:56:10
706,경기도,2009,49.37,11.51,8.28,34.78,21.72,38.83,2025-08-27 08:56:10
707,강원도,2009,63.16,4.85,2.04,49.39,16.87,44.97,2025-08-27 08:56:10
708,충청북도,2009,56.49,12.72,3.53,75.65,35.66,50.89,2025-08-27 08:56:10
709,충청남도,2009,63.14,13.17,2.57,29.52,24.34,36.48,2025-08-27 08:56:10
710,전라북도,2009,33.25,7.51,4.91,41.23,51.4,32.81,2025-08-27 08:56:10
711,전라남도,2009,87.85,10.79,10.72,11.75,10.51,27.21,2025-08-27 08:56:10
712,경상북도,2009,34.18,8.58,7.07,13.19,38.53,41.9,2025-08-27 08:56:10
713,경상남도,2009,58.8,5.72,8.38,92.34,20.59,53.12,2025-08-27 08:56:10
714,제주특별자치도,2009,86.91,10.99,3.63,63.94,25.65,41.72,2025-08-27 08:56:10
715,서울특별시,2010,84.13,8.27,8.02,38.44,22.34,35.87,2025-08-27 08:56:11
716,부산광역시,2010,71.73,9.75,-2.31,24.26,13.01,61.11,2025-08-27 08:56:11
717,대구광역시,2010,43.12,12.19,1.93,42.06,12.94,32.05,2025-08-27 08:56:11
718,인천광역시,2010,58.32,10.85,6.69,71.22,41.56,39.09,2025-08-27 08:56:11
719,광주광역시,2010,56.68,10.08,-1.56,35.4,28.64,30.36,2025-08-27 08:56:11
720,대전광역시,2010,66.65,10.54,2.17,15.46,46.92,47.59,2025-08-27 08:56:11
721,울산광역시,2010,51.98,9.39,7.89,20.17,47.81,25.06,2025-08-27 08:56:11
722,세종특별자치시,2010,66.38,12.58,-3.24,49.76,27.64,50.77,2025-08-27 08:56:11
723,경기도,2010,69.52,2.52,2.78,46.9,24.58,32.62,2025-08-27 08:56:11
724,강원도,2010,64.38,16.43,6.29,85.24,9.23,45.17,2025-08-27 08:56:11
725,충청북도,2010,38.79,3.81,7.36,42.77,52.76,34.67,2025-08-27 08:56:11
726,충청남도,2010,66.65,8.55,3.16,85.36,18.28,50.87,2025-08-27 08:56:11
727,전라북도,2010,58.65,9.75,9.35,56.57,24.79,35.31,2025-08-27 08:56:11
728,전라남도,2010,71.18,8.93,4.47,38.48,34.96,44.25,2025-08-27 08:56:11
729,경상북도,2010,74.65,8.8,9.33,64.97,17.76,34.62,2025-08-27 08:56:11
730,경상남도,2010,46.48,9.66,6.42,58.08,31.47,46.4,2025-08-27 08:56:11
731,제주특별자치도,2010,64.2,13.58,1.21,75.43,70.33,40.74,2025-08-27 08:56:11
732,서울특별시,2011,74.81,8.26,9.17,49.43,46.33,70.22,2025-08-27 08:56:12
733,부산광역시,2011,61.27,10.67,2.91,34.1,37.81,35.55,2025-08-27 08:56:12
734,대구광역시,2011,85.91,12.05,7.08,65.79,34.19,31.21,2025-08-27 08:56:12
735,인천광역시,2011,80.55,11.23,6.98,68.03,55.67,46.23,2025-08-27 08:56:12
736,광주광역시,2011,49.45,8.66,14.69,25.73,23.32,41.39,2025-08-27 08:56:12
737,대전광역시,2011,86.55,6.1,4.99,51.32,33.34,43.03,2025-08-27 08:56:12
738,울산광역시,2011,54.09,10.64,5.14,57.29,54.0,49.49,2025-08-27 08:56:12
739,세종특별자치시,2011,60.46,6.59,0.59,79.42,32.51,29.74,2025-08-27 08:56:12
740,경기도,2011,63.99,16.88,11.8,77.04,42.29,37.56,2025-08-27 08:56:12
741,강원도,2011,62.86,5.08,10.98,39.95,33.29,43.04,2025-08-27 08:56:12
742,충청북도,2011,79.99,6.16,6.98,67.05,38.63,18.71,2025-08-27 08:56:12
743,충청남도,2011,80.14,10.18,9.02,28.52,20.9,60.76,2025-08-27 08:56:12
744,전라북도,2011,32.02,13.01,0.88,79.43,44.32,36.97,2025-08-27 08:56:12
745,전라남도,2011,50.23,9.71,-0.72,66.18,24.45,45.68,2025-08-27 08:56:12
746,경상북도,2011,38.45,5.23,0.38,26.82,52.9,47.38,2025-08-27 08:56:12
747,경상남도,2011,51.43,6.07,-0.55,57.28,44.93,38.25,2025-08-27 08:56:12
748,제주특별자치도,2011,73.01,6.72,3.96,18.2,24.32,50.97,2025-08-27 08:56:12
749,서울특별시,2012,56.96,19.6,2.93,104.03,22.2,43.73,2025-08-27 08:56:13
750,부산광역시,2012,42.05,13.37,8.3,104.36,19.03,48.61,2025-08-27 08:56:13
751,대구광역시,2012,79.25,8.46,3.48,68.9,44.12,21.98,2025-08-27 08:56:13
752,인천광역시,2012,47.68,12.59,9.48,67.51,36.99,51.29,2025-08-27 08:56:13
753,광주광역시,2012,82.96,11.61,-0.3,39.1,21.93,38.33,2025-08-27 08:56:13
754,대전광역시,2012,43.84,11.24,5.47,19.54,18.8,43.77,2025-08-27 08:56:13
755,울산광역시,2012,78.03,6.6,-4.9,54.35,51.15,37.51,2025-08-27 08:56:13
756,세종특별자치시,2012,63.69,15.34,0.76,47.4,26.66,39.78,2025-08-27 08:56:13
757,경기도,2012,40.87,13.97,8.23,38.16,35.25,37.33,2025-08-27 08:56:13
758,강원도,2012,87.38,12.2,-2.37,68.94,40.97,35.38,2025-08-27 08:56:13
759,충청북도,2012,54.94,6.78,13.84,79.97,36.72,41.7,2025-08-27 08:56:13
760,충청남도,2012,69.9,11.97,9.54,10.71,48.97,63.98,2025-08-27 08:56:13
761,전라북도,2012,64.42,12.19,7.49,27.72,37.79,38.24,2025-08-27 08:56:13
762,전라남도,2012,75.16,11.27,1.33,63.09,28.17,22.91,2025-08-27 08:56:13
763,경상북도,2012,72.79,6.92,-1.47,30.65,23.77,38.34,2025-08-27 08:56:13
764,경상남도,2012,72.62,8.42,4.62,43.07,27.93,30.21,2025-08-27 08:56:13
765,제주특별자치도,2012,70.73,9.64,5.52,38.68,47.85,46.45,2025-08-27 08:56:13
766,서울특별시,2013,86.16,10.52,4.61,48.61,35.29,34.56,2025-08-27 08:56:14
767,부산광역시,2013,42.62,13.91,0.4,33.87,20.89,44.35,2025-08-27 08:56:14
768,대구광역시,2013,60.39,7.86,1.88,52.69,49.7,25.52,2025-08-27 08:56:14
769,인천광역시,2013,59.29,10.81,5.28,55.69,32.5,44.31,2025-08-27 08:56:14
770,광주광역시,2013,69.15,6.59,1.24,26.53,3.91,49.07,2025-08-27 08:56:14
771,대전광역시,2013,74.24,13.88,2.67,52.37,39.43,43.16,2025-08-27 08:56:14
772,울산광역시,2013,62.76,12.86,4.31,47.05,22.92,57.4,2025-08-27 08:56:14
773,세종특별자치시,2013,57.6,9.71,-2.35,42.48,13.74,43.88,2025-08-27 08:56:14
774,경기도,2013,68.39,12.56,1.84,65.74,22.77,34.63,2025-08-27 08:56:14
775,강원도,2013,52.78,11.82,3.27,47.35,17.95,34.06,2025-08-27 08:56:14
776,충청북도,2013,58.56,9.12,2.48,63.96,24.66,32.5,2025-08-27 08:56:14
777,충청남도,2013,74.48,12.67,5.57,54.07,17.69,30.01,2025-08-27 08:56:14
778,전라북도,2013,74.52,11.99,2.67,54.82,19.24,45.23,2025-08-27 08:56:14
779,전라남도,2013,46.86,8.91,8.36,67.71,11.87,24.88,2025-08-27 08:56:14
780,경상북도,2013,76.55,9.31,0.84,28.41,13.35,46.75,2025-08-27 08:56:14
781,경상남도,2013,52.63,4.18,-0.41,59.39,30.68,45.39,2025-08-27 08:56:14
782,제주특별자치도,2013,53.51,5.33,8.78,35.32,57.8,18.4,2025-08-27 08:56:14
783,서울특별시,2014,67.86,8.95,6.48,22.87,11.72,26.87,2025-08-27 08:56:15
784,부산광역시,2014,58.25,15.07,6.64,37.53,31.4,33.79,2025-08-27 08:56:15
785,대구광역시,2014,69.13,13.29,0.02,53.48,20.38,36.97,2025-08-27 08:56:15
786,인천광역시,2014,71.88,14.88,1.96,47.56,52.82,51.26,2025-08-27 08:56:15
787,광주광역시,2014,49.99,9.82,9.28,34.34,54.24,38.94,2025-08-27 08:56:15
788,대전광역시,2014,55.38,10.34,4.53,62.91,52.62,30.86,2025-08-27 08:56:15
789,울산광역시,2014,54.35,10.47,-3.54,59.91,28.03,46.8,2025-08-27 08:56:15
790,세종특별자치시,2014,46.93,7.31,8.98,77.62,27.9,33.0,2025-08-27 08:56:15
791,경기도,2014,65.79,6.26,3.93,73.14,37.24,38.09,2025-08-27 08:56:15
792,강원도,2014,68.45,6.06,1.65,7.01,23.71,30.22,2025-08-27 08:56:15
793,충청북도,2014,65.94,8.13,2.39,67.37,27.71,28.07,2025-08-27 08:56:15
794,충청남도,2014,36.27,2.1,4.45,67.23,12.79,38.42,2025-08-27 08:56:15
795,전라북도,2014,66.93,7.97,3.85,46.52,40.87,45.68,2025-08-27 08:56:15
796,전라남도,2014,73.01,12.88,3.42,50.6,34.85,44.42,2025-08-27 08:56:15
797,경상북도,2014,79.0,8.89,3.8,65.65,15.8,46.23,2025-08-27 08:56:15
798,경상남도,2014,42.18,9.67,4.08,16.51,46.1,42.05,2025-08-27 08:56:15
799,제주특별자치도,2014,65.39,11.99,7.22,73.01,27.61,44.4,2025-08-27 08:56:15
800,서울특별시,2015,47.86,7.41,0.11,64.19,37.44,20.5,2025-08-27 08:56:16
801,부산광역시,2015,74.25,16.81,6.47,55.83,27.77,27.37,2025-08-27 08:56:16
802,대구광역시,2015,51.63,10.84,4.5,44.34,28.51,38.04,2025-08-27 08:56:16
803,인천광역시,2015,53.93,7.12,3.12,24.78,60.15,40.76,2025-08-27 08:56:16
804,광주광역시,2015,59.79,7.06,11.85,51.68,44.95,36.49,2025-08-27 08:56:16
805,대전광역시,2015,42.18,10.96,8.85,48.78,45.59,27.79,2025-08-27 08:56:16
806,울산광역시,2015,47.14,15.06,7.16,54.92,31.65,44.33,2025-08-27 08:56:16
807,세종특별자치시,2015,62.54,6.48,4.61,25.96,39.46,30.66,2025-08-27 08:56:16
808,경기도,2015,74.99,13.1,11.07,69.95,25.75,49.64,2025-08-27 08:56:16
809,강원도,2015,75.58,13.27,2.23,70.34,34.08,37.68,2025-08-27 08:56:16
810,충청북도,2015,82.9,9.39,4.53,41.38,19.37,47.91,2025-08-27 08:56:16
811,충청남도,2015,73.04,6.49,2.75,28.64,24.94,8.6,2025-08-27 08:56:16
812,전라북도,2015,45.13,8.01,-1.55,98.77,22.33,26.0,2025-08-27 08:56:16
813,전라남도,2015,67.59,13.77,2.14,60.83,11.95,41.71,2025-08-27 08:56:16
814,경상북도,2015,68.91,13.39,6.05,34.1,35.54,24.99,2025-08-27 08:56:16
815,경상남도,2015,60.15,7.35,6.62,38.48,46.22,36.22,2025-08-27 08:56:16
816,제주특별자치도,2015,69.86,13.56,11.41,50.34,-0.39,63.58,2025-08-27 08:56:16
817,서울특별시,2016,79.74,10.84,6.57,59.7,23.72,34.7,2025-08-27 08:56:17
818,부산광역시,2016,95.27,15.52,2.97,57.51,27.56,32.85,2025-08-27 08:56:17
819,대구광역시,2016,45.09,6.21,1.2,50.74,3.2,28.82,2025-08-27 08:56:17
820,인천광역시,2016,7.23,7.94,3.67,53.66,16.47,37.36,2025-08-27 08:56:17
821,광주광역시,2016,58.85,10.68,-3.38,59.38,6.51,48.17,2025-08-27 08:56:17
822,대전광역시,2016,62.82,9.88,0.17,34.24,40.61,43.07,2025-08-27 08:56:17
823,울산광역시,2016,51.68,5.87,0.23,51.01,36.95,40.65,2025-08-27 08:56:17
824,세종특별자치시,2016,55.85,4.44,2.82,24.04,2.55,41.07,2025-08-27 08:56:17
825,경기도,2016,60.76,9.26,2.15,18.97,16.97,38.27,2025-08-27 08:56:17
826,강원도,2016,65.19,9.65,8.85,50.69,33.48,35.24,2025-08-27 08:56:17
827,충청북도,2016,44.03,7.33,7.7,39.02,59.46,59.49,2025-08-27 08:56:17
828,충청남도,2016,64.54,10.36,5.01,51.47,7.5,35.27,2025-08-27 08:56:17
829,전라북도,2016,56.77,8.59,11.35,46.14,5.8,44.89,2025-08-27 08:56:17
830,전라남도,2016,44.46,13.29,7.9,22.32,3.67,55.36,2025-08-27 08:56:17
831,경상북도,2016,62.2,9.51,-2.15,51.74,24.74,47.08,2025-08-27 08:56:17
832,경상남도,2016,76.8,9.22,3.6,74.15,25.89,23.15,2025-08-27 08:56:17
833,제주특별자치도,2016,63.17,13.04,7.33,57.76,16.87,34.5,2025-08-27 08:56:17
834,서울특별시,2017,52.16,17.51,4.33,19.88,17.22,23.42,2025-08-27 08:56:18
835,부산광역시,2017,59.43,6.95,7.67,60.92,12.28,48.54,2025-08-27 08:56:18
836,대구광역시,2017,52.97,13.99,4.11,81.89,20.85,24.77,2025-08-27 08:56:18
837,인천광역시,2017,23.36,7.3,-1.09,69.66,35.04,32.06,2025-08-27 08:56:18
838,광주광역시,2017,44.44,7.85,6.13,5.49,27.81,34.91,2025-08-27 08:56:18
839,대전광역시,2017,60.11,9.68,13.49,64.83,43.6,35.66,2025-08-27 08:56:18
840,울산광역시,2017,64.91,9.24,5.31,20.47,13.72,41.25,2025-08-27 08:56:18
841,세종특별자치시,2017,83.82,12.41,6.99,35.02,18.22,61.44,2025-08-27 08:56:18
842,경기도,2017,72.22,9.08,4.39,48.77,39.15,31.06,2025-08-27 08:56:18
843,강원도,2017,53.62,12.05,4.14,48.41,36.57,59.34,2025-08-27 08:56:18
844,충청북도,2017,58.59,10.15,-6.62,51.02,24.54,52.2,2025-08-27 08:56:18
845,충청남도,2017,62.75,15.17,2.38,98.31,38.94,30.35,2025-08-27 08:56:18
846,전라북도,2017,43.09,7.18,8.1,36.51,3.38,29.63,2025-08-27 08:56:18
847,전라남도,2017,72.1,9.16,11.63,16.89,18.84,41.86,2025-08-27 08:56:18
848,경상북도,2017,71.66,9.71,-2.25,61.65,18.79,38.77,2025-08-27 08:56:18
849,경상남도,2017,59.1,12.86,2.7,45.93,22.09,38.63,2025-08-27 08:56:18
850,제주특별자치도,2017,73.45,12.75,10.02,41.25,28.83,32.06,2025-08-27 08:56:18
851,서울특별시,2018,85.33,5.53,5.39,29.97,30.26,54.07,2025-08-27 08:56:19
852,부산광역시,2018,27.05,9.78,4.38,66.25,25.27,46.59,2025-08-27 08:56:19
853,대구광역시,2018,51.23,10.18,0.21,62.98,-5.53,45.39,2025-08-27 08:56:19
854,인천광역시,2018,48.76,8.89,3.95,51.15,47.51,47.19,2025-08-27 08:56:19
855,광주광역시,2018,60.37,15.06,0.31,29.97,35.26,40.58,2025-08-27 08:56:19
856,대전광역시,2018,65.36,6.36,10.18,52.9,26.48,43.63,2025-08-27 08:56:19
857,울산광역시,2018,26.99,11.81,6.29,34.07,31.11,35.56,2025-08-27 08:56:19
858,세종특별자치시,2018,49.43,6.72,1.69,64.27,14.19,42.96,2025-08-27 08:56:19
859,경기도,2018,42.52,12.55,3.0,66.16,36.78,31.95,2025-08-27 08:56:19
860,강원도,2018,60.8,12.35,1.95,-6.22,28.91,42.3,2025-08-27 08:56:19
861,충청북도,2018,28.58,16.17,2.67,75.88,22.62,41.93,2025-08-27 08:56:19
862,충청남도,2018,79.02,9.93,6.3,24.87,14.95,60.99,2025-08-27 08:56:19
863,전라북도,2018,23.46,12.51,2.33,14.82,13.03,51.22,2025-08-27 08:56:19
864,전라남도,2018,46.99,12.71,0.64,30.95,54.04,38.89,2025-08-27 08:56:19
865,경상북도,2018,82.7,11.18,4.06,25.25,38.58,43.52,2025-08-27 08:56:19
866,경상남도,2018,81.92,13.24,2.1,34.18,21.61,55.75,2025-08-27 08:56:19
867,제주특별자치도,2018,26.78,10.38,1.4,19.5,37.44,30.79,2025-08-27 08:56:19
868,서울특별시,2019,73.77,12.72,4.65,90.21,35.39,32.14,2025-08-27 08:56:20
869,부산광역시,2019,59.75,15.55,2.16,80.3,30.99,47.38,2025-08-27 08:56:20
870,대구광역시,2019,74.86,12.85,10.32,46.98,10.26,43.74,2025-08-27 08:56:20
871,인천광역시,2019,27.32,10.97,5.71,58.73,8.46,40.87,2025-08-27 08:56:20
872,광주광역시,2019,56.55,9.51,4.78,17.73,25.52,49.39,2025-08-27 08:56:20
873,대전광역시,2019,53.8,8.77,9.27,52.14,10.62,55.36,2025-08-27 08:56:20
874,울산광역시,2019,58.62,6.78,4.32,79.59,24.98,28.99,2025-08-27 08:56:20
875,세종특별자치시,2019,59.74,10.26,11.03,90.86,70.96,32.99,2025-08-27 08:56:20
876,경기도,2019,47.63,9.47,0.05,47.51,21.9,50.58,2025-08-27 08:56:20
877,강원도,2019,78.98,11.8,1.28,93.07,47.41,45.69,2025-08-27 08:56:20
878,충청북도,2019,27.98,8.69,9.92,24.92,31.0,39.78,2025-08-27 08:56:20
879,충청남도,2019,65.36,8.83,3.52,45.56,44.77,33.0,2025-08-27 08:56:20
880,전라북도,2019,35.69,15.64,5.82,46.81,43.56,38.09,2025-08-27 08:56:20
881,전라남도,2019,76.91,11.43,2.98,28.69,19.65,57.52,2025-08-27 08:56:20
882,경상북도,2019,58.15,5.96,-0.55,49.85,46.24,38.68,2025-08-27 08:56:20
883,경상남도,2019,49.71,9.34,-3.62,61.45,47.89,39.02,2025-08-27 08:56:20
884,제주특별자치도,2019,42.9,8.2,6.76,57.96,23.13,46.03,2025-08-27 08:56:20
885,서울특별시,2020,38.87,8.77,5.22,54.27,39.44,32.09,2025-08-27 08:56:22
886,부산광역시,2020,76.31,12.96,3.09,35.48,16.62,48.53,2025-08-27 08:56:22
887,대구광역시,2020,45.82,8.7,3.08,63.32,19.26,33.67,2025-08-27 08:56:22
888,인천광역시,2020,57.18,14.35,0.29,35.99,48.38,40.62,2025-08-27 08:56:22
889,광주광역시,2020,31.11,8.24,6.12,57.32,43.75,59.56,2025-08-27 08:56:22
890,대전광역시,2020,55.85,13.84,2.42,55.42,72.45,40.73,2025-08-27 08:56:22
891,울산광역시,2020,44.4,11.01,5.47,29.75,29.65,44.47,2025-08-27 08:56:22
892,세종특별자치시,2020,55.42,8.22,0.89,59.83,43.01,37.72,2025-08-27 08:56:22
893,경기도,2020,42.62,12.22,8.53,33.4,18.58,50.85,2025-08-27 08:56:22
894,강원도,2020,81.31,8.82,3.67,54.84,9.06,39.15,2025-08-27 08:56:22
895,충청북도,2020,66.68,11.74,9.61,59.56,21.41,42.6,2025-08-27 08:56:22
896,충청남도,2020,49.13,12.72,5.16,33.17,28.2,54.62,2025-08-27 08:56:22
897,전라북도,2020,82.6,9.36,10.89,55.83,51.53,32.95,2025-08-27 08:56:22
898,전라남도,2020,49.18,9.43,9.22,58.35,31.32,43.32,2025-08-27 08:56:22
899,경상북도,2020,100.45,13.84,4.86,46.75,15.59,54.36,2025-08-27 08:56:22
900,경상남도,2020,41.65,6.61,7.57,62.35,46.48,27.95,2025-08-27 08:56:22
901,제주특별자치도,2020,54.84,12.7,2.94,63.18,27.93,53.22,2025-08-27 08:56:22
902,서울특별시,2021,68.09,15.24,-0.32,35.3,7.58,36.7,2025-08-27 08:56:23
903,부산광역시,2021,51.35,9.75,2.92,20.17,45.48,31.78,2025-08-27 08:56:23
904,대구광역시,2021,40.88,15.11,6.09,38.77,10.99,46.27,2025-08-27 08:56:23
905,인천광역시,2021,69.35,14.81,2.68,62.25,23.94,46.16,2025-08-27 08:56:23
906,광주광역시,2021,80.9,15.12,0.33,43.71,30.7,41.11,2025-08-27 08:56:23
907,대전광역시,2021,80.58,8.54,13.52,19.9,41.69,50.52,2025-08-27 08:56:23
908,울산광역시,2021,75.92,10.62,15.53,40.43,33.7,71.07,2025-08-27 08:56:23
909,세종특별자치시,2021,65.29,9.43,7.15,79.47,13.2,38.05,2025-08-27 08:56:23
910,경기도,2021,60.07,14.39,6.73,48.99,34.79,25.2,2025-08-27 08:56:23
911,강원도,2021,67.0,10.44,9.5,33.95,30.68,50.08,2025-08-27 08:56:23
912,충청북도,2021,38.75,9.83,-0.45,48.41,44.69,38.19,2025-08-27 08:56:23
913,충청남도,2021,58.89,2.05,6.59,45.11,15.88,49.06,2025-08-27 08:56:23
914,전라북도,2021,75.5,13.2,4.94,56.05,40.29,38.7,2025-08-27 08:56:23
915,전라남도,2021,32.26,13.28,7.18,58.72,46.39,30.74,2025-08-27 08:56:23
916,경상북도,2021,74.12,8.6,-0.75,36.79,-2.55,37.12,2025-08-27 08:56:23
917,경상남도,2021,42.09,10.31,-3.01,17.43,13.72,50.64,2025-08-27 08:56:23
918,제주특별자치도,2021,58.03,10.32,2.68,53.26,47.81,35.81,2025-08-27 08:56:23
919,서울특별시,2022,60.98,11.72,3.19,37.55,19.0,62.29,2025-08-27 08:56:24
920,부산광역시,2022,71.46,6.06,6.05,14.88,47.15,40.51,2025-08-27 08:56:24
921,대구광역시,2022,73.68,7.51,5.98,46.25,21.17,44.31,2025-08-27 08:56:24
922,인천광역시,2022,48.89,11.86,0.45,34.99,57.64,39.72,2025-08-27 08:56:24
923,광주광역시,2022,72.02,8.55,7.07,30.7,-3.32,48.92,2025-08-27 08:56:24
924,대전광역시,2022,54.13,7.34,-0.05,69.34,48.22,40.33,2025-08-27 08:56:24
925,울산광역시,2022,50.04,11.84,5.59,39.31,20.72,40.43,2025-08-27 08:56:24
926,세종특별자치시,2022,70.05,6.43,7.48,43.01,50.33,43.83,2025-08-27 08:56:24
927,경기도,2022,58.98,11.46,7.29,58.71,-1.82,47.88,2025-08-27 08:56:24
928,강원도,2022,43.93,12.21,6.9,67.04,17.5,44.95,2025-08-27 08:56:24
929,충청북도,2022,42.82,10.56,-1.15,46.82,25.02,37.29,2025-08-27 08:56:24
930,충청남도,2022,64.77,6.34,7.7,31.3,35.97,60.4,2025-08-27 08:56:24
931,전라북도,2022,37.78,5.65,-1.59,61.2,34.3,45.29,2025-08-27 08:56:24
932,전라남도,2022,56.62,4.86,10.59,55.79,23.42,19.52,2025-08-27 08:56:24
933,경상북도,2022,53.99,15.33,3.32,42.69,14.86,28.5,2025-08-27 08:56:24
934,경상남도,2022,75.19,3.77,4.75,64.77,31.71,59.66,2025-08-27 08:56:24
935,제주특별자치도,2022,51.07,6.33,8.57,45.58,34.89,40.56,2025-08-27 08:56:24
936,서울특별시,2023,44.08,11.83,6.0,45.54,41.19,44.14,2025-08-27 08:56:25
937,부산광역시,2023,76.96,10.88,4.87,28.06,53.25,42.9,2025-08-27 08:56:25
938,대구광역시,2023,63.2,6.36,10.68,44.77,39.68,48.6,2025-08-27 08:56:25
939,인천광역시,2023,68.31,13.52,6.94,48.53,23.03,29.28,2025-08-27 08:56:25
940,광주광역시,2023,69.64,10.81,0.35,22.42,35.6,29.97,2025-08-27 08:56:25
941,대전광역시,2023,72.95,13.18,11.45,47.01,40.97,49.44,2025-08-27 08:56:25
942,울산광역시,2023,44.54,16.23,7.73,48.68,32.56,62.69,2025-08-27 08:56:25
943,세종특별자치시,2023,37.18,13.86,6.03,72.68,26.1,39.4,2025-08-27 08:56:25
944,경기도,2023,67.68,9.38,2.36,74.8,-3.86,44.58,2025-08-27 08:56:25
945,강원도,2023,57.69,12.02,-0.5,50.09,33.27,38.37,2025-08-27 08:56:25
946,충청북도,2023,49.91,7.81,8.9,25.77,23.01,32.73,2025-08-27 08:56:25
947,충청남도,2023,32.29,10.04,7.37,67.38,33.55,21.72,2025-08-27 08:56:25
948,전라북도,2023,53.33,13.47,10.47,65.04,32.74,30.2,2025-08-27 08:56:25
949,전라남도,2023,66.01,7.78,7.74,28.92,46.53,47.61,2025-08-27 08:56:25
950,경상북도,2023,47.8,14.19,3.81,68.23,22.89,57.62,2025-08-27 08:56:25
951,경상남도,2023,49.56,10.1,8.68,37.29,18.73,45.81,2025-08-27 08:56:25
952,제주특별자치도,2023,59.19,8.03,1.15,60.45,21.35,59.0,2025-08-27 08:56:25
953,서울특별시,2024,1.2,12.55,11.0,68.95,46.12,32.32,2025-08-27 08:56:26
954,부산광역시,2024,71.33,11.38,13.7,32.91,38.34,29.04,2025-08-27 08:56:26
955,대구광역시,2024,61.53,5.91,14.55,65.79,68.06,56.01,2025-08-27 08:56:26
956,인천광역시,2024,69.32,7.42,-0.79,30.61,59.69,30.65,2025-08-27 08:56:26
957,광주광역시,2024,28.93,13.44,-0.31,46.1,67.07,44.01,2025-08-27 08:56:26
958,대전광역시,2024,59.3,9.17,2.27,86.33,19.28,27.51,2025-08-27 08:56:26
959,울산광역시,2024,42.7,6.68,11.17,58.85,39.09,49.73,2025-08-27 08:56:26
960,세종특별자치시,2024,44.08,9.18,3.77,72.77,24.78,47.07,2025-08-27 08:56:26
961,경기도,2024,74.35,7.7,5.0,24.31,23.45,25.16,2025-08-27 08:56:26
962,강원도,2024,85.59,15.24,4.43,27.45,45.05,62.98,2025-08-27 08:56:26
963,충청북도,2024,74.78,14.74,12.96,39.87,35.72,39.93,2025-08-27 08:56:26
964,충청남도,2024,91.24,11.5,11.68,42.03,9.68,35.57,2025-08-27 08:56:26
965,전라북도,2024,27.42,8.61,3.02,40.67,19.48,70.55,2025-08-27 08:56:26
966,전라남도,2024,63.81,7.72,6.23,67.52,28.02,30.45,2025-08-27 08:56:26
967,경상북도,2024,77.27,10.15,6.87,47.51,52.74,37.93,2025-08-27 08:56:26
968,경상남도,2024,53.28,9.15,2.77,43.49,35.34,33.4,2025-08-27 08:56:26
969,제주특별자치도,2024,69.91,10.57,1.8,85.43,15.54,47.1,2025-08-27 08:56:26
970,서울특별시,2025,58.54,13.86,11.11,74.79,40.7,39.9,2025-08-27 08:56:27
971,부산광역시,2025,73.23,10.79,3.96,46.55,32.97,76.6,2025-08-27 08:56:27
972,대구광역시,2025,74.6,6.46,2.95,30.0,20.68,46.03,2025-08-27 08:56:27
973,인천광역시,2025,92.48,9.07,9.03,25.82,14.51,39.09,2025-08-27 08:56:27
974,광주광역시,2025,55.56,9.03,2.93,77.75,-6.01,56.2,2025-08-27 08:56:27
975,대전광역시,2025,59.77,7.34,-1.46,65.31,21.52,25.99,2025-08-27 08:56:27
976,울산광역시,2025,32.37,5.97,11.98,15.26,33.65,40.94,2025-08-27 08:56:27
977,세종특별자치시,2025,70.16,9.9,-0.24,60.11,47.37,42.22,2025-08-27 08:56:27
978,경기도,2025,68.18,11.84,7.24,52.74,48.02,47.55,2025-08-27 08:56:27
979,강원도,2025,49.45,12.52,0.96,44.65,23.97,38.05,2025-08-27 08:56:27
980,충청북도,2025,40.07,13.63,12.19,50.94,26.52,48.06,2025-08-27 08:56:27
981,충청남도,2025,88.23,14.48,6.05,54.58,-25.09,36.71,2025-08-27 08:56:27
982,전라북도,2025,37.58,7.57,2.29,60.53,45.07,45.03,2025-08-27 08:56:27
983,전라남도,2025,72.03,5.39,4.59,14.99,22.23,54.1,2025-08-27 08:56:27
984,경상북도,2025,54.91,5.14,9.72,57.76,41.98,34.04,2025-08-27 08:56:27
985,경상남도,2025,33.98,11.54,8.02,46.68,62.16,33.22,2025-08-27 08:56:27
986,제주특별자치도,2025,51.75,9.39,12.29,52.43,41.42,33.58,2025-08-27 08:56:27
