id,region,year,local_tax_revenue,total_revenue,fiscal_autonomy_ratio,fiscal_power_index,per_capita_local_tax,transfer_dependency_ratio,local_debt_amount,created_at
1,서울특별시,1997,7380083911010.166,7768509380010.701,0.95,92.59351154549185,817737.8294748106,5.000000000000004,2503172887913.0845,2025-08-27 05:30:33
2,부산광역시,1997,1542970239148.392,2042391186891.7603,0.7554724330242443,75.2758839307105,618906.4202702304,24.452756697575573,807481234606.1237,2025-08-27 05:30:33
3,대구광역시,1997,1127825098369.215,1586711013970.1091,0.7107942709411743,69.0752072791218,661129.589154212,28.92057290588257,723488176433.5142,2025-08-27 05:30:33
4,인천광역시,1997,1244508231462.7905,1636312747065.3032,0.7605564606734214,84.89661837234256,564245.7748501046,23.944353932657858,523280408088.49695,2025-08-27 05:30:33
5,광주광역시,1997,402872618227.1004,833571068499.518,0.4833092623431584,47.689272648566266,574876.5989651848,51.66907376568416,237267486625.91623,2025-08-27 05:30:33
6,대전광역시,1997,492935152965.45795,734645851865.5338,0.6709833747971431,64.81238497864321,489763.9012436892,32.90166252028569,195601333676.8611,2025-08-27 05:30:33
7,울산광역시,1997,452666803767.32263,619625114023.7614,0.7305494782607598,66.27296713629369,563295.5582034194,26.945052173924022,154884981601.09756,2025-08-27 05:30:33
8,세종특별자치시,1997,181366537267.98993,242709714765.9353,0.7472570162380868,78.87043444475114,693456.3279026722,25.274298376191318,125157284512.9314,2025-08-27 05:30:33
9,경기도,1997,7601317734462.0205,9289595300786.697,0.8182614514776867,81.09584010637734,688118.1704286443,18.17385485223133,3439438425670.0137,2025-08-27 05:30:33
10,강원도,1997,247843212663.18033,498940350160.565,0.4967391644781213,43.26952261799336,332626.90010704333,50.326083552187875,216978763809.2417,2025-08-27 05:30:33
11,충청북도,1997,295187866595.03534,621960199502.2101,0.47460893290485606,40.65617537717643,388725.12468888133,52.53910670951439,103051212111.1595,2025-08-27 05:30:33
12,충청남도,1997,260404059721.5831,812785293643.459,0.32038480735087393,41.16534675389713,387040.6160206948,67.96151926491261,390924738541.982,2025-08-27 05:30:33
13,전라북도,1997,527991651130.6338,774555891565.257,0.6816701762653239,61.85969499354133,430308.828647365,31.832982373467612,454668287926.26434,2025-08-27 05:30:33
14,전라남도,1997,263399882234.18237,823418133572.3099,0.31988593825527095,34.98346399981575,433377.9650380579,68.0114061744729,267219777194.31183,2025-08-27 05:30:33
15,경상북도,1997,537654517955.9666,929187839243.2494,0.5786284486825011,54.22090746492338,357379.93817048054,42.13715513174989,360097437565.9688,2025-08-27 05:30:33
16,경상남도,1997,814691827725.2317,1449730426373.3916,0.5619609086657882,57.89414136366152,439312.25041617925,43.80390913342118,540078602856.721,2025-08-27 05:30:33
17,제주특별자치도,1997,119122660652.89334,284125513815.7001,0.4192606959266708,43.079354973211416,424067.93106820906,58.07393040733292,90655188460.8199,2025-08-27 05:30:33
18,서울특별시,1998,7356500341262.046,7743684569749.522,0.95,107.61102096933786,811069.4297794137,5.000000000000004,2646769387136.0977,2025-08-27 05:30:33
19,부산광역시,1998,1287757540295.9236,1894585024673.1812,0.6797042748282378,68.13229390318047,571260.5445299941,32.02957251717622,401173423436.99896,2025-08-27 05:30:33
20,대구광역시,1998,1117327258101.2266,1454299121268.7476,0.7682926034682998,85.01506322665944,602943.5009171843,23.170739653170024,408928132086.89813,2025-08-27 05:30:33
21,인천광역시,1998,1025251218604.4331,1639062665477.641,0.6255106898586232,62.98693679818361,562382.304978537,37.44893101413768,535786350325.0924,2025-08-27 05:30:33
22,광주광역시,1998,603676886658.4486,766324719304.0364,0.7877559883579093,76.38598510377261,525870.8150110492,21.224401164209073,210937063177.58228,2025-08-27 05:30:33
23,대전광역시,1998,545171398749.8983,771095007696.2566,0.7070093740830543,70.43222746318689,511506.148724647,29.299062591694568,239636202898.5536,2025-08-27 05:30:33
24,울산광역시,1998,347874818465.3219,547157529939.7576,0.6357854903388118,60.76958462871683,494941.6778665178,36.42145096611882,113983200881.70192,2025-08-27 05:30:33
25,세종특별자치시,1998,164005483910.72263,240014782256.64804,0.6833140957766152,67.83694070422935,682346.7366123231,31.668590422338482,36035901862.39547,2025-08-27 05:30:33
26,경기도,1998,9112100583586.664,10531642879490.828,0.8652116946854929,88.64907550268228,776240.5495287545,13.478830531450715,2709312619763.223,2025-08-27 05:30:33
27,강원도,1998,242502235369.76514,695485237251.1224,0.34868063674255045,34.9634709204813,461350.38049850945,65.13193632574496,236901076976.64502,2025-08-27 05:30:33
28,충청북도,1998,122323682758.39066,611618413791.9532,0.2,16.061774909468905,380359.946611878,80.0,86644688884.01534,2025-08-27 05:30:33
29,충청남도,1998,341002710091.63513,871556948305.4049,0.3912569462668587,36.410316448009866,412962.3067071333,60.87430537331413,268636369773.87518,2025-08-27 05:30:33
30,전라북도,1998,359567000835.5949,681618636270.621,0.5275193219523961,50.39319609596568,376793.2631641151,47.24806780476038,258627286467.13358,2025-08-27 05:30:33
31,전라남도,1998,342399566739.5722,829643193951.3517,0.4127070157820757,43.890809095502256,434482.130627642,58.72929842179243,167798768747.29413,2025-08-27 05:30:33
32,경상북도,1998,491599515622.4364,1166114154335.8552,0.421570661666842,32.79608749727691,446274.2443972827,57.842933833315804,357308461442.8069,2025-08-27 05:30:33
33,경상남도,1998,1030046293113.2494,1383228865023.9114,0.7446680149314577,79.0611152142181,417075.0134475878,25.533198506854227,329351099900.50183,2025-08-27 05:30:33
34,제주특별자치도,1998,58372902000.13539,291864510000.67694,0.2,27.40049596077885,433452.05829469854,80.0,77155624530.7746,2025-08-27 05:30:33
35,서울특별시,1999,6633858749707.241,7883317668464.123,0.841505953292339,85.81258769390887,821606.8440296116,15.849404670766098,2872804833778.4966,2025-08-27 05:30:34
36,부산광역시,1999,1596687852577.632,2123636640342.9707,0.7518649011065115,75.01631852379619,637154.7075736485,24.81350988934885,519861385099.5793,2025-08-27 05:30:34
37,대구광역시,1999,1047376884449.045,1407686767958.3835,0.7440411519730996,78.64306888714188,580728.8646693002,25.595884802690037,330455464601.2311,2025-08-27 05:30:34
38,인천광역시,1999,1400322849269.2217,1760345425094.3896,0.7954818578826007,84.0579380301438,601005.6077481699,20.451814211739926,600781431060.3937,2025-08-27 05:30:34
39,광주광역시,1999,487971605042.2326,818625718685.7518,0.5960863357990243,57.48254834749563,558979.6645174134,40.391366420097576,243014486345.69238,2025-08-27 05:30:34
40,대전광역시,1999,504193582107.0558,845518597418.852,0.5963128234508708,62.5515660546831,558098.0841048529,40.36871765491292,245399633726.55884,2025-08-27 05:30:34
41,울산광역시,1999,454999462607.8498,587400430393.6571,0.7745984494817677,79.30072708399014,528713.2586801595,22.54015505182323,202474424386.84677,2025-08-27 05:30:34
42,세종특별자치시,1999,208808775363.4434,254572061032.24564,0.820234453524711,83.67099344970568,720147.2730756595,17.976554647528896,62402447512.80242,2025-08-27 05:30:34
43,경기도,1999,9199880138779.498,11786891957435.154,0.7805178983571006,85.3116318858343,864458.5227308511,21.94821016428994,4214613815603.654,2025-08-27 05:30:34
44,강원도,1999,364507282611.3554,626716180198.3778,0.5816146034333691,60.521092417623905,413674.0463355629,41.83853965666309,219544536915.9095,2025-08-27 05:30:34
45,충청북도,1999,111324583761.21564,556622918806.0781,0.2,27.084604392142904,344444.8754988107,80.0,125635811322.37457,2025-08-27 05:30:34
46,충청남도,1999,593442946207.1534,949124108073.2114,0.6252532636768486,57.081571826457186,447488.97127449856,37.47467363231514,291774204853.53,2025-08-27 05:30:34
47,전라북도,1999,214267497708.7082,731701925512.7747,0.29283440460888516,33.53934498890266,402476.30666269234,70.71655953911149,240958989773.71786,2025-08-27 05:30:34
48,전라남도,1999,246076852968.92276,815696821598.338,0.3016768564657898,30.24784945074068,425063.48181257845,69.83231435342103,51321805845.24738,2025-08-27 05:30:34
49,경상북도,1999,497249432408.07324,990405005686.6644,0.502066760116304,42.99337882474905,377153.46751205804,49.7933239883696,285071786428.35913,2025-08-27 05:30:34
50,경상남도,1999,277213602357.85175,1386068011789.2585,0.2,15.112470288367287,415861.9897357512,80.0,559117768844.8949,2025-08-27 05:30:34
51,제주특별자치도,1999,96397026650.13708,258212571872.58847,0.3733242961450495,39.71906180231328,381576.136947818,62.667570385495054,91312599268.56998,2025-08-27 05:30:34
52,서울특별시,2000,7515148606170.519,8095468484237.135,0.9283154669557951,90.84529870935984,839561.1598897729,7.168453304420486,2018078537336.6638,2025-08-27 05:30:34
53,부산광역시,2000,1744086275296.5332,2105751656806.935,0.8282487964137164,82.55750682772549,628676.6041151035,17.17512035862836,555271913146.4714,2025-08-27 05:30:34
54,대구광역시,2000,1139305577912.7183,1456371157951.2617,0.7822906761731172,78.54251860781912,597853.7585406487,21.77093238268828,465034372131.71454,2025-08-27 05:30:34
55,인천광역시,2000,1449002507887.326,1753905233503.7573,0.8261578107003361,86.80037127174549,595857.2547514904,17.384218929966387,336467241162.4189,2025-08-27 05:30:34
56,광주광역시,2000,604613048858.0065,770015684066.8363,0.7851957581756567,87.772007835769,523197.69476101996,21.480424182434334,222764945031.3721,2025-08-27 05:30:34
57,대전광역시,2000,488106777280.89557,855227411173.1981,0.57073331713177,59.70310768633692,561726.0905742454,42.926668286823,261785902466.35587,2025-08-27 05:30:34
58,울산광역시,2000,424266148430.18506,623621406009.2509,0.6803264678568322,63.977509009711895,558550.2964704441,31.967353214316784,193738926871.95605,2025-08-27 05:30:34
59,세종특별자치시,2000,202282184294.01773,235385896768.639,0.8593640786085033,81.64903853196552,662594.1150253456,14.063592139149673,69141038778.25046,2025-08-27 05:30:34
60,경기도,2000,9255602863597.389,10559842142896.6,0.8764906461999958,86.74171268489903,770650.8238312296,12.350935380000417,2478309059565.6353,2025-08-27 05:30:34
61,강원도,2000,167614189864.83508,602202087157.272,0.27833545156920175,31.24622894038433,395535.2924089093,72.16645484307982,101830295167.77962,2025-08-27 05:30:34
62,충청북도,2000,351747798655.96185,573979238724.289,0.612823208445217,52.08720976253928,353435.7094581271,38.7176791554783,137506337373.6092,2025-08-27 05:30:34
63,충청남도,2000,442509521860.5611,906693605182.0465,0.4880474719701081,49.863563138984496,425378.18680837273,51.19525280298919,401234801586.02466,2025-08-27 05:30:34
64,전라북도,2000,499577865491.6852,676493296530.4034,0.7384816199272313,72.7212110855769,370275.67969681614,26.151838007276872,58727172745.847275,2025-08-27 05:30:34
65,전라남도,2000,490686616850.4022,901261655094.8915,0.5444441290456755,62.64922026425969,467338.4093509468,45.55558709543245,418803409562.4508,2025-08-27 05:30:34
66,경상북도,2000,233668324046.7934,1126553085478.559,0.20741883099768108,30.818312328734134,426886.51472719735,79.25811690023188,275997479121.8388,2025-08-27 05:30:34
67,경상남도,2000,647488618807.4958,1346442499299.1355,0.48088842943128535,52.77022942807917,401983.2516143864,51.91115705687146,478299961770.19214,2025-08-27 05:30:34
68,제주특별자치도,2000,161668516548.98398,286996085940.2452,0.5633126180774627,57.85467168897614,422022.65710301045,43.668738192253734,109556840028.23451,2025-08-27 05:30:34
69,서울특별시,2001,5991732666336.791,6933448401723.459,0.8641778692472011,90.0274630492451,715526.1508486542,13.582213075279892,969088358226.1875,2025-08-27 05:30:35
70,부산광역시,2001,1507541714641.2488,2096235089693.5244,0.7191663387629179,77.0254044685555,622767.4063260619,28.08336612370821,683011995438.1497,2025-08-27 05:30:35
71,대구광역시,2001,1070024055492.288,1518076707494.6587,0.704855064444135,63.947979158934054,620129.3739765763,29.514493555586498,471782206392.3291,2025-08-27 05:30:35
72,인천광역시,2001,1060449014976.0774,1777724665566.9473,0.5965203923397675,60.485654658316264,600988.7307528558,40.34796076602325,462342935415.0273,2025-08-27 05:30:35
73,광주광역시,2001,525031000401.4068,778358159524.8038,0.6745365150690319,66.84382435535348,526273.2653987856,32.54634849309681,153995525179.2567,2025-08-27 05:30:35
74,대전광역시,2001,596602761233.7413,820085603593.4083,0.7274883970887654,72.61484999794777,536003.6624793519,27.251160291123455,144687521765.84662,2025-08-27 05:30:35
75,울산광역시,2001,425866810610.6581,625017577168.1128,0.6813677345527059,70.91276388173887,557056.664142703,31.863226544729407,207472267424.7639,2025-08-27 05:30:35
76,세종특별자치시,2001,196056934408.0304,246002358253.0789,0.7969717680768478,76.59088966168491,689082.2360030221,20.302823192315223,84430551124.02028,2025-08-27 05:30:35
77,경기도,2001,8697690591422.525,10771899686623.645,0.8074425908573178,79.36917032438204,782273.0346131913,19.255740914268216,4321305620024.155,2025-08-27 05:30:35
78,강원도,2001,300571574026.1074,503596570404.85455,0.5968499225172841,58.250381740233664,329148.08523193107,40.31500774827159,109255507142.96521,2025-08-27 05:30:35
79,충청북도,2001,172163990566.7549,605909226387.3876,0.28414155630744925,30.633151906708463,371267.9083256051,71.58584436925508,81362162091.61203,2025-08-27 05:30:35
80,충청남도,2001,395139794620.1719,842645745409.8318,0.46892753778515844,47.921626046262915,393392.03800645744,53.10724622148415,276098873426.5093,2025-08-27 05:30:35
81,전라북도,2001,343385363641.0969,758512516465.4353,0.45270889561747224,44.282443776857406,413133.17890274257,54.72911043825277,37877418987.09926,2025-08-27 05:30:35
82,전라남도,2001,397644908519.10144,737714758669.6227,0.5390225745736805,52.92776179238462,380657.7702113636,46.09774254263195,231922186224.76846,2025-08-27 05:30:35
83,경상북도,2001,563555686404.5913,1088919960181.9569,0.5175363727471962,53.5771395545375,410603.30323603196,48.24636272528038,360322240052.43585,2025-08-27 05:30:35
84,경상남도,2001,651128633375.3646,1442287814185.4475,0.4514554078397305,45.45809349779637,428487.16998973483,54.85445921602695,424455424972.60406,2025-08-27 05:30:35
85,제주특별자치도,2001,156267722604.4502,271332417006.52023,0.5759272125626442,52.56144843447648,397033.09482955845,42.407278743735574,115655230323.14993,2025-08-27 05:30:35
86,서울특별시,2002,6127510078000.1875,7238012861884.456,0.8465735271441417,78.68270186348764,743313.2592435898,15.34264728558583,2287139835149.534,2025-08-27 05:30:35
87,부산광역시,2002,1362621626148.1506,2005979962916.9014,0.679279779129378,62.53970309022854,593046.7275576139,32.0720220870622,352778765917.18475,2025-08-27 05:30:35
88,대구광역시,2002,1282203655959.2927,1557325475117.5852,0.8233369815404069,87.22023905693419,633059.1362266607,17.66630184595931,314289943517.2161,2025-08-27 05:30:35
89,인천광역시,2002,1707040882711.5625,1930438263729.6558,0.8842763401371438,88.79727149453339,649432.7714591849,11.572365986285615,881383181128.0657,2025-08-27 05:30:35
90,광주광역시,2002,387052637385.3393,848509428497.9363,0.4561559652560545,38.99429738117746,570906.6438382373,54.384403474394546,300661543196.11414,2025-08-27 05:30:35
91,대전광역시,2002,501170257953.2632,887005709327.0016,0.5650135649448259,49.22733455966965,576914.6577181524,43.49864350551741,221909593899.48465,2025-08-27 05:30:35
92,울산광역시,2002,319927049161.3364,576865835305.8594,0.5545952448227555,52.242101654836475,511632.66989433207,44.54047551772445,101117089710.54704,2025-08-27 05:30:35
93,세종특별자치시,2002,192220890217.78708,242341099282.9598,0.7931832065899318,77.80713903974156,675517.1422999362,20.68167934100682,92400976750.2095,2025-08-27 05:30:35
94,경기도,2002,9037354467978.908,10471236777535.162,0.8630646656150032,92.21930905056901,756728.9997661544,13.693533438499683,3906515662698.1147,2025-08-27 05:30:35
95,강원도,2002,254977834546.47366,642135205864.8717,0.397078110992298,36.315581166053285,417649.18602540344,60.29218890077019,184348282688.4683,2025-08-27 05:30:35
96,충청북도,2002,519335613165.0615,732540742875.6694,0.7089511651274881,76.0859022136215,446671.4570409308,29.104883487251186,168695924378.02518,2025-08-27 05:30:35
97,충청남도,2002,295490982113.15,906411118240.522,0.3260010564375487,38.244488517845866,421096.9190432158,67.39989435624514,297306400431.3328,2025-08-27 05:30:35
98,전라북도,2002,326257960648.7914,770067255991.3145,0.42367463115776377,38.91215088760239,417380.8527762423,57.632536884223626,263194946621.03763,2025-08-27 05:30:35
99,전라남도,2002,481409432942.953,812438964380.9481,0.5925484301577919,61.241488776306085,417170.414147041,40.74515698422081,151898469619.74335,2025-08-27 05:30:35
100,경상북도,2002,465165548315.3763,1162251867981.0107,0.4002278345428104,42.025962704075646,436117.0236326494,59.97721654571896,406876566231.7352,2025-08-27 05:30:35
101,경상남도,2002,1081295576853.344,1409752323183.5999,0.767011026739426,68.94678898475276,416778.341452163,23.2988973260574,366901877422.84845,2025-08-27 05:30:35
102,제주특별자치도,2002,92445004849.32315,213495109164.48557,0.4330076000855816,35.539673749798055,310877.9323515368,56.69923999144184,42695111328.42738,2025-08-27 05:30:35
103,서울특별시,2003,7055383465141.341,7498404603827.537,0.940917946937665,95.09756985617399,766316.2599721551,5.908205306233505,3179515828840.785,2025-08-27 05:30:36
104,부산광역시,2003,1581574412521.417,2104363630250.9475,0.7515689730547247,82.34169083428823,619112.5714183429,24.84310269452753,896794186701.8589,2025-08-27 05:30:36
105,대구광역시,2003,889985694641.2732,1371392366108.7751,0.6489650348328407,65.74120761521682,554770.3746394721,35.10349651671593,600960583722.5486,2025-08-27 05:30:36
106,인천광역시,2003,1340541496689.4265,1824479482754.328,0.734752848338791,77.1695050935054,610806.656429303,26.524715166120906,386380723982.8161,2025-08-27 05:30:36
107,광주광역시,2003,541066158119.72986,686294834884.9845,0.7883873382354781,76.52977985168774,459521.14823232975,21.161266176452187,260817457344.87134,2025-08-27 05:30:36
108,대전광역시,2003,599307712152.589,791435823549.472,0.7572410728955672,77.84305438529277,512256.1964721502,24.27589271044328,309474348643.71606,2025-08-27 05:30:36
109,울산광역시,2003,283958628099.6263,609459476862.3657,0.46591879998570057,43.917358925822256,537916.5726940562,53.408120001429936,269552506434.70706,2025-08-27 05:30:36
110,세종특별자치시,2003,199653223720.38858,264031091668.13666,0.7561731554378253,72.61136093834912,732402.4734206287,24.382684456217476,60338311641.71191,2025-08-27 05:30:36
111,경기도,2003,8780739253743.064,11168621758777.078,0.7861972088760684,74.48246092545409,803209.0441407464,21.380279112393165,3998707868686.8564,2025-08-27 05:30:36
112,강원도,2003,237255232895.5286,615406380019.6533,0.3855261183479309,41.05545795644052,398321.28156611865,61.44738816520692,136760918521.60175,2025-08-27 05:30:36
113,충청북도,2003,329527313977.8847,678143718247.3188,0.485925483214026,52.86076140803379,411494.97466463526,51.4074516785974,166065378531.7317,2025-08-27 05:30:36
114,충청남도,2003,378495066277.8856,838964053680.7251,0.4511457488760599,45.034912432943216,387870.5749795307,54.885425112394,316097226003.21924,2025-08-27 05:30:36
115,전라북도,2003,375226797629.05524,792145391357.9963,0.473684252566052,46.4104751309915,427262.8863851113,52.63157474339479,292092915750.41736,2025-08-27 05:30:36
116,전라남도,2003,646167873942.5916,789967861981.4536,0.81796729340587,88.08757672787429,403662.6785802011,18.203270659412997,249887756138.6259,2025-08-27 05:30:36
117,경상북도,2003,521010745656.1723,996753614874.5382,0.5227076560156264,42.625259793385666,372200.7523803354,47.729234398437356,282429562477.42175,2025-08-27 05:30:36
118,경상남도,2003,1294146057227.4976,1536291387726.2942,0.8423832012381643,82.26323929825107,451983.34443256666,15.761679876183566,568006382470.116,2025-08-27 05:30:36
119,제주특별자치도,2003,131201043943.21288,311243030160.2663,0.4215388979976657,38.666073911643835,451011.49132048443,57.846110200233426,93061325753.25314,2025-08-27 05:30:36
120,서울특별시,2004,6556976005263.967,7948474668949.621,0.8249351326334995,78.92561113776291,808387.9653139712,17.50648673665005,2225134749314.7407,2025-08-27 05:30:36
121,부산광역시,2004,1644235862978.9763,2359611047056.676,0.6968249555493301,69.81293604361551,690853.9709883317,30.31750444506699,600166014461.1378,2025-08-27 05:30:36
122,대구광역시,2004,1248828024458.4734,1710322625382.2275,0.7301710250014274,73.99283552402147,688535.6784952607,26.982897499857263,537493581054.72235,2025-08-27 05:30:36
123,인천광역시,2004,1138141208376.3542,1632301170903.7449,0.6972617729277297,63.337392028222105,543828.4760632166,30.273822707227026,201039952910.12476,2025-08-27 05:30:36
124,광주광역시,2004,481283055778.99023,856593615687.5426,0.5618569260438506,58.733044118329374,570777.0219473881,43.81430739561494,173838924312.29294,2025-08-27 05:30:36
125,대전광역시,2004,777289772831.9442,865243526171.9525,0.8983479787139962,91.3098432818079,557323.0811562213,10.16520212860038,158813813346.18945,2025-08-27 05:30:36
126,울산광역시,2004,477303647740.7795,723129423797.452,0.6600528647199285,61.182495792963486,635159.792531798,33.994713528007146,243853595436.77322,2025-08-27 05:30:36
127,세종특별자치시,2004,202890469909.42923,271675008445.2351,0.7468131539612278,72.69195777009581,749965.5167570327,25.318684603877216,64400550340.41987,2025-08-27 05:30:36
128,경기도,2004,10770498596014.578,11337366943173.24,0.95,95.26316926459688,811405.8153214569,5.000000000000004,2075982143454.1062,2025-08-27 05:30:36
129,강원도,2004,244574680853.59415,660370625538.8402,0.37035972133683176,37.10978587767425,425359.7751359841,62.964027866316826,194694902759.64752,2025-08-27 05:30:36
130,충청북도,2004,330772700340.6249,662662985195.2999,0.49915674744250216,49.90565218993712,400159.0491270224,50.08432525574978,245898627098.9719,2025-08-27 05:30:36
131,충청남도,2004,362898885827.0681,925527252020.6729,0.3920996221718626,44.131650219211174,425823.44238356245,60.790037782813734,336920119100.1561,2025-08-27 05:30:36
132,전라북도,2004,420051681922.00446,831194546729.0651,0.5053590444920518,47.71449215837083,446159.41647261486,49.464095550794816,295952206913.64417,2025-08-27 05:30:36
133,전라남도,2004,379363574765.7839,793842999432.8794,0.47788237099376174,49.541696019834895,403683.39848272456,52.211762900623825,406286370748.8033,2025-08-27 05:30:36
134,경상북도,2004,265676432530.4785,1070082296391.411,0.24827663575634026,32.21387792476918,397652.2840547793,75.17233642436597,471675024527.6235,2025-08-27 05:30:36
135,경상남도,2004,645987583052.7478,1349749410072.664,0.4785981592079162,41.35012141445126,395183.66425306053,52.140184079208375,252370243687.27408,2025-08-27 05:30:36
136,제주특별자치도,2004,208439877382.22842,310997812424.49054,0.6702294005133463,74.09995454750302,448479.07192225906,32.977059948665364,115570881639.7375,2025-08-27 05:30:36
137,서울특별시,2005,6749265070120.072,7829619726715.413,0.862016969622539,83.4117357210867,792471.6322586449,13.798303037746095,2095751875462.805,2025-08-27 05:30:37
138,부산광역시,2005,1506455045014.0686,1926404502844.3699,0.7820034903312162,82.26507271257185,561306.6733229517,21.79965096687838,774805479097.8221,2025-08-27 05:30:37
139,대구광역시,2005,1043082773938.0482,1665439694782.29,0.62631074376692,60.007644043553576,667243.4674608534,37.368925623308,552747755173.1171,2025-08-27 05:30:37
140,인천광역시,2005,1533283555205.83,1709746436835.3833,0.8967900281423172,89.25156521796391,566892.0546536417,10.320997185768277,494890407773.8212,2025-08-27 05:30:37
141,광주광역시,2005,543987389985.2314,790538615429.1006,0.6881224767115995,67.518139947172,524229.85108030547,31.187752328840045,223362414483.12015,2025-08-27 05:30:37
142,대전광역시,2005,641312251924.799,780805858068.5345,0.8213466193903841,91.42487588413529,500516.5756849581,17.865338060961587,187624073816.1222,2025-08-27 05:30:37
143,울산광역시,2005,506664795411.4199,654074378799.4359,0.7746287147669831,70.23984086279876,571743.338111395,22.537128523301686,262159216122.08667,2025-08-27 05:30:37
144,세종특별자치시,2005,193946631590.93835,251725747748.59354,0.770467992748358,75.02996845192034,691554.2520565756,22.9532007251642,48444944234.42359,2025-08-27 05:30:37
145,경기도,2005,10852464572686.428,12066478083164.611,0.8993895731537441,86.88071465977993,859435.7609091604,10.061042684625587,4119617053478.422,2025-08-27 05:30:37
146,강원도,2005,183250599947.8392,700493401236.2902,0.2616021787277696,27.49407674100231,449034.23156172445,73.83978212722305,1235525493.6527555,2025-08-27 05:30:37
147,충청북도,2005,301682165596.0215,583679000246.1174,0.5168631481838689,56.144777561372536,350768.62995559943,48.31368518161311,178112789138.91104,2025-08-27 05:30:37
148,충청남도,2005,482442028308.5682,898186585559.5376,0.5371289619161083,53.55527945064809,411257.5941206674,46.287103808389176,180902513578.74945,2025-08-27 05:30:37
149,전라북도,2005,465204735795.20624,770569868328.6959,0.6037151917245323,57.08084689680423,411629.20316703845,39.628480827546774,241204194728.64862,2025-08-27 05:30:37
150,전라남도,2005,431460326438.7985,768096210965.7104,0.561726929880741,53.44740049342722,388712.657371311,43.827307011925896,158868482137.38892,2025-08-27 05:30:37
151,경상북도,2005,714559077850.8202,1053645622768.5808,0.6781778070441086,69.66812070142176,389661.84273985977,32.18221929558914,259570743471.51587,2025-08-27 05:30:37
152,경상남도,2005,762123923983.7612,1299807250216.6575,0.5863361078011583,62.91391685622214,378731.7162635948,41.36638921988417,416797132989.16516,2025-08-27 05:30:37
153,제주특별자치도,2005,108916687777.566,273561384656.3696,0.398143502286992,28.605315726811178,392596.7058788312,60.185649771300795,75592572401.0123,2025-08-27 05:30:37
154,서울특별시,2006,7168780129494.202,7964554124044.002,0.900085556309115,92.48441611591905,802271.8835602117,9.991444369088498,2173535897177.7744,2025-08-27 05:30:37
155,부산광역시,2006,1821599289138.9297,2185944483102.6738,0.8333236746037567,89.01120018915795,633882.881538511,16.667632539624332,892959139384.7731,2025-08-27 05:30:37
156,대구광역시,2006,981438323725.9003,1613316407438.825,0.6083359217079773,71.44487935103308,643268.1050394039,39.166407829202264,489705378429.5808,2025-08-27 05:30:37
157,인천광역시,2006,1480010239660.7988,1683722782677.6953,0.8790106393328456,90.40333755282936,555592.404777329,12.098936066715439,387231739126.3836,2025-08-27 05:30:37
158,광주광역시,2006,777104490493.4955,950195595440.1823,0.8178363425621842,76.17805429384427,627088.3322489241,18.21636574378158,138984710985.68912,2025-08-27 05:30:37
159,대전광역시,2006,605338557951.0531,887835958736.9957,0.6818135174567456,78.97577021558928,566402.5255100452,31.818648254325442,326082552063.57666,2025-08-27 05:30:37
160,울산광역시,2006,460489966195.8914,627049978979.7546,0.7343752198909795,77.53771093746262,545498.0243408044,26.562478010902048,247408047795.2144,2025-08-27 05:30:37
161,세종특별자치시,2006,229395286866.5345,269917589611.2349,0.8498715744940332,85.14007111988113,737983.8403588104,15.012842550596684,156819712042.29465,2025-08-27 05:30:37
162,경기도,2006,10668573012327.646,11230076855081.734,0.95,95.08164283464787,796035.9844846867,5.000000000000004,4007969729019.2046,2025-08-27 05:30:37
163,강원도,2006,177593463422.96896,589653160988.2167,0.30118292442515693,26.488053401622413,376174.2653832323,69.8817075574843,52982156500.5126,2025-08-27 05:30:37
164,충청북도,2006,238806926429.0679,673947870339.1631,0.35434035322181334,35.55165835659177,403078.8698200736,64.56596467781867,160661089530.80905,2025-08-27 05:30:37
165,충청남도,2006,522312322184.0391,977003078507.5068,0.5346066288572354,53.37354659570741,445205.3217167951,46.53933711427646,425337446267.29376,2025-08-27 05:30:37
166,전라북도,2006,160447444793.40976,738098943020.9423,0.2173793179227698,29.891572343063608,392397.30750571494,78.26206820772302,172069268954.47537,2025-08-27 05:30:37
167,전라남도,2006,437843710147.21106,812788801319.6971,0.538693089073446,54.29776546663894,409362.48334534396,46.1306910926554,268981905902.55814,2025-08-27 05:30:37
168,경상북도,2006,798418948582.4377,1114990045856.7537,0.7160771986703576,71.73718120785301,410375.43093734037,28.392280132964242,492726185637.41797,2025-08-27 05:30:37
169,경상남도,2006,674372717606.0302,1384490549454.1692,0.4870908782092441,50.08303688795064,401476.2798116425,51.29091217907559,332092142919.51953,2025-08-27 05:30:37
170,제주특별자치도,2006,158329181511.32187,242904834203.79144,0.6518156875317163,58.75445056509375,346932.5633132778,34.818431246828375,88341001246.93901,2025-08-27 05:30:37
171,서울특별시,2007,7318298424435.928,7703472025722.029,0.95,95.01900107003635,772277.8973154917,5.000000000000004,2178862310928.0073,2025-08-27 05:30:38
172,부산광역시,2007,1344570329915.3098,2151649677391.098,0.6249020665602116,64.5976526632628,620966.7178617887,37.509793343978835,685298221702.6971,2025-08-27 05:30:38
173,대구광역시,2007,1320565800880.4014,1626334425781.4143,0.8119890841306526,84.27842606898132,645370.8038815137,18.80109158693474,391350527251.25275,2025-08-27 05:30:38
174,인천광역시,2007,1196976926399.4856,1793736044383.815,0.6673094015963044,62.97041539642984,589075.876644931,33.269059840369565,330076847358.93787,2025-08-27 05:30:38
175,광주광역시,2007,651027239116.311,822258910208.6521,0.7917545569084922,78.58180257903223,540071.5337987863,20.824544309150784,208248032653.2295,2025-08-27 05:30:38
176,대전광역시,2007,625538372703.9001,880795805881.6136,0.7101968112550002,77.78481588267468,559235.4323057864,28.98031887449998,214676600015.87112,2025-08-27 05:30:38
177,울산광역시,2007,506277564467.00415,625401565476.111,0.8095239801351967,80.04011550300451,541473.2168624337,19.047601986480334,198243511449.82718,2025-08-27 05:30:38
178,세종특별자치시,2007,245861330722.7653,267144372684.07785,0.9203313109406888,97.38689051719732,726923.4630859261,7.966868905931124,80409147423.35359,2025-08-27 05:30:38
179,경기도,2007,8768156245504.143,9950603576780.373,0.8811682806824443,92.99081035655315,701982.6156458817,11.883171931755566,3044632910421.3076,2025-08-27 05:30:38
180,강원도,2007,443607152214.95056,626987516819.6685,0.7075215061140349,72.13824318587275,398087.3122664562,29.247849388596514,187720418408.91357,2025-08-27 05:30:38
181,충청북도,2007,288892942088.7162,655522874244.1232,0.4407061194040494,42.95031470460066,390192.1870500733,55.92938805959506,204611714764.04422,2025-08-27 05:30:38
182,충청남도,2007,618534041973.2638,855206528366.8939,0.7232569226926028,66.67587789639356,387848.76569927164,27.674307730739724,224708282250.2077,2025-08-27 05:30:38
183,전라북도,2007,435172000944.5113,729769047965.096,0.5963146863489955,69.48394317494902,386121.1893995217,40.368531365100445,154082663648.0517,2025-08-27 05:30:38
184,전라남도,2007,308858728037.802,778266949458.564,0.3968544832241345,36.16596361587135,390108.74659577134,60.31455167758655,327037710271.51154,2025-08-27 05:30:38
185,경상북도,2007,745673522024.5917,1198693682002.2036,0.6220717879976453,58.53321777045325,439081.934799342,37.79282120023547,216535281897.66956,2025-08-27 05:30:38
186,경상남도,2007,300723575113.8693,1503617875569.3464,0.2,10.556250715210362,433944.55283386627,80.0,498697246201.1344,2025-08-27 05:30:38
187,제주특별자치도,2007,57167256048.51636,285836280242.5818,0.2,13.336330630276812,406306.01313799823,80.0,53361102832.13536,2025-08-27 05:30:38
188,서울특별시,2008,6894779041274.782,7667426623563.934,0.8992298693913013,88.3064658056831,765021.3642867481,10.077013060869866,3931372288261.388,2025-08-27 05:30:38
189,부산광역시,2008,1368637763093.781,1812022869076.9067,0.7553093211185585,74.80528492077158,520471.8854163167,24.469067888144146,474579450579.8111,2025-08-27 05:30:38
190,대구광역시,2008,1105904045714.8062,1384198286183.9795,0.7989491511101436,75.38682664102353,546681.787592409,20.105084888985637,342237550761.4914,2025-08-27 05:30:38
191,인천광역시,2008,1208773204207.6462,1844302571030.8596,0.6554093797808953,66.79113892005505,602811.7571599475,34.45906202191047,400207464441.1657,2025-08-27 05:30:38
192,광주광역시,2008,549019609574.88995,840707922425.3369,0.6530444104666425,69.24428759575602,549572.1016017891,34.69555895333575,291366577139.8993,2025-08-27 05:30:38
193,대전광역시,2008,748402858169.4242,912222379047.8873,0.8204171212622011,78.82072579222648,576443.841420466,17.958287873779888,255832148877.15253,2025-08-27 05:30:38
194,울산광역시,2008,504575305017.6807,595816955526.6857,0.8468629506719059,79.62665664264773,513414.0073474241,15.313704932809413,131258582135.39569,2025-08-27 05:30:38
195,세종특별자치시,2008,221742824867.1229,253907398329.94147,0.8733216374379839,89.87241439209308,687630.0564114867,12.667836256201614,81331397261.42296,2025-08-27 05:30:38
196,경기도,2008,9381356484398.768,10508169351276.908,0.8927679190151979,93.57536094557904,737803.7108145977,10.723208098480209,3011577420471.2476,2025-08-27 05:30:38
197,강원도,2008,186084268709.01038,650089165761.8484,0.2862442238841739,34.324021528203886,410798.84092375886,71.37557761158261,179841727542.8998,2025-08-27 05:30:38
198,충청북도,2008,262316722479.16266,610574837054.9296,0.4296225565803389,41.2998485719303,361714.9508619251,57.03774434196611,226627667481.5818,2025-08-27 05:30:38
199,충청남도,2008,196077145991.46255,810143928735.5189,0.24202754478145855,18.427784072780504,365670.92247145966,75.79724552185414,192592460385.2182,2025-08-27 05:30:38
200,전라북도,2008,368261555266.5487,816124802924.936,0.4512319120148343,45.17251997889835,429765.5623617357,54.87680879851658,345906883422.2693,2025-08-27 05:30:38
201,전라남도,2008,303833161850.8423,798746424896.6923,0.3803875077001306,39.46864219024763,398476.8387994667,61.96124922998693,309887683546.93274,2025-08-27 05:30:38
202,경상북도,2008,384949001594.7437,1088296749403.1058,0.3537169451308894,32.91495228128209,396754.1922723682,64.62830548691105,332907408894.2135,2025-08-27 05:30:38
203,경상남도,2008,629154547326.3168,1482412375567.2852,0.4244126382751991,41.747008379943026,425797.03448722826,57.55873617248008,646759183904.5593,2025-08-27 05:30:38
204,제주특별자치도,2008,182270555931.22382,262038767715.05878,0.6955862200108688,72.4048907698791,370713.4013087059,30.441377998913122,80077026861.94128,2025-08-27 05:30:38
205,서울특별시,2009,6959278143287.823,7325555940302.973,0.95,92.16586009659405,727463.3505762634,5.000000000000004,1217206662116.4558,2025-08-27 05:30:39
206,부산광역시,2009,1517432427815.7786,2313185138158.195,0.6559926409625774,63.83003875519081,661287.9182842181,34.400735903742266,1023509486462.611,2025-08-27 05:30:39
207,대구광역시,2009,1201310329001.7288,1525363948720.8235,0.7875565238113518,66.34897107963793,599592.7471386885,21.244347618864822,249762029410.37134,2025-08-27 05:30:39
208,인천광역시,2009,1516069174434.6682,1869665429038.571,0.8108772569080818,87.9456338295515,608219.0725564642,18.912274309191822,582494760905.5441,2025-08-27 05:30:39
209,광주광역시,2009,491453723547.31494,904047282794.4423,0.5436150662697796,53.723033402424555,588189.5138545493,45.63849337302204,221483332056.01047,2025-08-27 05:30:39
210,대전광역시,2009,464309605662.5413,874342783471.4204,0.5310384147268692,49.25635723838097,549901.1216801386,46.896158527313084,214621238512.23846,2025-08-27 05:30:39
211,울산광역시,2009,422875417741.7768,575976291532.8754,0.7341889309651213,74.12772806976568,493976.236306068,26.58110690348787,121913105060.91167,2025-08-27 05:30:39
212,세종특별자치시,2009,207708702556.3941,258311714206.538,0.8041009800675036,75.11316843220962,696257.9897750351,19.589901993249637,75292603229.96484,2025-08-27 05:30:39
213,경기도,2009,10039259945442.72,10571753068243.16,0.949630575046251,98.92857171833948,738766.8111979846,5.0369424953748965,2839387153771.2437,2025-08-27 05:30:39
214,강원도,2009,370335348146.23224,610037967315.0107,0.6070693432020419,67.18487620790809,383671.67755661055,39.293065679795816,185373711581.14743,2025-08-27 05:30:39
215,충청북도,2009,377726793589.74786,654251352411.0076,0.5773420141934318,59.28947347885061,385761.4106196979,42.26579858065682,241576463281.5279,2025-08-27 05:30:39
216,충청남도,2009,600580056226.4402,916161020126.4036,0.6555398483812132,71.6016695224238,411572.7853218345,34.446015161878684,369227663998.77905,2025-08-27 05:30:39
217,전라북도,2009,387113613419.4399,784776322842.4357,0.4932789154715146,49.57592527853244,411308.3453052598,50.67210845284854,293311034533.5034,2025-08-27 05:30:39
218,전라남도,2009,729277063205.632,858700681160.155,0.8492797073601197,90.75479035624235,426365.7801192428,15.072029263988028,335911356186.4487,2025-08-27 05:30:39
219,경상북도,2009,646500635034.5774,1114062950538.1765,0.5803088907339291,55.22548218381463,404231.839817916,41.96911092660709,233027759982.14948,2025-08-27 05:30:39
220,경상남도,2009,635410943353.727,1352159586167.864,0.469923040041846,45.12180534866257,386552.1973035632,53.00769599581541,362344820823.4186,2025-08-27 05:30:39
221,제주특별자치도,2009,141615687660.84976,283719657453.768,0.49913949893981513,54.735491836289285,399492.6182114447,50.08605010601849,110439192639.02335,2025-08-27 05:30:39
222,서울특별시,2010,7677188464883.784,8114316417397.434,0.9461288012411706,98.6100473342493,802008.0471853159,5.38711987588294,2772799701233.077,2025-08-27 05:30:39
223,부산광역시,2010,2076090681762.3142,2185358612381.3835,0.95,95.31686994667007,621812.0962815147,5.000000000000004,1075465382718.7329,2025-08-27 05:30:39
224,대구광역시,2010,1290143171360.568,1471717039218.8352,0.8766244712674905,83.95496867272539,575789.1389745051,12.337552873250946,487602833406.04333,2025-08-27 05:30:39
225,인천광역시,2010,1672739894641.4236,1931256633175.7566,0.8661406598722055,90.37871762879927,625305.6931117878,13.385934012779455,166402800971.1502,2025-08-27 05:30:39
226,광주광역시,2010,749545298883.672,872089632134.034,0.8594819514704105,82.53014595297576,564733.4512766936,14.051804852958949,244784920224.87753,2025-08-27 05:30:39
227,대전광역시,2010,667185565532.1631,930488245197.7854,0.7170273982239781,69.12291576472965,582465.2552098813,28.29726017760219,425782086285.68317,2025-08-27 05:30:39
228,울산광역시,2010,505844884814.79877,606200412900.2814,0.83445156758415,83.82886337074538,517456.60512187914,16.554843241585004,251172700880.22137,2025-08-27 05:30:39
229,세종특별자치시,2010,243634415233.08124,265566181398.5074,0.9174150637331512,100.39186493429125,712451.1908746007,8.258493626684881,71511593868.13062,2025-08-27 05:30:39
230,경기도,2010,12348797124712.906,12998733815487.27,0.95,95.676390010764,904102.5084672071,5.000000000000004,3606220933244.721,2025-08-27 05:30:39
231,강원도,2010,168295820754.05276,626231227619.4868,0.2687438973521029,24.573404286775812,392007.02824381023,73.12561026478971,45505173414.03923,2025-08-27 05:30:39
232,충청북도,2010,326038378360.2726,686113263366.3921,0.4751961458383358,51.20819550295507,402648.6287361456,52.48038541616642,135224873702.50793,2025-08-27 05:30:39
233,충청남도,2010,778827626749.2887,901373044434.3629,0.8640458371350843,86.39078738335988,403028.41244550096,13.595416286491568,392159419106.0732,2025-08-27 05:30:39
234,전라북도,2010,153890862466.8042,769454312334.021,0.2,26.46315330771776,401384.61780595774,80.0,179845002693.1777,2025-08-27 05:30:39
235,전라남도,2010,493698609886.11584,840055871596.6316,0.5876973503533517,57.172626273849446,415149.92418909393,41.23026496466483,271377159956.38354,2025-08-27 05:30:39
236,경상북도,2010,423753430756.74866,1140482087699.1914,0.37155641051025085,38.904387392960366,411875.0768144426,62.84435894897491,208700826846.95374,2025-08-27 05:30:39
237,경상남도,2010,948550811538.4662,1352403625389.4487,0.701381446877824,68.23638003161196,384806.83607609867,29.8618553122176,170597643568.79724,2025-08-27 05:30:39
238,제주특별자치도,2010,135070881037.70503,275243280288.36847,0.4907327106993972,36.403590885984116,385737.90244323236,50.92672893006027,113704853811.10161,2025-08-27 05:30:39
239,서울특별시,2011,6918958224094.142,7644624179174.063,0.9050749993627124,92.31032418637773,752053.5345965631,9.492500063728759,2008469168759.983,2025-08-27 05:30:40
240,부산광역시,2011,1526400297976.1404,1911497738442.6196,0.798536282454493,76.55741938819989,541347.4195532766,20.146371754550696,175506608838.00314,2025-08-27 05:30:40
241,대구광역시,2011,1084576422646.2008,1606621557138.0754,0.6750665194472992,61.396577104092486,625631.4474836743,32.493348055270076,605932740975.2439,2025-08-27 05:30:40
242,인천광역시,2011,1498806001893.7441,1732426191413.7073,0.8651485467733995,89.85271265120215,558306.8615577529,13.485145322660053,477928080249.5099,2025-08-27 05:30:40
243,광주광역시,2011,717267309333.9528,832363779437.5432,0.8617233558848931,77.35343640750351,536489.7063728928,13.827664411510687,181661647365.09024,2025-08-27 05:30:40
244,대전광역시,2011,626915967170.633,897809315883.2655,0.6982729584999602,70.53965108830857,559382.7513291374,30.17270415000398,281796430890.5745,2025-08-27 05:30:40
245,울산광역시,2011,419477661607.41833,581767211131.5516,0.7210403982574471,73.59460725931066,494279.7035952011,27.895960174255286,119828403264.37572,2025-08-27 05:30:40
246,세종특별자치시,2011,241383061769.53,276478063366.971,0.8730640645769455,88.40912997183908,738259.1812202163,12.693593542305448,31479353531.09847,2025-08-27 05:30:40
247,경기도,2011,11276589787343.465,11870094512993.121,0.95,94.03150081586443,821744.1684315072,5.000000000000004,4701362963783.917,2025-08-27 05:30:40
248,강원도,2011,287059050065.6337,689028564657.2349,0.41661415039946065,28.937976781199083,429301.28639080055,58.33858496005393,235196778155.95,2025-08-27 05:30:40
249,충청북도,2011,411902225318.7011,647646609611.7742,0.635998427546177,62.24152362956967,378298.25327790546,36.4001572453823,173773579772.8109,2025-08-27 05:30:40
250,충청남도,2011,322442296994.3935,890216233908.0449,0.36220671418097306,32.439464681809184,396179.8993805273,63.779328581902696,294434781596.87146,2025-08-27 05:30:40
251,전라북도,2011,278665714308.5627,806871311349.4956,0.34536574840229867,32.42380801117661,418936.2987276717,65.46342515977013,146974475296.03104,2025-08-27 05:30:40
252,전라남도,2011,357710202833.6936,730668381841.4352,0.4895657342284198,57.631983443296456,359404.0245162003,51.043426577158016,179999368917.03677,2025-08-27 05:30:40
253,경상북도,2011,433641233723.7412,1109381450230.3179,0.3908855999293239,30.569333473774844,398771.18987430545,60.91144000706761,247081447322.2145,2025-08-27 05:30:40
254,경상남도,2011,894825285341.4554,1647336364936.077,0.543195248030707,52.24440104679887,466535.36248543666,45.68047519692931,132342877974.02928,2025-08-27 05:30:40
255,제주특별자치도,2011,93517955382.62213,294371967715.52563,0.31768634801869367,38.81871401478887,410617.8933122132,68.23136519813063,70245566753.1232,2025-08-27 05:30:40
256,서울특별시,2012,7716225813769.408,8122342961862.535,0.95,98.93001573727406,795333.4601578981,5.000000000000004,3402473398499.0776,2025-08-27 05:30:40
257,부산광역시,2012,1793982303464.1355,2121484703905.8035,0.8456258488035701,82.04309873493189,598022.467626724,15.437415119642994,349182217713.183,2025-08-27 05:30:40
258,대구광역시,2012,1086331112603.6439,1391541468921.6023,0.7806674374178111,76.50209951584034,539357.158496745,21.93325625821889,277148586801.86896,2025-08-27 05:30:40
259,인천광역시,2012,1650901235595.7283,1803245185144.805,0.915516785624001,88.18587816098704,578426.6832862245,8.448321437599905,439089799898.0031,2025-08-27 05:30:40
260,광주광역시,2012,475530406622.65405,845790595563.7142,0.5622318445214161,49.62443886541901,542608.2409390308,43.77681554785839,297613920862.63635,2025-08-27 05:30:40
261,대전광역시,2012,663066762304.8842,922801909839.2732,0.7185364001038665,81.48192990572907,572280.2541638904,28.146359989613345,253649959050.6925,2025-08-27 05:30:40
262,울산광역시,2012,459593514511.0262,574667018712.9773,0.7997562058465276,73.86249429019033,485976.33717799344,20.024379415347237,186453426987.7351,2025-08-27 05:30:40
263,세종특별자치시,2012,240926732545.6319,268212191579.285,0.8982691320890707,92.89510918019148,712856.3231343123,10.173086791092933,73022766116.74928,2025-08-27 05:30:40
264,경기도,2012,11084656066124.053,11669242714118.81,0.9499036345102791,100.01766784843517,804082.1852967311,5.009636548972085,2084008868277.6335,2025-08-27 05:30:40
265,강원도,2012,326492294169.4917,601036009202.2386,0.5432158625617928,52.023580200888304,372735.5095827837,45.67841374382072,147304232535.91693,2025-08-27 05:30:40
266,충청북도,2012,335841493396.11707,667309663494.8899,0.5032768319841495,46.38158765511815,387970.7345900523,49.67231680158505,220718198429.1408,2025-08-27 05:30:40
267,충청남도,2012,300207074468.44464,861078624863.5768,0.34864072315812894,46.0627069634582,381430.1771267228,65.1359276841871,386619618787.7463,2025-08-27 05:30:40
268,전라북도,2012,483424338087.8481,744185800559.9019,0.6496016689973592,63.488703714605215,384592.14499219734,35.03983310026408,351342721313.59406,2025-08-27 05:30:40
269,전라남도,2012,503173004167.03766,824671960006.1527,0.6101492818590359,69.44783362452608,403756.1615697198,38.98507181409641,125235458562.0496,2025-08-27 05:30:40
270,경상북도,2012,606816796667.9467,882605153268.7664,0.6875291792944721,70.84082900334562,315780.0190585926,31.24708207055279,230309800924.58655,2025-08-27 05:30:40
271,경상남도,2012,1077343832679.6233,1259209455284.8164,0.8555715875211106,88.15914365204216,354956.85843123787,14.442841247888937,375704425312.3578,2025-08-27 05:30:40
272,제주특별자치도,2012,220872257133.2723,327150520148.79193,0.6751395566567249,67.55239818483103,454218.0078428211,32.48604433432752,68637653187.30415,2025-08-27 05:30:40
273,서울특별시,2013,7088887924257.041,8278731554283.16,0.8562770610178161,79.54745984285667,806893.9136728226,14.372293898218391,2331872191908.73,2025-08-27 05:30:41
274,부산광역시,2013,2067054283337.1892,2348444929118.572,0.8801800109117333,88.61700778607548,658935.1652970179,11.981998908826675,821031058912.9508,2025-08-27 05:30:41
275,대구광역시,2013,1288892790369.192,1500253227754.123,0.8591168254299726,86.90440018238202,578801.3995964981,14.088317457002741,354389605525.41364,2025-08-27 05:30:41
276,인천광역시,2013,1538526933980.4636,1871558787117.5503,0.8220564294162515,83.07248175930084,597560.2768574554,17.794357058374853,513206629073.1869,2025-08-27 05:30:41
277,광주광역시,2013,679720838789.7612,942899674593.6127,0.7208835225048934,75.27284976309167,602107.0718988586,27.91164774951066,400809851115.2794,2025-08-27 05:30:41
278,대전광역시,2013,592475971586.0886,850182695409.7235,0.6968807701979398,71.18760725492875,524804.1329689652,30.31192298020602,268995196852.19815,2025-08-27 05:30:41
279,울산광역시,2013,516148478104.80066,622581305466.6721,0.8290458990218282,79.07969676047173,524058.3379349092,17.095410097817176,129479273994.5197,2025-08-27 05:30:41
280,세종특별자치시,2013,254199558145.53137,267578482258.4541,0.95,94.93550959149924,707879.582694323,5.000000000000004,123330670184.09898,2025-08-27 05:30:41
281,경기도,2013,10831353090596.42,11401424305890.969,0.95,92.30733194756318,781990.6931338112,5.000000000000004,4781876063681.56,2025-08-27 05:30:41
282,강원도,2013,476001024810.0572,688092192506.9001,0.6917692570756554,73.71402919923742,424748.266979568,30.82307429243446,246229363962.35205,2025-08-27 05:30:41
283,충청북도,2013,303885297747.72784,734398260526.8927,0.4137881502193454,38.95890762581338,424998.99336047034,58.62118497806546,90375024213.83112,2025-08-27 05:30:41
284,충청남도,2013,441457811237.10364,893997932629.5444,0.4938018256246184,44.995323929651406,394178.9826408926,50.61981743753816,367701331169.9401,2025-08-27 05:30:41
285,전라북도,2013,309065827980.1593,749259405770.6326,0.4124950926205286,37.312468447614805,385421.50502604555,58.75049073794714,351311940438.36566,2025-08-27 05:30:41
286,전라남도,2013,337407313067.34686,827772938058.9645,0.40760853315467105,40.2957051644634,403398.1179624583,59.2391466845329,207425122721.05423,2025-08-27 05:30:41
287,경상북도,2013,627690479038.3912,1075123656591.9598,0.5838309623174981,57.047521059637866,382878.7950826068,41.61690376825019,472819172030.1267,2025-08-27 05:30:41
288,경상남도,2013,547658539749.03314,1290504432908.4192,0.4243755587222363,28.1068757538612,362094.39756128483,57.56244412777637,320933560526.09576,2025-08-27 05:30:41
289,제주특별자치도,2013,129780102577.11363,265863547782.60574,0.48814553051565257,50.95182670758961,367417.8382844192,51.185446948434745,83953961367.60187,2025-08-27 05:30:41
290,서울특별시,2014,7458536632431.065,7851091192032.701,0.95,98.16341748693941,761687.2366754985,5.000000000000004,1760019809288.238,2025-08-27 05:30:41
291,부산광역시,2014,1516890941907.2563,1957887045704.8914,0.7747591697053878,67.74056023235464,546819.4513908369,22.524083029461217,1069363449902.8107,2025-08-27 05:30:41
292,대구광역시,2014,1101087919285.0422,1435214636008.9841,0.7671939037264317,76.18282852230952,551157.6943198864,23.28060962735683,609394436997.7429,2025-08-27 05:30:41
293,인천광역시,2014,1594432127623.2449,1841988393700.3535,0.865603786145582,82.88798409315768,585408.6743048955,13.439621385441802,716144312372.8768,2025-08-27 05:30:41
294,광주광역시,2014,533189091665.11914,876058030785.1115,0.6086230283024542,64.1333436876158,556846.0389544646,39.13769716975458,271738854368.8033,2025-08-27 05:30:41
295,대전광역시,2014,719126799679.4514,885950868211.3915,0.8117005417368865,77.19908913393648,544363.0526644494,18.829945826311345,266575117430.74188,2025-08-27 05:30:41
296,울산광역시,2014,404977404052.22894,652086725909.3508,0.6210483789368325,55.48711189016239,546365.0824544205,37.89516210631675,237680612653.11264,2025-08-27 05:30:41
297,세종특별자치시,2014,242638969588.09677,266254709126.62656,0.9113039554643201,88.72049659380068,701131.5579371337,8.869604453567991,104119607544.7607,2025-08-27 05:30:41
298,경기도,2014,11432613524258.834,12034330025535.615,0.95,90.28309589504647,821596.1785653261,5.000000000000004,5418443425395.902,2025-08-27 05:30:41
299,강원도,2014,297768648667.8168,596945647083.9222,0.49882037020022807,56.15343111777675,366786.8799286773,50.11796297997719,88287364903.46642,2025-08-27 05:30:41
300,충청북도,2014,302426955285.48444,604434034328.2927,0.5003473300797354,44.422694072607754,348176.2870554682,49.96526699202646,164268986324.47922,2025-08-27 05:30:41
301,충청남도,2014,380969863717.8087,763286205652.6536,0.4991179729130013,52.9483111992577,334995.0430777501,50.08820270869987,262948542919.64896,2025-08-27 05:30:41
302,전라북도,2014,323958326772.86584,840006978965.4235,0.3856614705414259,46.459867205378245,430111.10034071864,61.43385294585742,194586891037.50815,2025-08-27 05:30:41
303,전라남도,2014,252724245785.2152,835791390045.8024,0.30237718262611635,31.555648661582424,405428.7606334234,69.76228173738836,195810893408.63892,2025-08-27 05:30:41
304,경상북도,2014,653269956014.456,1171967472806.9856,0.5574130435973668,57.62186603402389,415443.98185288394,44.258695640263326,315617721077.2974,2025-08-27 05:30:41
305,경상남도,2014,834130594357.7532,1435106273765.4648,0.5812326303676049,55.6895423525289,400811.6949491593,41.876736963239516,480344178700.0282,2025-08-27 05:30:41
306,제주특별자치도,2014,151820083542.9965,280352611212.7076,0.5415326181064474,54.12948221680428,385655.975256493,45.846738189355264,99808954204.79742,2025-08-27 05:30:41
307,서울특별시,2015,7650466322527.04,8053122444765.306,0.95,98.3368177061775,777703.7609623666,5.000000000000004,3239703543937.984,2025-08-27 05:30:42
308,부산광역시,2015,1734996278306.348,2282072390934.332,0.7602722355341239,72.37805015143805,634437.6955613934,23.972776446587606,599871322780.7379,2025-08-27 05:30:42
309,대구광역시,2015,1294850082464.492,1447039594245.9626,0.8948269885726416,83.92617563943062,553149.6919900469,10.517301142735835,459250787631.8356,2025-08-27 05:30:42
310,인천광역시,2015,1655683064690.1357,1742824278621.1956,0.95,95.35688628638054,551352.1919080024,5.000000000000004,652658059075.2958,2025-08-27 05:30:42
311,광주광역시,2015,813512484450.823,856328931000.8663,0.95,91.66898830217534,541808.8775709373,5.000000000000004,338382242840.07587,2025-08-27 05:30:42
312,대전광역시,2015,652905442519.1001,890198749931.7816,0.733437833482842,71.21958313327632,544464.0672365637,26.656216651715802,304585794506.56323,2025-08-27 05:30:42
313,울산광역시,2015,460087738644.0162,634956431824.1136,0.724597335477441,62.40539719686399,529571.6695780765,27.540266452255903,269439157108.67654,2025-08-27 05:30:42
314,세종특별자치시,2015,223607026582.06384,258998566909.4345,0.8633523700548265,88.7596885593497,678895.3261059882,13.664762994517353,46141521420.12101,2025-08-27 05:30:42
315,경기도,2015,11731581585081.662,12349033247454.38,0.95,95.50725630941436,839213.948179027,5.000000000000004,4579390758870.04,2025-08-27 05:30:42
316,강원도,2015,238719279987.53622,624219360700.9508,0.3824285099383535,40.733224223296766,381785.5417131198,61.757149006164646,164478873256.67206,2025-08-27 05:30:42
317,충청북도,2015,386755328999.1393,740943231561.4868,0.5219770051533895,53.020758341931625,424852.7703907608,47.80229948466105,352075168874.48694,2025-08-27 05:30:42
318,충청남도,2015,322526972330.5856,866542749208.1786,0.3721997242782324,45.54942604984602,378568.26090352936,62.780027572176756,317768773981.78375,2025-08-27 05:30:42
319,전라북도,2015,624229655218.9966,817243681415.6014,0.7638231648823854,73.13423818529064,416536.02518634114,23.617683511761456,194431779629.9653,2025-08-27 05:30:42
320,전라남도,2015,430638100659.6501,743213483216.7092,0.5794271906852406,56.28437631145057,358866.9643731092,42.05728093147594,307526563322.6339,2025-08-27 05:30:42
321,경상북도,2015,377624882809.7481,1079249439607.7847,0.34989583404090774,31.120467170971214,380821.9617529233,65.01041659590922,410630689742.6132,2025-08-27 05:30:42
322,경상남도,2015,890900071837.9296,1461568704411.39,0.6095505939262138,64.1820424973069,406329.9150434779,39.04494060737862,405949718012.47644,2025-08-27 05:30:42
323,제주특별자치도,2015,135103451640.73413,241763573009.51147,0.5588246813154887,55.707530031732205,331046.93004177936,44.11753186845113,72265432889.80922,2025-08-27 05:30:42
324,서울특별시,2016,7547797755731.373,7945050269190.919,0.95,93.67902556877698,763763.5442625253,5.000000000000004,2524954957458.156,2025-08-27 05:30:42
325,부산광역시,2016,1094238738395.4524,1957894736091.5063,0.5588853773517224,60.02907204066277,541827.7946842414,44.111462264827765,610363429402.1005,2025-08-27 05:30:42
326,대구광역시,2016,1356491386392.5623,1611748886340.9712,0.8416270039882576,83.97781537559246,613298.6629912371,15.837299601174237,484969545956.21704,2025-08-27 05:30:42
327,인천광역시,2016,1694512178093.4993,2029576520125.0388,0.8349092341633432,80.1429105433055,639136.0479058538,16.50907658366568,299048370329.28156,2025-08-27 05:30:42
328,광주광역시,2016,581655762343.9562,806568121039.4708,0.7211489608519897,65.65078287170562,507994.40783465334,27.885103914801036,286901448718.90204,2025-08-27 05:30:42
329,대전광역시,2016,749955742620.9431,934083025427.3143,0.8028791041116087,86.05473510990471,568695.90589182,19.71208958883913,272733803428.87646,2025-08-27 05:30:42
330,울산광역시,2016,568993546106.0724,715314355314.068,0.7954454455988772,81.44916509248428,593868.2900075284,20.45545544011228,217505578437.28317,2025-08-27 05:30:42
331,세종특별자치시,2016,248492725655.00058,261571290163.1585,0.95,89.75331111641675,682508.2587427489,5.000000000000004,84909441102.40909,2025-08-27 05:30:42
332,경기도,2016,12672728628143.357,13339714345414.06,0.95,92.79529980282165,902399.0763006299,5.000000000000004,5305314981764.913,2025-08-27 05:30:42
333,강원도,2016,193241660943.2,632730453999.7881,0.30540913547250365,24.226121202476257,385224.0207000232,69.45908645274963,168249410470.94165,2025-08-27 05:30:42
334,충청북도,2016,420954358628.8757,697170578117.1711,0.6038039639678071,64.64481021159776,397928.4121673351,39.61960360321929,75947667194.35822,2025-08-27 05:30:42
335,충청남도,2016,508430969739.1934,826386741874.969,0.6152457971259638,62.32439371983066,359376.7087953768,38.475420287403615,317118982980.1265,2025-08-27 05:30:42
336,전라북도,2016,498131571221.8486,822824124621.3359,0.605392521094455,55.1515568582817,417465.309295452,39.4607478905545,377164217441.6463,2025-08-27 05:30:42
337,전라남도,2016,462629050447.0348,884221901704.7977,0.5232046950602294,53.52245526793729,425004.51896409405,47.67953049397706,255394262433.79755,2025-08-27 05:30:42
338,경상북도,2016,521403238083.0649,1144151737197.7415,0.45571161685257466,44.47409309357971,401879.78124262084,54.428838314742535,433808350206.3088,2025-08-27 05:30:42
339,경상남도,2016,603841128791.8812,1563005109536.492,0.3863334323781897,47.846018599973185,432546.0383385892,61.36665676218102,241891428264.2399,2025-08-27 05:30:42
340,제주특별자치도,2016,207871566297.75876,307388010887.4706,0.6762513791530306,71.68085534417744,418984.5442478983,32.37486208469694,81777061968.50067,2025-08-27 05:30:42
341,서울특별시,2017,8351580333080.733,8791137192716.562,0.95,99.90529557350233,841257.147628379,5.000000000000004,3149502258947.519,2025-08-27 05:30:43
342,부산광역시,2017,2046401599523.8333,2154106946867.193,0.95,91.91199500724618,593417.8916989513,5.000000000000004,573229804374.8542,2025-08-27 05:30:43
343,대구광역시,2017,1521074234401.0703,1727099666424.0269,0.8807101662815245,86.85009690254256,654204.4191000102,11.928983371847545,256821993458.86606,2025-08-27 05:30:43
344,인천광역시,2017,1713496792254.5837,1946391167993.9407,0.8803455443237596,82.33380692668315,610153.9711579751,11.965445567624045,1010947210974.3547,2025-08-27 05:30:43
345,광주광역시,2017,578689950253.0815,864627373322.3411,0.6692940428539274,59.75955370813655,542086.1274748219,33.070595714607265,326883185828.9488,2025-08-27 05:30:43
346,대전광역시,2017,717799832419.753,843618158862.0328,0.8508586792252105,89.6680395970466,511283.73264365626,14.914132077478948,235049779923.47745,2025-08-27 05:30:43
347,울산광역시,2017,493142466938.62573,645648315953.0106,0.7637942433269135,81.21938309307892,533593.6495479427,23.620575667308653,208570799000.17377,2025-08-27 05:30:43
348,세종특별자치시,2017,270336163864.51886,284564383015.283,0.95,94.32170851762915,739128.2675721637,5.000000000000004,115826973785.21442,2025-08-27 05:30:43
349,경기도,2017,10723920132356.033,11288336981427.404,0.95,96.16533591193055,760157.3724866939,5.000000000000004,4428144526408.191,2025-08-27 05:30:43
350,강원도,2017,260357893919.11926,616001446069.7762,0.42265792650367867,41.4184810104963,373334.20973925834,57.73420734963213,209057269623.57205,2025-08-27 05:30:43
351,충청북도,2017,351703513887.745,723015369293.6946,0.4864398860999596,45.316871583225826,410804.18709869013,51.35601139000404,250740505030.21066,2025-08-27 05:30:43
352,충청남도,2017,667651972279.8511,1057589792014.9266,0.6312957796310008,61.17543017945115,457831.0787943405,36.87042203689992,201453930658.59647,2025-08-27 05:30:43
353,전라북도,2017,427154720584.7949,689811197284.52,0.6192342517290429,60.47454136505501,348389.4935780404,38.07657482709571,129998193040.10728,2025-08-27 05:30:43
354,전라남도,2017,474802142192.12067,863786996955.5994,0.5496750285261895,57.943396573019825,413295.21385435376,45.032497147381044,280022641819.20435,2025-08-27 05:30:43
355,경상북도,2017,638940821473.1505,936802529486.4666,0.6820442957422447,65.25461877228015,327553.33198827505,31.795570425775534,326486745264.0802,2025-08-27 05:30:43
356,경상남도,2017,825697801228.2472,1465688917949.714,0.5633513299556624,58.6103688215486,403771.05177678075,43.66486700443376,762598159537.0476,2025-08-27 05:30:43
357,제주특별자치도,2017,162669204418.90506,280385281111.04767,0.5801631375738275,62.561213053349604,380441.35835963045,41.983686242617246,71796393508.41081,2025-08-27 05:30:43
358,서울특별시,2018,7832869140199.629,8245125410736.452,0.95,97.63947268173969,785437.0479386952,5.000000000000004,2253903161556.62,2025-08-27 05:30:43
359,부산광역시,2018,1570718646620.2146,2266358999238.499,0.6930581814919786,65.99542973482357,621516.2482485942,30.69418185080214,414485470639.0586,2025-08-27 05:30:43
360,대구광역시,2018,1117840823602.0256,1648433628909.226,0.6781230399562429,70.64055506091813,621581.3080351531,32.18769600437571,434234093862.93005,2025-08-27 05:30:43
361,인천광역시,2018,1431521026004.9546,1762251702948.29,0.8123249497276609,74.28817805017552,549930.3176621282,18.76750502723391,349561163036.5047,2025-08-27 05:30:43
362,광주광역시,2018,532209187281.9662,888036636387.377,0.5993099445165315,61.03922832048249,554243.4928303179,40.06900554834685,299318240153.82666,2025-08-27 05:30:43
363,대전광역시,2018,661116028930.2494,938009872938.8827,0.7048071113141954,64.64312977647738,565918.4753779081,29.51928886858046,364352163276.292,2025-08-27 05:30:43
364,울산광역시,2018,477983585992.2275,625822251293.8811,0.7637689216131278,70.34253428113166,514868.16231499886,23.62310783868722,139973784731.88684,2025-08-27 05:30:43
365,세종특별자치시,2018,213520938639.31512,254140651149.99756,0.8401683779164157,94.63229151055768,657118.6842921721,15.983162208358426,71129750791.02577,2025-08-27 05:30:43
366,경기도,2018,11286876749513.22,11880922894224.443,0.95,95.51929051311839,796441.9570453791,5.000000000000004,5957211454197.578,2025-08-27 05:30:43
367,강원도,2018,502247713401.18445,700064821483.3634,0.7174302978643815,74.9574249959527,422361.8832478814,28.25697021356185,76084971922.85895,2025-08-27 05:30:43
368,충청북도,2018,532296161382.33545,743861549244.9354,0.7155849928291741,66.47552629090875,420736.1703874069,28.44150071708259,326543216792.4225,2025-08-27 05:30:43
369,충청남도,2018,271351102009.67334,756727704709.4285,0.35858486523084004,30.308635542588963,326105.4534408224,64.14151347691599,292654072246.5164,2025-08-27 05:30:43
370,전라북도,2018,253549480214.33707,784163729630.5781,0.32333742384869674,27.211714896484022,394250.2411415677,67.66625761513032,379469333176.61633,2025-08-27 05:30:43
371,전라남도,2018,355900913430.70074,767831845020.7721,0.46351413494848287,48.543472910746715,365721.2884118943,53.64858650515172,186361386845.69064,2025-08-27 05:30:43
372,경상북도,2018,598378841978.6643,1061601922642.2865,0.5636565168319612,53.95875087572549,369509.89301854733,43.63434831680388,317120148271.62195,2025-08-27 05:30:43
373,경상남도,2018,749324534422.371,1497298494617.377,0.5004510036683467,48.77614646464661,410612.5036658102,49.954899633165326,358787792068.91095,2025-08-27 05:30:43
374,제주특별자치도,2018,153086112277.6179,299289869742.10034,0.511497807826015,50.32677791479857,404254.5684366858,48.850219217398504,104986677664.36256,2025-08-27 05:30:43
375,서울특별시,2019,8951505522921.252,9422637392548.688,0.95,94.57542840494024,893564.4753483819,5.000000000000004,2860916162083.9893,2025-08-27 05:30:44
376,부산광역시,2019,1717622495769.2302,1970975780630.2368,0.8714579411117905,90.07825830933058,538076.9261889808,12.854205888820946,498415304715.1606,2025-08-27 05:30:44
377,대구광역시,2019,1326204583812.311,1487486664084.2954,0.8915741000130106,95.23199573074159,558365.8648965072,10.842589998698937,280571550420.4589,2025-08-27 05:30:44
378,인천광역시,2019,1711343416075.7358,1953210126741.3562,0.8761696412719612,90.38072152734343,606775.4354586381,12.383035872803882,545064756328.8392,2025-08-27 05:30:44
379,광주광역시,2019,623566321007.2683,936968580023.8308,0.6655146547084947,63.285156270723306,582148.8536960738,33.44853452915053,180516893479.1436,2025-08-27 05:30:44
380,대전광역시,2019,751546247629.888,957616661591.7433,0.7848090762964309,79.59428248026512,575145.1420971431,21.51909237035691,383046965570.07263,2025-08-27 05:30:44
381,울산광역시,2019,612042413793.0016,719347419045.628,0.8508300684598409,82.69559474986126,589146.1253444947,14.916993154015913,90399955840.95433,2025-08-27 05:30:44
382,세종특별자치시,2019,243735105679.0294,273111421044.2724,0.8924383489605842,88.12648809873976,702989.5007574578,10.756165103941584,104559779252.197,2025-08-27 05:30:44
383,경기도,2019,12815036293770.809,13489511888179.799,0.95,95.39750442443514,900200.9935388587,5.000000000000004,4112494338443.8696,2025-08-27 05:30:44
384,강원도,2019,181861067586.0208,647073528597.255,0.2810516263588538,21.44666969597084,388632.74990826123,71.89483736411462,181311441651.6202,2025-08-27 05:30:44
385,충청북도,2019,257175681835.76648,753570512593.3971,0.3412762011489831,35.74226181776396,424307.7210548407,65.87237988510168,335303099978.14636,2025-08-27 05:30:44
386,충청남도,2019,457074021432.3259,1012405357889.2545,0.451473333157058,42.73173378824449,434322.33285682305,54.852666684294206,261926211201.95737,2025-08-27 05:30:44
387,전라북도,2019,610456328172.9515,793153226758.1368,0.7696574981710355,74.44883586598819,396973.5869660344,23.034250182896454,346360191220.82184,2025-08-27 05:30:44
388,전라남도,2019,495506210121.41516,886522727706.0984,0.5589323258564965,58.4506666580403,420352.1705576569,44.106767414350344,448248249132.89545,2025-08-27 05:30:44
389,경상북도,2019,554503893973.9779,1190746055663.5383,0.4656777079685416,39.69931991172808,412593.9208813369,53.432229203145845,315246038777.48694,2025-08-27 05:30:44
390,경상남도,2019,885903864160.2687,1329758887939.0703,0.6662139070439218,59.879686474756156,363024.5394319056,33.378609295607816,707871503602.4525,2025-08-27 05:30:44
391,제주특별자치도,2019,184623388633.91937,252585625485.2823,0.7309338695708044,71.10374018449548,339633.7575437438,26.90661304291956,53293770566.3323,2025-08-27 05:30:44
392,서울특별시,2020,8194031028129.932,8625295819084.139,0.95,90.88159028405401,814283.2965857105,5.000000000000004,2769313547758.6235,2025-08-27 05:30:44
393,부산광역시,2020,1689186916769.852,2495024620076.7393,0.6770221436604092,67.18986534989078,678087.9521882699,32.29778563395907,903568022143.7549,2025-08-27 05:30:44
394,대구광역시,2020,1321034962227.7903,1713873461891.4834,0.7707890877602221,78.81208362209615,640460.9349370267,22.921091223977786,557378902555.8595,2025-08-27 05:30:44
395,인천광역시,2020,1523891324845.1157,1794639160267.0981,0.8491352237172365,81.46874832999522,555014.4302666145,15.086477628276352,754518583633.9845,2025-08-27 05:30:44
396,광주광역시,2020,759677163948.0952,904177302468.5981,0.8401860585020365,87.3505449146354,559256.1017279098,15.981394149796346,233923351158.91815,2025-08-27 05:30:44
397,대전광역시,2020,755975210930.5554,905366954045.8252,0.8349931566999647,85.86453989220372,541325.5330617789,16.500684330003534,364553308618.7341,2025-08-27 05:30:44
398,울산광역시,2020,584521723202.6443,699199710764.9286,0.8359867920471165,91.89416257353895,570077.2203546095,16.401320795288356,163974261065.77432,2025-08-27 05:30:44
399,세종특별자치시,2020,186620291867.18503,226483021134.82013,0.8239924164385561,84.11506879193279,580353.6736318261,17.600758356144386,50781227768.08786,2025-08-27 05:30:44
400,경기도,2020,11947069781573.104,12575862927971.69,0.95,90.93782432191698,835466.7283156744,5.000000000000004,4452644794864.692,2025-08-27 05:30:44
401,강원도,2020,291151488340.0577,625132815064.6796,0.46574340895851646,48.28211245597487,373771.48882791004,53.42565910414836,267291570987.94513,2025-08-27 05:30:44
402,충청북도,2020,566194032236.7692,846101876558.8171,0.669179501810749,69.85978965610617,474272.3523311756,33.0820498189251,77868222868.56508,2025-08-27 05:30:44
403,충청남도,2020,646720272545.6095,863489365064.6158,0.7489614796786926,70.36213457914529,368776.15420227026,25.103852032130735,287550300954.7767,2025-08-27 05:30:44
404,전라북도,2020,168375028003.04816,841875140015.2407,0.2,16.716889113468497,419469.42701307463,80.0,340960999775.5251,2025-08-27 05:30:44
405,전라남도,2020,528989988612.3968,862943267224.0955,0.613006681556303,65.67366275358732,407336.92104040383,38.6993318443697,419789096681.9361,2025-08-27 05:30:44
406,경상북도,2020,319918915255.23444,1202146614668.365,0.2661230430229096,23.63290516716706,414676.3072329648,73.38769569770905,201773530053.88968,2025-08-27 05:30:44
407,경상남도,2020,1359350119721.6292,1531896090483.1821,0.887364442122749,87.86847965098012,416332.6784843544,11.2635557877251,352489146740.4843,2025-08-27 05:30:44
408,제주특별자치도,2020,148568590730.39633,263159108845.0821,0.5645580401241459,57.993754675860295,352264.3850412718,43.54419598758541,75265149670.83995,2025-08-27 05:30:44
409,서울특별시,2021,7900849114733.92,8316683278667.284,0.95,91.79187009581102,781643.1652882786,5.000000000000004,3186131396954.2246,2025-08-27 05:30:45
410,부산광역시,2021,1629888504940.1763,2131533023524.6423,0.7646555258360666,71.1709963301303,576713.4803908664,23.534447416393345,961587585602.5829,2025-08-27 05:30:45
411,대구광역시,2021,1466868549464.8013,1769167483885.9907,0.8291292728503085,76.85200401047399,658172.4270409192,17.087072714969153,380612783557.638,2025-08-27 05:30:45
412,인천광역시,2021,1485147950009.218,2109704782752.3762,0.7039600811217079,73.26738611488712,649539.6498621848,29.603991887829206,421511282743.4665,2025-08-27 05:30:45
413,광주광역시,2021,802215695342.8756,867887067537.9357,0.9243318921880472,102.86257636753513,534413.2189273003,7.566810781195277,236902273722.81445,2025-08-27 05:30:45
414,대전광역시,2021,712274225618.0659,848459638602.08,0.8394909942818344,78.93520516261927,505035.49916790467,16.050900571816562,331390479427.8538,2025-08-27 05:30:45
415,울산광역시,2021,540375320569.7129,687055256585.2692,0.7865092587391447,75.19560334234335,557674.7212542769,21.349074126085533,256154320173.39722,2025-08-27 05:30:45
416,세종특별자치시,2021,268188774920.13516,287417280733.4498,0.9330989919456265,96.64966383181233,733207.3488098211,6.690100805437349,69418582092.91685,2025-08-27 05:30:45
417,경기도,2021,12342083096564.775,12991666417436.605,0.95,88.32963274680067,859237.1969204104,5.000000000000004,4712381325058.699,2025-08-27 05:30:45
418,강원도,2021,350861288210.8744,722747748225.7566,0.4854546957388511,50.15376407889258,430206.9929915218,51.4545304261149,116922768151.78532,2025-08-27 05:30:45
419,충청북도,2021,707784015194.5294,776075416876.2177,0.9120041684137244,94.69964378067789,433077.7995961036,8.799583158627556,157688303829.39813,2025-08-27 05:30:45
420,충청남도,2021,737146306740.2949,953582427099.077,0.7730284092826571,78.96282887982319,405434.70539926743,22.697159071734283,216263312377.54016,2025-08-27 05:30:45
421,전라북도,2021,450340269618.71906,871163037460.1147,0.5169414337546862,54.35168920282773,432124.5225496601,48.30585662453139,193551269014.46103,2025-08-27 05:30:45
422,전라남도,2021,485917259165.69055,735288020753.9232,0.6608529521091043,62.45828830504608,345530.0849407534,33.91470478908957,244518036822.35764,2025-08-27 05:30:45
423,경상북도,2021,1021556148982.1942,1075322262086.5203,0.95,96.78399486841519,369272.75483740395,5.000000000000004,250679490219.15234,2025-08-27 05:30:45
424,경상남도,2021,639978578686.0724,1522640959983.3901,0.4203082640657806,37.17885535887186,411969.9567054627,57.96917359342194,264261839450.87222,2025-08-27 05:30:45
425,제주특별자치도,2021,162952212349.95316,266749782613.44586,0.6108803941785831,66.01908215694806,355476.78919702274,38.91196058214169,134166001459.22118,2025-08-27 05:30:45
426,서울특별시,2022,8335437005633.258,8774144216456.062,0.95,97.22722038732721,820972.5582648946,5.000000000000004,3453140963971.079,2025-08-27 05:30:45
427,부산광역시,2022,2192105029106.9163,2307478978007.2803,0.95,88.50085971075337,621543.1590592001,5.000000000000004,634190288800.1691,2025-08-27 05:30:45
428,대구광역시,2022,1456628955156.5244,1693036001233.2856,0.8603650212372617,84.66616195479858,627050.3708271428,13.963497876273834,257600708419.42383,2025-08-27 05:30:45
429,인천광역시,2022,1655739332696.0447,2013519675738.1758,0.8223109774624053,80.40851459578161,617170.7818354561,17.768902253759467,717982347215.9324,2025-08-27 05:30:45
430,광주광역시,2022,794132097495.0587,835928523679.0092,0.95,91.21683106755432,512446.60455418186,5.000000000000004,242989189200.603,2025-08-27 05:30:45
431,대전광역시,2022,696496510967.1713,832880653812.9712,0.8362500771011715,84.52847994185642,493558.90596324217,16.37499228988285,305717352932.84607,2025-08-27 05:30:45
432,울산광역시,2022,537053076220.45154,723592438009.0394,0.7422038263668842,70.47178832809946,584721.1620275066,25.77961736331158,137844884388.81107,2025-08-27 05:30:45
433,세종특별자치시,2022,296281418014.1821,311875176857.0338,0.95,93.0205183249282,792063.9412242129,5.000000000000004,15061535947.276524,2025-08-27 05:30:45
434,경기도,2022,10818180394806.58,11387558310322.717,0.95,101.26370365871925,749798.0780459403,5.000000000000004,2768781065008.4883,2025-08-27 05:30:45
435,강원도,2022,362181331101.2223,704283895132.3705,0.5142547396077404,47.32255238942546,417353.41933770105,48.574526039225965,193306718537.03418,2025-08-27 05:30:45
436,충청북도,2022,204069079606.83594,716842367253.7972,0.2846777603123805,36.739507822464574,398245.7595854429,71.53222396876195,316701644682.4282,2025-08-27 05:30:45
437,충청남도,2022,579982684633.1395,1009692680676.0898,0.5744150628533657,60.68210604517034,427383.14525972056,42.55849371466343,359850571419.6049,2025-08-27 05:30:45
438,전라북도,2022,813433710319.741,856246010862.8853,0.95,92.7213731667543,422837.5362285853,5.000000000000004,332021620636.84827,2025-08-27 05:30:45
439,전라남도,2022,369947598222.3668,798066068614.1946,0.4635551024801292,56.17928129704025,373364.2426265238,53.64448975198708,184044042580.57202,2025-08-27 05:30:45
440,경상북도,2022,828691340119.3098,1055680756371.4376,0.7849828985873241,75.90605143421082,360916.497904765,21.501710141267594,529318556426.70856,2025-08-27 05:30:45
441,경상남도,2022,1062964339665.3612,1568938063061.474,0.6775056101266326,82.48673798361243,422609.57927581796,32.249438987336745,398328577665.1823,2025-08-27 05:30:45
442,제주특별자치도,2022,162659506313.175,272369819161.89175,0.5972009190067167,62.21015260310278,361352.99391295755,40.27990809932833,51978072624.8726,2025-08-27 05:30:45
443,서울특별시,2023,8210973855373.018,8643130374076.861,0.95,94.52320348372733,805135.6478074065,5.000000000000004,1986153091540.8774,2025-08-27 05:30:46
444,부산광역시,2023,2025317228106.5762,2227692211277.243,0.9091548724073351,93.46609486043485,597396.8379388794,9.084512759266495,547450597667.1986,2025-08-27 05:30:46
445,대구광역시,2023,1462243941531.6045,1607325817113.9585,0.9097371086573744,87.59334271711477,592671.9800095643,9.026289134262555,578509859706.8373,2025-08-27 05:30:46
446,인천광역시,2023,2135907469651.8572,2294619986357.999,0.9308327663623078,105.27528757785522,700219.9226664393,6.916723363769217,843485603077.9607,2025-08-27 05:30:46
447,광주광역시,2023,627632985576.6567,914902946270.1187,0.6860104540436713,72.13337111538094,558378.702867758,31.398954595632866,131682967375.71492,2025-08-27 05:30:46
448,대전광역시,2023,617234977688.5302,874055782954.6201,0.7061734384984628,75.19737853709587,515667.4328153704,29.382656150153718,280620491507.492,2025-08-27 05:30:46
449,울산광역시,2023,643394251458.8761,677257106798.817,0.95,101.38234980635599,544857.3223299593,5.000000000000004,200959361515.21475,2025-08-27 05:30:46
450,세종특별자치시,2023,279310576439.3499,308567179626.31244,0.9051856285480735,80.21584664421803,780197.1171262441,9.48143714519265,114337138798.02689,2025-08-27 05:30:46
451,경기도,2023,11961484159920.373,12591035957810.92,0.95,97.37946510990423,825371.142784796,5.000000000000004,3736112363510.26,2025-08-27 05:30:46
452,강원도,2023,338439519888.8223,709999790459.3643,0.476675520805231,43.845388033964475,418879.1795507633,52.3324479194769,151345007178.18887,2025-08-27 05:30:46
453,충청북도,2023,376648567948.56256,763844852898.2578,0.4930956417647436,47.005221332286354,422480.79390434275,50.69043582352564,118273186208.74521,2025-08-27 05:30:46
454,충청남도,2023,439744533858.0178,897236805937.2662,0.4901097803256683,45.73778392257339,378102.3202432643,50.98902196743317,281738327830.6539,2025-08-27 05:30:46
455,전라북도,2023,501487091261.5271,797198993703.5734,0.6290613701501957,58.01804262172746,391936.76776811265,37.09386298498043,151287275222.18716,2025-08-27 05:30:46
456,전라남도,2023,587724933113.1002,865739724022.4442,0.6788702387160688,77.23294387492352,403232.2887854887,32.11297612839312,186850941715.35568,2025-08-27 05:30:46
457,경상북도,2023,689423864804.5092,1288090370311.442,0.5352294223252491,55.80969049528825,438424.373293334,46.477057767475095,313728075424.63,2025-08-27 05:30:46
458,경상남도,2023,816642472811.6621,1327131719976.3228,0.6153439485465932,59.34680477805422,355894.89832963824,38.465605145340675,524765074573.6456,2025-08-27 05:30:46
459,제주특별자치도,2023,210790679881.57953,298385029072.85504,0.7064385252053377,67.61362829162933,394116.263623192,29.356147479466234,88597538553.70087,2025-08-27 05:30:46
460,서울특별시,2024,8012227604628.409,8433923794345.694,0.95,93.72270985142181,782186.3013536466,5.000000000000004,2324420946756.098,2025-08-27 05:30:46
461,부산광역시,2024,1935376659998.8372,2403954718154.2065,0.8050803309160703,82.3159761380134,641824.7812452827,19.491966908392968,753637812017.3649,2025-08-27 05:30:46
462,대구광역시,2024,1681474439332.618,1769973094034.3347,0.95,102.55402136251013,649769.8583092272,5.000000000000004,373228960036.1726,2025-08-27 05:30:46
463,인천광역시,2024,1327141558694.0415,1945815209662.5117,0.6820491237316544,66.00630924564346,591163.6669185817,31.79508762683456,387565250372.3952,2025-08-27 05:30:46
464,광주광역시,2024,700513047717.3665,966783038453.7828,0.7245814416000995,74.1268169573276,587442.2229705502,27.54185583999005,324874683104.4231,2025-08-27 05:30:46
465,대전광역시,2024,928641515369.0469,977517384598.9967,0.95,94.3299924565239,574165.8646690142,5.000000000000004,440819646155.8567,2025-08-27 05:30:46
466,울산광역시,2024,621779545561.6482,654504784801.735,0.95,87.38447084200847,524232.9073301842,5.000000000000004,269665180604.23508,2025-08-27 05:30:46
467,세종특별자치시,2024,235689909775.9781,248094641869.45062,0.95,96.53158268438278,624530.2501433622,5.000000000000004,94686828621.8894,2025-08-27 05:30:46
468,경기도,2024,12974700925450.922,13657579921527.287,0.95,91.73023898075053,891341.4861496027,5.000000000000004,5320880200630.236,2025-08-27 05:30:46
469,강원도,2024,297559547062.77014,652267163170.502,0.4561927441148657,46.49928320225196,383123.15017356945,54.380725588513435,266680104783.83752,2025-08-27 05:30:46
470,충청북도,2024,432706348711.34406,674713409570.5334,0.6413187326257069,64.87820548809313,371538.2211291484,35.86812673742931,76027460574.86253,2025-08-27 05:30:46
471,충청남도,2024,459938841987.22217,967504879823.2384,0.47538658623742786,55.00357341929746,405917.7175679624,52.461341376257224,275039942718.927,2025-08-27 05:30:46
472,전라북도,2024,692203353805.3021,921495239701.2407,0.7511740961675747,76.20337679563677,451050.04390662786,24.88259038324253,250144459607.13416,2025-08-27 05:30:46
473,전라남도,2024,384756005863.1267,885598052136.065,0.43445895678642715,46.64967512865849,410664.5268425991,56.55410432135728,330661997790.1727,2025-08-27 05:30:46
474,경상북도,2024,581592664512.7977,1191565777927.6475,0.4880911111128876,49.221017495757245,403783.7268477287,51.19088888871124,332627420173.71545,2025-08-27 05:30:46
475,경상남도,2024,733320623434.5779,1485525107766.2073,0.49364404519374055,52.74652133051179,396615.9678991342,50.63559548062595,466934097035.0661,2025-08-27 05:30:46
476,제주특별자치도,2024,184133676971.21594,278656187364.5079,0.6607916325588428,65.1753009085559,366435.90948058106,33.920836744115725,109566909869.13872,2025-08-27 05:30:46
477,서울특별시,2025,7531665919641.281,7928069389096.086,0.95,96.32185984300243,732047.0350042554,5.000000000000004,1535679477834.883,2025-08-27 05:30:47
478,부산광역시,2025,1981028588873.1438,2085293251445.4146,0.95,97.38641360763334,554304.426221535,5.000000000000004,612022439173.5477,2025-08-27 05:30:47
479,대구광역시,2025,1568475557555.308,1701242478574.4429,0.9219588490816507,87.72530078190456,621799.1515257467,7.8041150918349285,589247678798.2842,2025-08-27 05:30:47
480,인천광역시,2025,1676098005467.6882,1803406950678.7793,0.929406424233214,96.60974729770398,545495.14539588,7.059357576678604,402452603155.5511,2025-08-27 05:30:47
481,광주광역시,2025,692753246463.9714,810205152747.4958,0.8550343627348803,91.82833782390043,490142.25816545426,14.496563726511969,286417623033.72815,2025-08-27 05:30:47
482,대전광역시,2025,817603326877.3315,986073684318.0022,0.8291503362071875,82.42704304848631,576651.2773789486,17.08496637928125,473665423532.72797,2025-08-27 05:30:47
483,울산광역시,2025,611977598810.297,645929457107.8539,0.9474372039795551,94.35670273728287,515095.2608515581,5.256279602044489,177895683999.25943,2025-08-27 05:30:47
484,세종특별자치시,2025,262258822166.84018,276061918070.3581,0.95,96.23929899818026,691884.5064420003,5.000000000000004,95319868581.53981,2025-08-27 05:30:47
485,경기도,2025,11660215148115.057,12273910682226.377,0.95,98.67750619376706,797525.0605735136,5.000000000000004,5165489333014.243,2025-08-27 05:30:47
486,강원도,2025,374000307118.0138,709192342417.1926,0.5273608931580972,58.877313050502565,414732.36398666236,47.26391068419028,212083927861.2029,2025-08-27 05:30:47
487,충청북도,2025,389030125649.1954,736591234003.1781,0.528149274238467,60.67990275847351,403832.91337893537,47.185072576153296,352158087936.81573,2025-08-27 05:30:47
488,충청남도,2025,826924199556.1685,947867058002.3558,0.8724052519547665,92.90250184444454,395934.4436100066,12.759474804523352,476933195328.89636,2025-08-27 05:30:47
489,전라북도,2025,325314611338.34216,855999920725.3092,0.38004046900225796,45.80166655903477,417153.95746847434,61.995953099774205,236592962331.6073,2025-08-27 05:30:47
490,전라남도,2025,530477483467.3798,784844389364.6644,0.6759014788865396,65.98006484276164,362347.3635109254,32.40985211134604,320879436147.9736,2025-08-27 05:30:47
491,경상북도,2025,787550851691.3627,1175110542393.68,0.6701929931520614,61.89398748149716,396461.0466915249,32.98070068479386,191695564496.08075,2025-08-27 05:30:47
492,경상남도,2025,864453560685.7191,1513141740042.9172,0.5712971480525021,54.47573723447462,402217.3684324607,42.87028519474979,512920104368.5132,2025-08-27 05:30:47
493,제주특별자치도,2025,164425189819.23227,300132408969.7768,0.547842168673593,49.870294247836945,392946.3327700665,45.215783132640695,129530173955.39388,2025-08-27 05:30:47
