region,year,navis_index,bds_index,navis_variation,bds_variation,academic_effect,regional_factor
서울특별시,1995,6.91,7.0482000000000005,0.0,0.0,0.0,1.03
서울특별시,1996,6.94,7.0788,0.303692876588947,0.3052022581490443,0.0001962535305666371,1.03
서울특별시,1997,6.85,7.109140452923519,-0.9110786297668411,-0.863566622438904,0.0003846830521834111,1.03
서울특별시,1998,6.86,6.9972,0.10123095886298833,0.13099096633437274,0.000557776474447202,1.03
서울특별시,1999,6.84,7.162445322474959,-0.20246191772596767,-0.23969692122842085,0.0007086331088402327,1.03
서울특별시,2000,6.83,7.171348573450229,-0.10123095886297934,-0.05017912967829413,0.0008312387774048921,1.03
서울특별시,2001,6.84,6.9768,0.10123095886297934,0.005659515311771973,0.0009207055790400676,1.03
서울특별시,2002,6.83726543012665,7.178707137383658,-0.02768231303570054,-0.05431674142386288,0.0009734667546933838,1.03
서울특별시,2003,6.830997655991457,6.967617609111286,-0.06344927856422353,-0.0386716831673158,0.0009874188827890603,1.03
서울특별시,2004,6.761017485421545,7.041344135313593,-0.7084159768187203,-0.61693586983055,0.0009620057360084093,1.03
서울특별시,2005,6.74,7.07504241095741,-0.21276202021116702,-0.06807808237339548,0.000898240456317753,1.03
서울특별시,2006,6.76,6.8952,0.20246191772595867,0.21039141781655535,0.0007986651641953814,1.03
서울특별시,2007,6.74,7.053075395055788,-0.20246191772595867,-0.281637029530038,0.0006672496123102085,1.03
서울특별시,2008,6.74,6.8748000000000005,0.0,0.002577234177416967,0.0005092329240101415,1.03
서울특별시,2009,6.73,6.8646,-0.10123095886297934,-0.035431678080021504,0.00033091472600720804,1.03
서울특별시,2010,6.79,6.9258,0.607385753177885,0.4922217774262779,0.00013940400214017184,1.03
서울특별시,2011,6.675,6.905721248007348,-1.1641560269242894,-1.0513705638976445,-5.766431937742571e-05,1.03
서울특별시,2012,6.703244098223407,6.837308980187875,0.28591771453757353,0.13193059906622318,-0.0002524337464517279,1.03
서울특별시,2013,6.717705304269462,7.053455189238023,0.14639217543572647,-0.036519312226235195,-0.0004371394366557511,1.03
서울특별시,2014,6.736170449438369,6.870893858427136,0.18692443509926132,0.12306700068247528,-0.000604417756993573,1.03
서울특별시,2015,6.598257248442954,6.799796943194171,-1.396108557662897,-1.293024945965101,-0.000747599848710589,1.03
서울특별시,2016,6.6328045479067885,6.7654606388649245,0.34972562508505783,0.32244749842942944,-0.0008609774936472612,1.03
서울특별시,2017,6.596891113616701,6.9015647718112,-0.3635551389248217,-0.2767713438971604,-0.0009400306828838124,1.03
서울특별시,2018,6.533840239632831,6.827447871038336,-0.6382700430536241,-0.35375432458690764,-0.0009816078152321455,1.03
서울특별시,2019,6.676135261630137,6.80965796686274,1.4404661518216335,1.100491450705652,-0.0009840513416297608,1.03
부산광역시,1995,5.72,5.8344,0.0,0.0,0.0,1.03
부산광역시,1996,5.72,6.004064005529052,0.0,-0.06069278716922782,0.00017636909215367397,1.03
부산광역시,1997,5.77,5.8854,0.563220370329842,0.5928770279189357,0.0003457069051680356,1.03
부산광역시,1998,5.78,5.8956,0.11264407406597639,0.13657769540097148,0.0005012624748145728,1.03
부산광역시,1999,5.7,5.925864033184988,-0.901152592527751,-0.6913054986933196,0.000636834291415464,1.03
부산광역시,2000,5.69,5.966925624407998,-0.11264407406596638,-0.12858707820246965,0.0007470175344644391,1.03
부산광역시,2001,5.66,5.923632388543045,-0.33793222219790914,-0.2582704816330931,0.0008274195457644649,1.03
부산광역시,2002,5.749193087488301,5.864176949238067,1.00470727532046,0.7973706476118014,0.0008748349508482287,1.03
부산광역시,2003,5.750552914500245,5.86556397279025,0.015317645465034163,-0.02962618313096514,0.0008873734471430034,1.03
부산광역시,2004,5.747835751238075,6.0347253214560395,-0.030607233975326654,-0.05294698012788172,0.0008645351643690301,1.03
부산광역시,2005,5.68,5.921158714278648,-0.7641295386782349,-0.5148898641997282,0.0008072305927901379,1.03
부산광역시,2006,5.76,5.8751999999999995,0.901152592527751,0.8773260797481369,0.0007177442848401443,1.03
부산광역시,2007,5.62,5.781117762621,-1.5770170369235594,-1.3547021506661512,0.0005996437772266412,1.03
부산광역시,2008,5.64,5.7528,0.22528814813193276,0.1313967935377261,0.00045763736450047635,1.03
부산광역시,2009,5.44,5.54733627790339,-2.252881481319368,-1.8398608296161318,0.000297386394209892,1.03
부산광역시,2010,5.6499999999999995,5.763,2.365525555385334,1.7733541328273925,0.00012527956683919456,1.03
부산광역시,2011,5.598,5.835478096055173,-0.5857491851430332,-0.5000885892408092,-5.182176151884733e-05,1.03
부산광역시,2012,5.624368948705028,5.736856327679129,0.297030581097091,0.12090859681042966,-0.00022685711977815786,1.03
부산광역시,2013,5.578307436766399,5.818276105139692,-0.518855636240545,-0.4581120106526641,-0.000392848400560952,1.03
부산광역시,2014,5.636183731081622,5.748907405703254,0.6519421583507802,0.695755840068031,-0.0005431780553181975,1.03
부산광역시,2015,5.584823581881675,5.826861452343494,-0.5785416450517977,-0.4359456276482488,-0.0006718529151073806,1.03
부산광역시,2016,5.603211961781411,5.715276201017039,0.20713420273789793,0.35925356035284006,-0.0007737431193257083,1.03
부산광역시,2017,5.516768774394813,5.730494514084217,-0.9737312802474346,-0.7059680818113195,-0.0008447866270641283,1.03
부산광역시,2018,5.525954924271231,5.636474022756655,0.10347653470602783,0.1084722804158781,-0.0008821511578598623,1.03
부산광역시,2019,5.524094058707705,5.634575939881859,-0.020961547836457643,-0.009941217180005728,-0.0008843471057806802,1.03
대구광역시,1995,5.75,5.865,0.0,0.0,0.0,1.03
대구광역시,1996,5.68,5.900418041348887,-0.9375801872526421,-0.8731164849328676,0.00014832708012319567,1.03
대구광역시,1997,5.72,5.8344,0.5357601070015081,0.4257399020777949,0.00029074082763504806,1.03
대구광역시,1998,5.79,5.9058,0.9375801872526421,0.7021584790311849,0.0004215636558348281,1.03
대구광역시,1999,5.84,5.9568,0.6697001337518821,0.48121526566312695,0.0005355800713975176,1.03
대구광역시,2000,5.79,6.047772770340504,-0.6697001337518821,-0.4661674906479944,0.000628244599634238,1.03
대구광역시,2001,5.76,6.020338971930603,-0.401820080251134,-0.4139626794040676,0.0006958629982240194,1.03
대구광역시,2002,5.758572450760948,5.873743899776167,-0.01912059832661163,-0.04387594050191422,0.0007357395349972837,1.03
대구광역시,2003,5.719444031981546,5.979920305979879,-0.5240861458013066,-0.3861668735890523,0.0007462844582705687,1.03
대구광역시,2004,5.680900883960907,5.9442409965429555,-0.5162470276928015,-0.32330732138934,0.000727077375229399,1.03
대구광역시,2005,5.7,5.814,0.25581361131846364,0.14644343210243896,0.00067888401166317,1.03
대구광역시,2006,5.7,5.972599875365805,0.0,-0.21380806274677028,0.0006036256848943141,1.03
대구광역시,2007,5.57,5.74832402455898,-1.7412203477548982,-1.3528905929428878,0.0005043027069197221,1.03
대구광역시,2008,5.59,5.7017999999999995,0.26788005350074806,0.2421621340637237,0.0003848747714394596,1.03
대구광역시,2009,5.61,5.722200000000001,0.26788005350076,0.26734346309311807,0.00025010309336448005,1.03
대구광역시,2010,5.66,5.7732,0.6697001337518821,0.5694577334370424,0.00010536059420300968,1.03
대구광역시,2011,5.634,5.888251077482498,-0.34824406955097725,-0.4003172568851722,-4.3582299364753436e-05,1.03
대구광역시,2012,5.637141100014603,5.749883922014894,0.04207190199814301,0.007235712282096175,-0.00019078770418874252,1.03
대구광역시,2013,5.621410767233376,5.896343967579691,-0.21069211935097615,-0.11924415120545652,-0.00033038700531214224,1.03
대구광역시,2014,5.6213915486999255,5.733819379673924,-0.00025741308845141607,0.03874146472758527,-0.0004568148191302325,1.03
대구광역시,2015,5.685648466717787,5.799361436052142,0.8606573318209099,0.6402204473416985,-0.0005650308676721231,1.03
대구광역시,2016,5.680988095625478,5.96411323529488,-0.06242102287704601,-0.047628233761964456,-0.0006507209185779377,1.03
대구광역시,2017,5.625733977221651,5.8684027224788124,-0.7400738097077184,-0.5365612913381694,-0.0007104687799286546,1.03
대구광역시,2018,5.561583209867705,5.788194461026058,-0.8592355495444656,-0.7027392370959754,-0.0007418924930374992,1.03
대구광역시,2019,5.557830116829564,5.834762129788438,-0.05026893819253002,-0.045879523919026055,-0.0007437392936260837,1.03
인천광역시,1995,6.12,6.2424,0.0,0.0,0.0,1.03
인천광역시,1996,6.06,6.315628514768612,-0.4463599548589347,-0.3703960590903095,0.0002670526268753423,1.03
인천광역시,1997,5.97,6.187230974583205,-0.6695399322883954,-0.6167436959598896,0.0005234587082504615,1.03
인천광역시,1998,5.95,6.214109162136692,-0.1487866516196405,-0.2726017308862855,0.0007589961427971112,1.03
인천광역시,1999,5.92,6.17824009936481,-0.22317997742946735,-0.30555508360575956,0.0009642747962812726,1.03
인천광역시,2000,5.87,6.136978454154971,-0.3719666290491078,-0.22540881611328545,0.0011311108565827833,1.03
인천광역시,2001,5.84,6.103683010886731,-0.22317997742946735,-0.2391523530629967,0.0012528530964590553,1.03
인천광역시,2002,5.88609350020525,6.003815370209355,0.34290487784842894,0.21184161870908347,0.0013246480369860755,1.03
인천광역시,2003,5.859115156651474,6.137221938859875,-0.2007008701805384,-0.14263574760660244,0.0013436334404470672,1.03
인천광역시,2004,5.826582639102011,6.0975293604397045,-0.24202021774709856,-0.18220358603960665,0.0013090524187179468,1.03
인천광역시,2005,5.75,5.967652117881518,-0.5697237222091874,-0.5384981418032259,0.001222283608008329,1.03
인천광역시,2006,5.8,5.9159999999999995,0.3719666290491078,0.26852298934618807,0.0010867862069863904,1.03
인천광역시,2007,5.75,6.005317105867226,-0.3719666290491078,-0.26411866120030597,0.0009079620694441008,1.03
인천광역시,2008,5.75,6.026427748193217,0.0,-0.1100441991700914,0.0006929403494330734,1.03
인천광역시,2009,5.74,5.8548,-0.07439332580982025,0.058117833520935865,0.00045029328438987145,1.03
인천광역시,2010,5.7299999999999995,5.8446,-0.07439332580982685,0.07917303636788073,0.0001896944470806758,1.03
인천광역시,2011,5.68,5.948272506958526,-0.3719666290491078,-0.1376252846206653,-7.846690921818313e-05,1.03
인천광역시,2012,5.719801061049202,5.834197082270186,0.29609333022098855,0.22446104658752086,-0.00034350003746316403,1.03
인천광역시,2013,5.5994749538154105,5.790212925255927,-0.8951459298870982,-0.6643596805417542,-0.0005948389031915392,1.03
인천광역시,2014,5.596594801322694,5.8618455894114385,-0.02142641227726252,-0.12343348950882946,-0.0008224634189723755,1.03
인천광역시,2015,5.646548357801414,5.759479324957443,0.3716211202480779,0.23573279826937604,-0.001017298913672187,1.03
인천광역시,2016,5.662854508235425,5.776111598400133,0.12130687619412953,0.03842861269278379,-0.001171577910956251,1.03
인천광역시,2017,5.640909584251413,5.9081625496251515,-0.163255587981434,-0.1217705730764015,-0.0012791497940583807,1.03
인천광역시,2018,5.769479168734438,5.884868752109126,0.9564718987679044,0.7185979696975809,-0.001335726011462001,1.03
인천광역시,2019,5.690549443595827,5.906351189923818,-0.587184475831637,-0.5110809416869931,-0.0013390510479158082,1.03
광주광역시,1995,5.85,6.1460099999999995,0.0,0.0,0.0,1.03
광주광역시,1996,5.9,6.237203353820073,0.844695880895498,0.6321642914186428,0.00011759814111112172,1.03
광주광역시,1997,5.93,6.259350959956653,0.5068175285372808,0.476564896472483,0.000230508015438537,1.03
광주광역시,1998,6.0,6.360736986678699,1.182574233253685,0.9315065324364775,0.0003342282626005244,1.03
광주광역시,1999,5.98,6.262332015885254,-0.33787835235818714,-0.33940941227233323,0.0004246238836509025,1.03
광주광역시,2000,5.89,6.113512666106705,-1.5204525856118873,-1.2307033269064052,0.0004980910904382708,1.03
광주광역시,2001,5.98,6.358470954723468,1.5204525856118873,1.2353013428314237,0.0005517009772671944,1.03
광주광역시,2002,5.884305843859589,6.09793568768289,-1.616649190351504,-1.3895140243469777,0.000583316287125585,1.03
광주광역시,2003,5.935070419214268,6.279736338299811,0.8576125539501253,0.7174490720920446,0.0005916766173772678,1.03
광주광역시,2004,5.942164291659743,6.24823594122011,0.119843296685803,0.07880101075151347,0.0005764486680376562,1.03
광주광역시,2005,5.93,6.22731214275274,-0.20550254117992223,-0.054130145264129625,0.0005382395293923477,1.03
광주광역시,2006,5.94,6.245124707676302,0.16893917617910859,0.0667191328189018,0.00047857247922322076,1.03
광주광역시,2007,5.87,6.105493733282946,-1.182574233253685,-1.0159327571362822,0.0003998262545302536,1.03
광주광역시,2008,5.92,6.266241112812375,0.8446958808954829,0.7606333605590274,0.00030514021879387323,1.03
광주광역시,2009,5.86,6.103807445545152,-1.0136350570745765,-0.8678683055009084,0.00019828920545982438,1.03
광주광역시,2010,5.89,6.211147596059263,0.5068175285372808,0.377694807374578,8.35330272418648e-05,1.03
광주광역시,2011,5.828,6.074765884588696,-1.0474228923103923,-0.7888528797629554,-3.455334916851732e-05,1.03
광주광역시,2012,5.782307470468731,6.030892329301744,-0.7719258296551712,-0.7191248528826725,-0.00015126219258694936,1.03
광주광역시,2013,5.9195830912470715,6.332362123488392,2.319123028376701,1.8619053421464058,-0.000261940689722391,1.03
광주광역시,2014,5.947876746806896,6.282412382819927,0.4779906861371929,0.5567794751231333,-0.00036217643816024737,1.03
광주광역시,2015,5.959078788106078,6.261830819691841,0.18924636286079946,0.027621677715096576,-0.00044797335492249623,1.03
광주광역시,2016,5.997101086375765,6.337137440796977,0.6423455746116825,0.6087457137349371,-0.0005159109876856544,1.03
광주광역시,2017,6.005653426510749,6.319087624547648,0.14448252968076378,0.1661232054708998,-0.0005632808774210525,1.03
광주광역시,2018,5.9621685095770935,6.228220989502831,-0.7346306042988238,-0.574514675899109,-0.0005881945361092709,1.03
광주광역시,2019,6.0392850894560235,6.406379930460992,1.3028011474495966,1.0187912115419182,-0.0005896587347980071,1.03
대전광역시,1995,6.3,6.426,0.0,0.0,0.0,1.03
대전광역시,1996,6.33,6.4566,0.6492067427910048,0.48832084174847834,9.180557642129388e-05,1.03
대전광역시,1997,6.34,6.4668,0.21640224759699517,0.15267679677471205,0.00017995115421992014,1.03
대전광역시,1998,6.32,6.623695841711366,-0.43280449519399034,-0.34382553457255527,0.00026092264736850344,1.03
대전광역시,1999,6.37,6.4974,1.082011237984995,0.8786002148710729,0.0003314919779555322,1.03
대전광역시,2000,6.3,6.565180890270608,-1.5148157331790046,-1.1345280899100907,0.0003888457694649022,1.03
대전광역시,2001,6.32,6.446400000000001,0.43280449519400954,0.400802534068314,0.0004306975072194898,1.03
대전광역시,2002,6.2994122424550465,6.592276770161984,-0.44552370057100904,-0.5537118306820074,0.0004553786945058156,1.03
대전광역시,2003,6.252192319749536,6.526468767190041,-1.0218497404829041,-0.8941876693625596,0.00046190537027276387,1.03
대전광역시,2004,6.217077430346066,6.497470478153947,-0.7598940991030995,-0.7280903629128316,0.00045001733655362306,1.03
대전광역시,2005,6.27,6.3953999999999995,1.1452563021719984,0.7682005323139511,0.00042018853173791547,1.03
대전광역시,2006,6.29,6.4158,0.43280449519400954,0.22189551081038333,0.0003736081361434063,1.03
대전광역시,2007,6.28,6.405600000000001,-0.21640224759699517,-0.06147432357797243,0.0003121331631495103,1.03
대전광역시,2008,6.36,6.4872000000000005,1.7312179807759998,1.4067310076873392,0.00023821442593399897,1.03
대전광역시,2009,6.33,6.633566110127947,-0.6492067427910048,-0.3548856654683399,0.0001547988312855901,1.03
대전광역시,2010,6.37,6.4974,0.8656089903879999,0.7626671334215537,6.521189572978525e-05,1.03
대전광역시,2011,6.336,6.631565361572062,-0.7357676418297951,-0.5254257990686557,-2.6974832320729275e-05,1.03
대전광역시,2012,6.297852731771025,6.581936846233041,-0.82551545844359,-0.7241198438378267,-0.00011808615893062217,1.03
대전광역시,2013,6.269766904527447,6.559603391959231,-0.6077836141131232,-0.5715350068896785,-0.0002044897630263742,1.03
대전광역시,2014,6.268947525405574,6.394326475913686,-0.017731548360744975,0.012360624060364138,-0.0002827410055750281,1.03
대전광역시,2015,6.315221563957571,6.441525995236722,1.001380594804229,0.79027142713769,-0.0003497202564722441,1.03
대전광역시,2016,6.385431256506596,6.513139881636728,1.519353527070343,1.1680763321986778,-0.00040275726434999915,1.03
대전광역시,2017,6.307699097592273,6.555442567884006,-1.68214138996266,-1.4911412076830632,-0.00043973761107216395,1.03
대전광역시,2018,6.1987547601150865,6.4289060873458395,-2.3575799493029277,-1.7445109828610026,-0.00045918700691315793,1.03
대전광역시,2019,6.2339770852393475,6.358656626944135,0.7622190322482341,0.6679400695301445,-0.0004603300658369186,1.03
경기도,1995,6.16,6.2216000000000005,0.0,0.0,0.0,0.97
경기도,1996,6.12,6.1812000000000005,-0.5549218935676821,-0.29146279670018316,0.00014320525688239427,0.97
경기도,1997,6.02,6.0802,-1.3873047339192115,-1.215884161219886,0.0002807013720832081,0.97
경기도,1998,6.11,6.1178375675500325,1.248574260527294,1.0327378326019547,0.00040700680938346743,0.97
경기도,1999,6.17,6.2317,0.832382840351517,0.5967019890641814,0.0005170861695778668,0.97
경기도,2000,6.3,6.330471976525518,1.8034961540949637,1.3824938202225527,0.0006065509359509643,0.97
경기도,2001,6.28,6.3428,-0.27746094678383487,-0.32623658752163803,0.0006718344305898605,0.97
경기도,2002,6.26055536269089,6.323160916317799,-0.2697563738827082,-0.3003099878737764,0.0007103340065772835,0.97
경기도,2003,6.227356966654986,6.2896305363215355,-0.4605629197913434,-0.4478650327883754,0.0007205148073110517,0.97
경기도,2004,6.242131303055244,6.304552616085796,0.20496506828592648,-0.00019959552543122316,0.0007019709563932849,0.97
경기도,2005,6.23,6.292300000000001,-0.16829814157147446,-0.05324552648604354,0.0006554417386415686,0.97
경기도,2006,6.23,6.292300000000001,0.0,0.20672132101643373,0.0005827821271362262,0.97
경기도,2007,6.32,6.331492546932174,1.2485742605272816,1.1157400434368405,0.0004868888312973127,0.97
경기도,2008,6.3,6.3629999999999995,-0.2774609467838472,-0.3119981420544034,0.0003715848142211318,0.97
경기도,2009,6.25,6.3125,-0.6936523669595995,-0.6380805766326632,0.00024146688320564344,0.97
경기도,2010,6.359999999999999,6.3806234318927535,1.5260352073111165,1.257738497201613,0.00010172242954955993,0.97
경기도,2011,6.229,6.29129,-1.817369201434148,-1.4304098938793754,-4.2077376368975737e-05,0.97
경기도,2012,6.222373932506747,6.284597671831814,-0.09192374800658666,-0.060425949019053765,-0.0001841996900745199,0.97
경기도,2013,6.216824191991026,6.278992433910936,-0.07699181289482936,-0.26555939574961995,-0.000318978543412528,0.97
경기도,2014,6.198539687763077,6.260525084640708,-0.2536617927279892,-0.2036633569287023,-0.00044104072881968095,0.97
경기도,2015,6.214991351874467,6.277141265393212,0.22823471502579848,0.12769952920654,-0.0005455200121532953,0.97
경기도,2016,6.189776016009875,6.251673776169974,-0.34981354812310417,-0.3632350772459956,-0.0006282511340903045,0.97
경기도,2017,6.236925900922613,6.299295159931839,0.6541125854318689,0.5492968669821993,-0.0006859358658722325,0.97
경기도,2018,6.305172336553934,6.3682240599194735,0.9467860322444331,0.6640543728011528,-0.0007162744992776307,0.97
경기도,2019,6.2885464408325,6.351431905240824,-0.2306518383999277,-0.26963069708446996,-0.0007180575287317204,0.97
강원도,1995,5.27,5.322699999999999,0.0,0.0,0.0,0.97
강원도,1996,5.34,5.3934,0.9335782732529389,0.7715274845931698,0.00014896290492277226,0.97
강원도,1997,5.42,5.423845469617571,1.0669465980033552,0.8389038407351792,0.0002919871289059033,0.97
강원도,1998,5.46,5.5146,0.5334732990016776,0.5438864619674747,0.00042337074747822407,0.97
강원도,1999,5.39,5.443899999999999,-0.9335782732529389,-0.6302735185144965,0.0005378759103722397,0.97
강원도,2000,5.37,5.4237,-0.2667366495008329,-0.058441769851999004,0.0006309376580853026,0.97
강원도,2001,5.35,5.403499999999999,-0.26673664950084475,-0.14282121781568474,0.0006988459124094203,0.97
강원도,2002,5.344328548787467,5.397771834275342,-0.0756391947119214,-0.1737141158122013,0.0007388933855415787,0.97
강원도,2003,5.32599301572921,5.379252945886503,-0.24453793273856197,-0.353734488488719,0.0007494835111051078,0.97
강원도,2004,5.367557826993419,5.4212334052633535,0.5543429246874892,0.23340819165182916,0.0007301940942128642,0.97
강원도,2005,5.36,5.413600000000001,-0.10079747248657758,-0.07192022845127276,0.0006817941430450659,0.97
강원도,2006,5.42,5.4742,0.8002099485025105,0.6270120399084198,0.0006062132109198952,0.97
강원도,2007,5.48,5.534800000000001,0.8002099485025224,0.46095773722490463,0.000506464471091759,0.97
강원도,2008,5.55,5.552339155010435,0.933578273252927,0.8358787728942075,0.00038652459104225454,0.97
강원도,2009,5.48,5.534800000000001,-0.933578273252927,-0.6543637723739445,0.00025117519529677644,0.97
강원도,2010,5.46,5.5146,-0.26673664950084475,-0.17200189015003756,0.00010581223714398014,0.97
강원도,2011,5.425,5.4792499999999995,-0.4667891366264694,-0.2555801160515181,-4.376912099392369e-05,0.97
강원도,2012,5.39783370404788,5.451812041088359,-0.3623123380808334,-0.37081941194400964,-0.0001916055423992482,0.97
강원도,2013,5.409900948767673,5.46399995825535,0.16093882126321252,0.12352228773203433,-0.0003318032554753682,0.97
강원도,2014,5.377199642057899,5.4309716384784785,-0.4361318493032131,-0.28563624390651854,-0.00045877301982140677,0.97
강원도,2015,5.393703308503856,5.447640341588894,0.22010663461369054,0.14085069908533743,-0.0005674529516091481,0.97
강원도,2016,5.503406087594465,5.539178946660466,1.4630875867779891,1.3026492441774205,-0.0006535103249175723,0.97
강원도,2017,5.51461885353826,5.569765042073643,0.14954278097425006,0.32257693011210203,-0.000713514303842618,0.97
강원도,2018,5.583725853469768,5.639563112004466,0.9216684809392554,0.6220037547623603,-0.0007450727190980484,0.97
강원도,2019,5.516353925025848,5.571517464276107,-0.8985281231770679,-0.7102246761322379,-0.0007469274362559682,0.97
충청북도,1995,5.75,5.8075,0.0,0.0,0.0,0.97
충청북도,1996,5.76,5.8176,0.07468368638937557,0.06621196110214304,0.00026601436056498614,0.97
충청북도,1997,5.77,5.827699999999999,0.07468368638937557,-0.011834682140316778,0.0005214235680311042,0.97
충청북도,1998,5.7,5.757000000000001,-0.5227858047256356,-0.34570305667788537,0.0007560452632870422,0.97
충청북도,1999,5.72,5.7772,0.14936737277875115,0.23095154718994076,0.0009605258197345195,0.97
충청북도,2000,5.67,5.7267,-0.3734184319468845,-0.3935229070017916,0.0011267132428636859,0.97
충청북도,2001,5.62,5.676200000000001,-0.3734184319468845,-0.28545553789846784,0.001247982164549121,0.97
충청북도,2002,5.607688049392148,5.663764929886069,-0.09195018580383499,0.06460105260142678,0.001319497975569439,0.97
충청북도,2003,5.573772174230034,5.629509895972334,-0.2532962584228574,0.10326447272961226,0.0013384095662204512,0.97
충청북도,2004,5.610749449669073,5.6668569441657635,0.27615992424228036,0.28766493135832666,0.001303962991061878,0.97
충청북도,2005,5.66,5.716600000000001,0.36782126554192096,0.3750977796648213,0.0012175315263428376,0.97
충청북도,2006,5.68,5.7368,0.14936737277875115,0.11043491833424438,0.0010825609218114182,0.97
충청북도,2007,5.7,5.757000000000001,0.14936737277875778,-0.025785625102664786,0.0009044320295459156,0.97
충청북도,2008,5.81,5.838813203824165,0.8215205502831445,0.6908600159986255,0.0006902462863627309,0.97
충청북도,2009,5.81,5.8681,0.0,0.03807126883608419,0.0004485426019403785,0.97
충청북도,2010,5.89,5.9489,0.5974694911150179,0.4480449370229188,0.00018895693943669578,0.97
충청북도,2011,5.824,5.8822399999999995,-0.49291233016988806,-0.23859174263155974,-7.816183995422472e-05,0.97
충청북도,2012,5.797315698437796,5.855288855422174,-0.19928820093912128,-0.21901706346721966,-0.00034216455344011947,0.97
충청북도,2013,5.895754806927009,5.897422322415621,0.7351795506858267,0.49843481844432913,-0.0005925262459430438,0.97
충청북도,2014,5.880025590086447,5.938825845987312,-0.11747158976710298,0.0035143688272467333,-0.0008192657868449146,0.97
충청북도,2015,5.90272292113727,5.961750150348643,0.16951203540755497,0.14915223419584994,-0.001013343786167971,0.97
충청북도,2016,5.942723612687515,6.00215084881439,0.2987399103096681,0.174579137243643,-0.0011670229665277463,0.97
충청북도,2017,6.012404210021725,6.072528252121943,0.5204003878732648,0.3616819956705555,-0.0012741766239659936,0.97
충청북도,2018,6.072324342317842,6.1330475857410205,0.4475056368813137,0.15340980439182206,-0.0013305328803035691,0.97
충청북도,2019,5.998878920394965,6.058867709598915,-0.5485174857623604,-0.5158371060139745,-0.001333844989442745,0.97
충청남도,1995,5.43,5.4843,0.0,0.0,0.0,0.97
충청남도,1996,5.51,5.5651,0.3320833142884433,0.17793745604270847,0.0004786011756615987,0.97
충청남도,1997,5.64,5.677622184884096,0.5396353857187194,0.41294819684113215,0.000938122032762916,0.97
충청남도,1998,5.58,5.6358,-0.2490624857163306,-0.26708615244830264,0.001360242924833242,0.97
충청남도,1999,5.59,5.6459,0.04151041428605449,0.10705671325765821,0.001728135223985237,0.97
충청남도,2000,5.61,5.6661,0.08302082857211265,0.13439204599236781,0.002027132225202996,0.97
충청남도,2001,5.65,5.7065,0.16604165714422164,0.20530332613306945,0.0022453138615875657,0.97
충청남도,2002,5.705471627694177,5.711450214673868,0.23026502467070875,0.27454142296600853,0.002373981919808262,0.97
충청남도,2003,5.763330279442768,5.820963582237196,0.24017366041166355,0.17740817990683616,0.0024080068104193617,0.97
충청남도,2004,5.878397861087292,5.936302198456045,0.477650298495867,0.5047140161641674,0.002346032068403954,0.97
충청남도,2005,5.89,5.9489,0.048160959287086864,-0.08077649806697423,0.0021905284311535835,0.97
충청남도,2006,5.92,5.9792,0.12453124285816715,0.07203333963795788,0.0019476953379653189,0.97
충청남도,2007,5.96,6.0196,0.16604165714422164,0.21130894590213362,0.0016272137779604371,0.97
충청남도,2008,6.07,6.085027255347408,0.4566145571466104,0.33449969463710905,0.0012418603395982896,0.97
충청남도,2009,6.04,6.1004000000000005,-0.12453124285816715,-0.2751512381893478,0.0008069978484132776,0.97
충청남도,2010,6.18,6.239975497074232,0.5811458000047739,0.5355859081270697,0.00033996289964100353,0.97
충청남도,2011,6.123,6.18423,-0.23660936143051353,-0.39438774570510515,-0.00014062529712499102,0.97
충청남도,2012,6.083162276462301,6.143993899226924,-0.16536804082632428,-0.2384772681175151,-0.000615607207063399,0.97
충청남도,2013,6.1968913703403,6.2175015167819385,0.4720941803253418,0.3737275049293285,-0.0010660468003170682,0.97
충청남도,2014,6.1869068255090784,6.2487758937641695,-0.04144625924016866,-0.1458634805568171,-0.001473986471747311,0.97
충청남도,2015,6.07179989142932,6.132517890343613,-0.47781365208484355,-0.4129499945844432,-0.001823162953982277,0.97
충청남도,2016,6.027118784444339,6.087389972288782,-0.1854731261706145,-0.2059919371734154,-0.002099655682565368,0.97
충청남도,2017,6.200247479163132,6.287128178909172,0.7186643842581136,0.6625703671516235,-0.0022924417649312374,0.97
충청남도,2018,6.155684619683548,6.217241465880384,-0.18498227587688176,-0.2706800057025762,-0.002393835428347618,0.97
충청남도,2019,6.049146422047075,6.109637886267546,-0.44224447211796386,-0.23105993625009996,-0.002399794427420309,0.97
전라북도,1995,5.16,5.2116,0.0,0.0,0.0,0.97
전라북도,1996,5.18,5.2318,0.19495669276730848,0.06554888598119699,0.00020380867973809934,0.97
전라북도,1997,5.35,5.420259932630875,1.6571318885221566,1.2720665457832996,0.0003994921505705212,0.97
전라북도,1998,5.37,5.4237,0.19495669276731714,0.19701492883947128,0.0005792491300300783,0.97
전라북도,1999,5.3,5.353,-0.682348424685597,-0.5427629591709443,0.000735913274601669,0.97
전라북도,2000,5.25,5.3025,-0.48739173191827984,-0.3581215698681199,0.0008632388792235211,0.97
전라북도,2001,5.28,5.332800000000001,0.29243503915097135,0.28041660395199397,0.0009561498738385415,0.97
전라북도,2002,5.251150742196841,5.303662249618809,-0.2812177945047771,-0.15979937453426918,0.0010109421902890277,0.97
전라북도,2003,5.224129955228206,5.276371254780488,-0.2633941631687543,-0.12652728268378471,0.0010254314318252514,0.97
전라북도,2004,5.220111539763884,5.272312655161524,-0.03917084945446125,-0.20079477358885758,0.00099903995811061,0.97
전라북도,2005,5.26,5.3126,0.3888261143606755,0.13212621824641735,0.0009328199139189942,0.97
전라북도,2006,5.3,5.353,0.3899133855346256,0.23748784307751608,0.0008294112834428903,0.97
전라북도,2007,5.27,5.322699999999999,-0.29243503915097135,-0.2606459390335681,0.000692936642454577,0.97
전라북도,2008,5.43,5.481871639884202,1.5596535421385025,1.0945378049695227,0.0005288368042196247,0.97
전라북도,2009,5.44,5.494400000000001,0.0974783463836629,0.19521472537084444,0.00034365391144147516,0.97
전라북도,2010,5.45,5.5045,0.09747834638365424,0.07180455606700398,0.00014477062167678303,0.97
전라북도,2011,5.479,5.53379,0.2826872045126025,0.13181609652691445,-5.9884215924047906e-05,0.97
전라북도,2012,5.461522048479017,5.516137268963807,-0.17037218124391632,-0.028734590837125124,-0.0002621516588115583,0.97
전라북도,2013,5.459346361706119,5.51393982532318,-0.02120823488708398,-0.057081053711825716,-0.00045396794232964904,0.97
전라북도,2014,5.44643785310316,5.500902231634192,-0.12583000728956667,-0.055076583604294446,-0.0006276859565657407,0.97
전라북도,2015,5.445465488101825,5.499920142982844,-0.009478453241146852,0.23317831685159648,-0.000776380112491134,0.97
전라북도,2016,5.510742148948407,5.515025767274691,0.6363060956771556,0.6387824763285415,-0.0008941224433406275,0.97
전라북도,2017,5.435990311585267,5.49035021470112,-0.7286685495298877,-0.4639176337451464,-0.0009762189339406627,0.97
전라북도,2018,5.409176391781355,5.463268155699169,-0.2613776562549306,-0.31721177622411345,-0.0010193966562814728,0.97
전라북도,2019,5.3615965135945665,5.4152124787305125,-0.463800784678398,-0.38682455591078535,-0.0010219342508285126,0.97
전라남도,1995,5.02,5.0702,0.0,0.0,0.0,0.97
전라남도,1996,5.05,5.1005,0.21017906747783466,0.0706847488812584,0.00028357152762039127,0.97
전라남도,1997,5.2,5.242712125583447,1.050895337389167,0.7027128586560542,0.00055583795329626,0.97
전라남도,1998,5.07,5.1207,-0.9107759590706085,-0.7418070334318638,0.0008059448738222996,0.97
전라남도,1999,4.99,5.0399,-0.5604775132742216,-0.5060903312667427,0.0010239213155351647,0.97
전라남도,2000,4.88,4.9288,-0.7706565807520562,-0.4767842667264645,0.0012010772455682028,0.97
전라남도,2001,4.9,4.949000000000001,0.1401193783185585,0.10455966477801303,0.001330350016038861,0.97
전라남도,2002,4.924807380473423,4.974055454278157,0.1737997364823919,0.18187452193698894,0.0014065859295322928,0.97
전라남도,2003,4.9350818299173795,4.984432648216553,0.07198247343263132,-0.09034851842021134,0.0014267457007538504,0.97
전라남도,2004,4.941888302169829,4.991307185191528,0.047685933027787286,-0.10088133015813662,0.0013900256232427684,0.97
전라남도,2005,5.01,5.0295257649869445,0.47718843780923953,0.5155007245023688,0.0012978896106125078,0.97
전라남도,2006,5.06,5.1106,0.3502984457963869,0.2233609348068366,0.0011540108349346356,0.97
전라남도,2007,5.1,5.151,0.2802387566371108,0.2603629493765783,0.0009641252889596964,0.97
전라남도,2008,5.26,5.335496758338115,1.1209550265484431,0.9428375069483972,0.0007358031101872209,0.97
전라남도,2009,5.24,5.292400000000001,-0.14011937831855228,-0.12035883797400079,0.00047814678337256645,0.97
전라남도,2010,5.21,5.2621,-0.21017906747783466,-0.07063690012483483,0.00020142825318427698,0.97
전라남도,2011,5.231,5.28331,0.1471253472344824,0.07867193224049121,-8.332058581486e-05,0.97
전라남도,2012,5.242031451810519,5.294451766328624,0.07728600848204968,-0.19126082312416642,-0.00036474769599087166,0.97
전라남도,2013,5.211545243324556,5.263660695757801,-0.21358542901714653,-0.308831987867154,-0.0006316334665556417,0.97
전라남도,2014,5.192041054243649,5.243961464786086,-0.13664574243121141,-0.1335476374159162,-0.0008733380040435052,0.97
전라남도,2015,5.265876971984006,5.318535741703846,0.5172921445679368,0.304938411500944,-0.0010802253112875949,0.97
전라남도,2016,5.289005447206776,5.341895501678843,0.16203737848353406,0.021379074470618348,-0.0012440474442187413,0.97
전라남도,2017,5.245728702940367,5.29818598996977,-0.3031955251130168,-0.05378283147274254,-0.001358273331367615,0.97
전라남도,2018,5.31874770344767,5.371935180482147,0.5115688478262786,0.30389495514624787,-0.0014183491470742206,0.97
전라남도,2019,5.355157312419889,5.408708885544089,0.25508458870045253,0.18915227566022036,-0.0014218798581465356,0.97
경상북도,1995,5.58,5.520852,0.0,0.0,0.0,0.97
경상북도,1996,5.55,5.4691072961140055,-0.37266455839029994,-0.2845292294100019,0.00015993149307237748,0.97
경상북도,1997,5.63,5.62743771919758,0.993772155707459,0.7275492623470401,0.0003134870222089705,0.97
경상북도,1998,5.68,5.64982838923536,0.6211075973171591,0.3790098546486778,0.0004545448130355966,0.97
경상북도,1999,5.69,5.638269399240593,0.12422151946344066,0.1027483871144598,0.0005774813365655977,0.97
경상북도,2000,5.62,5.499132724805472,-0.8695506362440294,-0.7933829800123559,0.0006773955015544667,0.97
경상북도,2001,5.66,5.632198894906236,0.4968860778537295,0.40297845081229716,0.0007503040455414776,0.97
경상북도,2002,5.670322832498297,5.626680958190945,0.12823179381048855,0.2009833288012149,0.0007933003349540836,0.97
경상북도,2003,5.697932353878616,5.6646503674889175,0.34296966975213905,0.33726227600836783,0.0008046702434160409,0.97
경상북도,2004,5.748594103880167,5.734616935319781,0.6293279563869254,0.5916208313072004,0.0007839604885567929,0.97
경상북도,2005,5.81,5.805047067849271,0.7627933720019244,0.7161694731659801,0.0007319967029491668,0.97
경상북도,2006,5.81,5.753732783031377,0.0,0.060029191616867844,0.0006508505187441306,0.97
경상북도,2007,5.7,5.545226628981428,-1.366436714097748,-1.2150761899935514,0.0005437569782343471,0.97
경상북도,2008,5.8,5.823222108677134,1.2422151946343183,1.0795691761405966,0.0004149855629267318,0.97
경상북도,2009,5.73,5.615996399273686,-0.8695506362440184,-0.6854873925691124,0.0002696699827878992,0.97
경상북도,2010,5.84,5.8547468909055205,1.366436714097748,0.9802063397657439,0.0001136035114281543,0.97
경상북도,2011,5.813,5.742220235336875,-0.33539810255126884,-0.11674751338258768,-4.699197343562038e-05,0.97
경상북도,2012,5.787607837124743,5.697995223401269,-0.31542530548273146,-0.35940266941342836,-0.0002057140366102643,0.97
경상북도,2013,5.780153873073142,5.70145194194407,-0.09259427405156964,-0.21881879587596872,-0.0003562349303134385,0.97
경상북도,2014,5.773867510566941,5.71742740409044,-0.07809015024182749,0.06711376710002562,-0.0004925538615093458,0.97
경상북도,2015,5.694672793531781,5.574722332886668,-0.9837688083584072,-0.7555225796575247,-0.0006092362245904681,0.97
경상북도,2016,5.688774607295528,5.6002848395205165,-0.07326816563456835,-0.35227911017111074,-0.0007016302619532506,0.97
경상북도,2017,5.664487124812413,5.575149608723081,-0.30170279779940357,-0.3656323605887391,-0.0007660525148942847,0.97
경상북도,2018,5.643550165903785,5.570307873094991,-0.26008208485732026,-0.1619326680936961,-0.0007999346714849858,0.97
경상북도,2019,5.567636064556956,5.438679265365388,-0.9430165018004167,-0.8857120957750813,-0.000801925957063411,0.97
경상남도,1995,6.13,6.065022,0.0,0.0,0.0,0.97
경상남도,1996,6.1,6.014368309512406,-0.12569908977734104,-0.09257509211834727,0.00047415458094480747,0.97
경상남도,1997,6.85,6.987,3.1424772444334996,2.356571808763177,0.0009294061150286509,0.97
경상남도,1998,5.76,4.869147212093338,-4.567066928576685,-3.5900004089273443,0.0013476051602168992,0.97
경상남도,1999,5.72,5.641337008713188,-0.16759878636978678,-0.08505944381399147,0.0017120794402812978,0.97
경상남도,2000,5.65,5.524308556326806,-0.2932978761471241,-0.29264775368846985,0.002008298515840781,0.97
경상남도,2001,5.66,5.624254063411516,0.041899696592445766,0.09542912453106005,0.0022244530671261396,0.97
경상남도,2002,5.674231434079187,5.580018383507196,0.0596292769993319,-0.15700535646410127,0.002351925694292758,0.97
경상남도,2003,5.696616939789814,5.658363893525704,0.09379458973437546,0.08560076855011862,0.002385634465958639,0.97
경상남도,2004,5.732104979284626,5.707992106876317,0.14869380874934168,0.14856220745215393,0.002324235519771646,0.97
경상남도,2005,5.78,5.797882006206079,0.20067868362631133,0.33279993762091553,0.0021701766379606732,0.97
경상남도,2006,5.79,5.7553520582950695,0.041899696592445766,0.10735975077370719,0.0019295996619826104,0.97
경상남도,2007,5.82,5.805737766839511,0.12569908977734104,0.19812091871263082,0.0016120956366851536,0.97
경상남도,2008,5.92,5.955568094489623,0.4189969659244651,0.41954417474115757,0.0012303224456150228,0.97
경상남도,2009,5.85,5.726912173802793,-0.2932978761471278,-0.26717899347981977,0.0007995001811452106,0.97
경상남도,2010,5.91,5.875779169284861,0.2513981795546821,0.12137292039616916,0.0003368043674218567,0.97
경상남도,2011,5.868,5.774614394909427,-0.17597872568827522,-0.1341207814100135,-0.00013931877358296506,0.97
경상남도,2012,5.845373350961188,5.76896800330258,-0.09480497296300283,-0.05983794612021601,-0.0006098877147308474,0.97
경상남도,2013,5.835327489293665,5.769276223494857,-0.042091855587890276,-0.013703085519216077,-0.0010561423573043878,0.97
경상남도,2014,5.805683361312627,5.700920251564757,-0.12420799681531318,-0.18058502688421518,-0.0014602919369421403,0.97
경상남도,2015,5.814981917656886,5.7652958192504,0.03896066895722185,0.059198428987498844,-0.0018062242852716944,0.97
경상남도,2016,5.775505246268631,5.640525740334809,-0.16540605536475977,-0.30989104840638576,-0.0020801481712178047,0.97
경상남도,2017,5.726039464728125,5.5941943773599485,-0.20726012382554393,-0.297816392219595,-0.002271143113864608,0.97
경상남도,2018,5.710521869049053,5.651640586399147,-0.06501825507973905,0.0170652542827546,-0.00237159474756817,0.97
경상남도,2019,5.618926542255558,5.504896147268601,-0.3837816401933451,-0.22532361050291722,-0.0023774983826861914,0.97
제주도,1995,5.59,5.6459,0.0,0.0,0.0,0.97
제주도,1996,5.6,5.656,0.05603070576714633,0.11089365675987473,0.0003545722440489889,0.97
제주도,1997,5.6,5.656,0.0,0.20666353054260023,0.0006950088116451643,0.97
제주도,1998,5.69,5.718780381226334,0.504276351904332,0.5089949216576724,0.0010077375711481796,0.97
제주도,1999,5.63,5.6863,-0.33618423460288793,-0.2276963537645881,0.0012802910137893178,0.97
제주도,2000,5.63,5.6863,0.0,-0.04133157867122589,0.0015018032939026018,0.97
제주도,2001,5.64,5.6964,0.05603070576714633,0.007867806788372261,0.0016634434159023366,0.97
제주도,2002,5.675544394496291,5.7322998384412545,0.19915775096931232,0.1366615900877082,0.0017587672982092952,0.97
제주도,2003,5.645999693750416,5.70245969068792,-0.16554104344705528,-0.25170342290972225,0.0017839746784478036,0.97
제주도,2004,5.579509036343355,5.635304126706789,-0.3725518461439253,-0.2720446860687633,0.0017380606179142422,0.97
제주도,2005,5.63,5.6863,0.28290443285452194,0.08775395712807582,0.0016228555653118866,0.97
제주도,2006,5.63,5.6863,0.0,0.06644152436112402,0.001442952382537426,0.97
제주도,2007,5.6,5.656,-0.16809211730144397,-0.15065289740640023,0.0012055232417707558,0.97
제주도,2008,5.76,5.837376225938473,0.8964912922743612,0.7944795553797146,0.0009200336936032635,0.97
제주도,2009,5.8,5.858,0.2241228230685903,0.29246707476526107,0.0005978653054060194,0.97
제주도,2010,5.75,5.8075,-0.28015352883573663,-0.24574185427872844,0.0002518619141553096,0.97
제주도,2011,5.734,5.79134,-0.08964912922743612,-0.09497991736119267,-0.0001041824168165424,0.97
제주도,2012,5.8043479137704725,5.862391392908178,0.39416432578060134,0.287239486816366,-0.0004560733235965466,0.97
제주도,2013,5.84715676548898,5.90562833314387,0.23986101748691266,0.3217667046160693,-0.0007897820261873542,0.97
제주도,2014,5.941512954676389,5.9578117276990366,0.528684387366903,0.4640616403377064,-0.0010920046116953783,0.97
제주도,2015,6.107897520420529,6.166131607725172,0.9322644647404538,0.7179322502009298,-0.001350692419354932,0.97
제주도,2016,6.058856664817833,6.1194452314660115,-0.27477937508438277,-0.07769601371949852,-0.0015555323826112128,0.97
제주도,2017,6.149124540559843,6.210615785965441,0.5057772785925965,0.31020710056105005,-0.0016983581785390768,0.97
제주도,2018,6.026783273353946,6.087051106087485,-0.6854867545993589,-0.46945218931039223,-0.0017734757933677416,0.97
제주도,2019,6.032260219086799,6.092582821277667,0.030687713486015546,0.05203884552228294,-0.0017778905248413304,0.97
울산광역시,1998,6.68,6.8136,0.0,0.0,0.0008209849070185712,1.03
울산광역시,1999,6.74,6.8748000000000005,0.4126573840039675,0.20819355044130647,0.0010430290871411597,1.03
울산광역시,2000,6.69,6.999368735261576,-0.34388115333663555,-0.20302650115974716,0.0012234909890280503,1.03
울산광역시,2001,6.61,6.8464643276038295,-0.5502098453386193,-0.6637073448890809,0.0013551761661314747,1.03
울산광역시,2002,6.446762396089459,6.62841745549299,-1.1226867100133229,-0.9750662471724365,0.0014328347459969268,1.03
울산광역시,2003,6.361794858076777,6.628003920079323,-0.5843746993595075,-0.38190659420670703,0.0014533707261109902,1.03
울산광역시,2004,6.376036209358386,6.503556933545553,0.09794664607583384,-0.03033368913573556,0.0014159654017515512,1.03
울산광역시,2005,6.37,6.4974,-0.04151477271886128,0.015898559486704864,0.0013221100051614928,1.03
울산광역시,2006,6.39,6.517799999999999,0.13755246133465177,-0.02412654208921529,0.0011755462548250295,1.03
울산광역시,2007,6.45,6.579000000000001,0.4126573840039675,0.03646083123061733,0.000982117184959417,1.03
울산광역시,2008,6.5,6.63,0.34388115333663555,0.34493797351480243,0.0007495342021794702,1.03
울산광역시,2009,6.4,6.669737886482136,-0.6877623066732711,-0.364606137704918,0.00048706965605057977,1.03
울산광역시,2010,6.42,6.5484,0.13755246133465177,0.13537197008010818,0.000205187179772135,1.03
울산광역시,2011,6.484,6.6136800000000004,0.44016787627089543,0.2518413640481688,-8.487546185823636e-05,1.03
울산광역시,2012,6.50036305188226,6.630370312919906,0.11253890306757858,0.01256938867955032,-0.00037155438666432807,1.03
울산광역시,2013,6.466081625031452,6.767986569680884,-0.23577473206962832,-0.16436893030924699,-0.000643420610581782,1.03
울산광역시,2014,6.406550420550768,6.696283562387687,-0.4094331851267396,-0.22383648070622053,-0.000889635685186491,1.03
울산광역시,2015,6.368229345752825,6.65544410293873,-0.26355790797232176,-0.22625545235511152,-0.0011003837924305625,1.03
울산광역시,2016,6.287760218419633,6.546120706448658,-0.5534363263066142,-0.3905882137743064,-0.0012672630703322862,1.03
울산광역시,2017,6.223326428523714,6.463384169810313,-0.4431513196651806,-0.490230607463641,-0.001383620568699735,1.03
울산광역시,2018,6.216994586764886,6.504114618364509,-0.04354802093541897,-0.17342115186575408,-0.0014448174812603167,1.03
울산광역시,2019,6.173542322088375,6.475680852730645,-0.29884829784094946,-0.05843204754754791,-0.0014484140802282668,1.03
