id,region,year,housing_satisfaction,education_access,healthcare_access,cultural_facilities,public_transport,safety_index,created_at
1,서울특별시,1997,76.14,76.01,81.97,59.89,91.99,78.54,2025-08-25 08:00:10
2,부산광역시,1997,52.8,88.76,77.46,74.58,79.25,79.55,2025-08-25 08:00:10
3,대구광역시,1997,60.6,68.89,82.87,48.67,89.61,73.83,2025-08-25 08:00:10
4,인천광역시,1997,79.42,55.82,77.78,68.92,74.86,75.82,2025-08-25 08:00:10
5,광주광역시,1997,77.28,76.23,87.05,70.57,77.28,90.07,2025-08-25 08:00:10
6,대전광역시,1997,66.14,62.46,86.23,43.4,81.06,77.47,2025-08-25 08:00:10
7,울산광역시,1997,47.56,64.65,77.73,69.4,94.83,82.23,2025-08-25 08:00:10
8,세종특별자치시,1997,62.64,88.1,76.96,81.9,93.62,67.36,2025-08-25 08:00:10
9,경기도,1997,53.58,79.12,78.7,49.19,94.24,91.87,2025-08-25 08:00:10
10,강원도,1997,63.95,74.86,83.55,72.08,89.16,56.73,2025-08-25 08:00:10
11,충청북도,1997,67.26,79.87,85.43,77.8,76.7,76.14,2025-08-25 08:00:10
12,충청남도,1997,71.49,81.47,78.03,46.47,92.07,67.67,2025-08-25 08:00:10
13,전라북도,1997,68.72,81.45,73.66,69.47,84.16,76.99,2025-08-25 08:00:10
14,전라남도,1997,52.74,76.17,67.2,68.71,81.72,68.92,2025-08-25 08:00:10
15,경상북도,1997,61.73,69.34,83.78,68.76,84.3,63.95,2025-08-25 08:00:10
16,경상남도,1997,69.16,82.71,79.86,57.91,89.7,75.2,2025-08-25 08:00:10
17,제주특별자치도,1997,75.35,88.68,84.65,64.18,86.09,77.49,2025-08-25 08:00:10
18,서울특별시,1998,75.66,83.12,83.41,54.05,80.84,87.81,2025-08-25 08:00:11
19,부산광역시,1998,68.52,76.38,79.1,72.76,90.87,82.38,2025-08-25 08:00:11
20,대구광역시,1998,57.04,83.72,81.1,68.4,84.2,67.19,2025-08-25 08:00:11
21,인천광역시,1998,76.79,65.03,77.27,73.61,81.15,83.03,2025-08-25 08:00:11
22,광주광역시,1998,69.62,69.26,81.26,59.95,84.06,74.67,2025-08-25 08:00:11
23,대전광역시,1998,79.11,67.03,74.81,69.95,88.74,75.27,2025-08-25 08:00:11
24,울산광역시,1998,79.66,77.57,82.96,80.9,85.06,90.71,2025-08-25 08:00:11
25,세종특별자치시,1998,86.1,84.02,89.21,62.57,77.94,76.55,2025-08-25 08:00:11
26,경기도,1998,71.77,84.52,78.34,42.81,82.68,75.07,2025-08-25 08:00:11
27,강원도,1998,74.92,85.17,97.25,69.27,86.6,67.68,2025-08-25 08:00:11
28,충청북도,1998,71.14,80.67,90.45,70.39,88.01,83.13,2025-08-25 08:00:11
29,충청남도,1998,71.21,69.77,67.03,68.58,88.21,65.57,2025-08-25 08:00:11
30,전라북도,1998,89.15,68.67,70.17,72.86,84.28,81.07,2025-08-25 08:00:11
31,전라남도,1998,74.05,88.51,92.91,69.63,80.61,62.47,2025-08-25 08:00:11
32,경상북도,1998,65.14,77.84,79.84,78.47,88.22,71.52,2025-08-25 08:00:11
33,경상남도,1998,41.57,74.53,92.25,66.92,84.3,73.5,2025-08-25 08:00:11
34,제주특별자치도,1998,74.98,80.77,77.96,71.25,78.36,76.27,2025-08-25 08:00:11
35,서울특별시,1999,68.26,70.51,87.08,60.2,88.73,63.04,2025-08-25 08:00:12
36,부산광역시,1999,71.96,78.02,85.6,72.12,82.9,77.41,2025-08-25 08:00:12
37,대구광역시,1999,47.8,68.84,63.67,59.97,86.17,70.59,2025-08-25 08:00:12
38,인천광역시,1999,72.32,78.38,81.99,66.5,78.91,80.72,2025-08-25 08:00:12
39,광주광역시,1999,64.52,49.24,78.34,57.87,84.42,82.44,2025-08-25 08:00:12
40,대전광역시,1999,63.51,70.85,91.1,54.4,81.48,82.16,2025-08-25 08:00:12
41,울산광역시,1999,62.44,79.48,65.99,85.16,86.16,74.73,2025-08-25 08:00:12
42,세종특별자치시,1999,76.35,74.79,94.71,50.54,84.73,76.07,2025-08-25 08:00:12
43,경기도,1999,77.96,76.11,80.57,59.75,92.22,64.76,2025-08-25 08:00:12
44,강원도,1999,66.35,75.41,84.73,59.66,79.26,79.17,2025-08-25 08:00:12
45,충청북도,1999,64.05,72.78,78.13,32.88,83.0,63.7,2025-08-25 08:00:12
46,충청남도,1999,65.18,73.16,68.39,53.22,83.33,73.65,2025-08-25 08:00:12
47,전라북도,1999,64.16,63.91,92.35,55.75,75.19,84.79,2025-08-25 08:00:12
48,전라남도,1999,80.77,64.56,77.2,64.74,86.37,70.55,2025-08-25 08:00:12
49,경상북도,1999,74.48,65.18,72.31,62.71,77.95,73.41,2025-08-25 08:00:12
50,경상남도,1999,71.46,74.18,87.99,64.64,87.36,74.6,2025-08-25 08:00:12
51,제주특별자치도,1999,65.1,77.24,82.44,76.73,82.16,71.83,2025-08-25 08:00:12
52,서울특별시,2000,77.53,83.35,75.38,65.11,97.17,62.81,2025-08-25 08:00:13
53,부산광역시,2000,70.94,77.38,86.53,56.92,78.07,65.97,2025-08-25 08:00:13
54,대구광역시,2000,87.14,73.49,79.3,70.65,93.84,76.39,2025-08-25 08:00:13
55,인천광역시,2000,52.99,82.92,84.33,50.9,93.59,56.03,2025-08-25 08:00:13
56,광주광역시,2000,74.48,78.1,87.36,56.72,96.2,62.95,2025-08-25 08:00:13
57,대전광역시,2000,89.34,91.9,72.46,22.41,86.55,80.51,2025-08-25 08:00:13
58,울산광역시,2000,69.39,70.83,69.87,54.34,93.74,95.8,2025-08-25 08:00:13
59,세종특별자치시,2000,67.5,72.45,64.65,62.33,90.4,74.14,2025-08-25 08:00:13
60,경기도,2000,57.63,83.06,91.26,56.67,74.38,70.68,2025-08-25 08:00:13
61,강원도,2000,79.55,82.74,81.32,51.27,78.42,57.33,2025-08-25 08:00:13
62,충청북도,2000,81.65,63.09,82.15,55.45,70.37,69.84,2025-08-25 08:00:13
63,충청남도,2000,56.83,67.74,77.58,73.37,84.74,67.43,2025-08-25 08:00:13
64,전라북도,2000,70.38,81.01,71.0,71.71,95.93,76.61,2025-08-25 08:00:13
65,전라남도,2000,55.88,80.71,81.32,70.22,100.9,71.54,2025-08-25 08:00:13
66,경상북도,2000,74.17,67.64,78.09,60.18,86.86,75.99,2025-08-25 08:00:13
67,경상남도,2000,72.31,72.92,80.85,50.69,79.75,65.99,2025-08-25 08:00:13
68,제주특별자치도,2000,49.56,75.07,84.96,53.07,84.44,61.53,2025-08-25 08:00:13
69,서울특별시,2001,73.22,82.22,83.74,73.64,82.75,79.71,2025-08-25 08:00:14
70,부산광역시,2001,63.65,70.62,79.85,65.0,83.78,59.8,2025-08-25 08:00:14
71,대구광역시,2001,63.89,80.41,63.2,48.61,79.82,72.18,2025-08-25 08:00:14
72,인천광역시,2001,71.4,81.88,79.85,52.7,85.7,82.96,2025-08-25 08:00:14
73,광주광역시,2001,79.45,77.08,89.27,57.78,88.24,70.63,2025-08-25 08:00:14
74,대전광역시,2001,76.69,89.36,78.22,58.24,74.86,83.98,2025-08-25 08:00:14
75,울산광역시,2001,73.45,74.69,86.04,76.23,94.96,70.75,2025-08-25 08:00:14
76,세종특별자치시,2001,86.82,77.44,97.48,69.43,94.32,81.13,2025-08-25 08:00:14
77,경기도,2001,72.87,60.34,75.42,77.44,88.41,86.65,2025-08-25 08:00:14
78,강원도,2001,76.87,78.32,72.22,64.54,89.22,72.3,2025-08-25 08:00:14
79,충청북도,2001,56.93,62.78,83.64,81.36,80.62,76.98,2025-08-25 08:00:14
80,충청남도,2001,79.93,75.81,86.26,47.16,94.03,78.79,2025-08-25 08:00:14
81,전라북도,2001,66.18,79.89,67.54,65.06,93.0,63.53,2025-08-25 08:00:14
82,전라남도,2001,66.51,69.43,70.45,59.05,85.97,74.88,2025-08-25 08:00:14
83,경상북도,2001,68.67,75.9,100.99,68.07,85.02,79.44,2025-08-25 08:00:14
84,경상남도,2001,75.73,69.29,82.36,65.31,91.96,89.65,2025-08-25 08:00:14
85,제주특별자치도,2001,65.55,81.45,79.7,73.8,91.89,72.64,2025-08-25 08:00:14
86,서울특별시,2002,80.41,73.04,77.3,58.62,84.73,62.95,2025-08-25 08:00:15
87,부산광역시,2002,76.23,72.94,92.19,69.37,91.88,86.57,2025-08-25 08:00:15
88,대구광역시,2002,72.92,65.8,78.72,75.2,85.74,75.55,2025-08-25 08:00:15
89,인천광역시,2002,80.0,76.4,69.06,53.74,80.51,78.72,2025-08-25 08:00:15
90,광주광역시,2002,66.95,68.95,68.85,63.41,77.51,76.53,2025-08-25 08:00:15
91,대전광역시,2002,57.84,82.77,78.72,72.62,84.66,79.65,2025-08-25 08:00:15
92,울산광역시,2002,54.22,64.1,80.01,69.45,87.08,71.64,2025-08-25 08:00:15
93,세종특별자치시,2002,71.7,58.32,62.76,60.23,91.44,81.65,2025-08-25 08:00:15
94,경기도,2002,68.59,74.04,74.49,60.16,86.1,81.42,2025-08-25 08:00:15
95,강원도,2002,64.76,77.4,81.08,81.89,69.25,84.09,2025-08-25 08:00:15
96,충청북도,2002,61.16,88.03,76.15,26.13,92.57,87.31,2025-08-25 08:00:15
97,충청남도,2002,46.8,68.62,71.59,61.1,76.21,78.16,2025-08-25 08:00:15
98,전라북도,2002,69.23,67.43,69.73,62.85,89.1,62.64,2025-08-25 08:00:15
99,전라남도,2002,87.81,73.78,73.87,63.68,89.12,71.02,2025-08-25 08:00:15
100,경상북도,2002,67.25,81.13,75.8,73.9,96.22,84.8,2025-08-25 08:00:15
101,경상남도,2002,76.77,71.77,79.05,72.03,89.69,64.35,2025-08-25 08:00:15
102,제주특별자치도,2002,49.04,72.95,69.29,41.42,81.63,83.15,2025-08-25 08:00:15
103,서울특별시,2003,83.57,63.93,77.93,48.5,100.92,69.37,2025-08-25 08:00:16
104,부산광역시,2003,67.11,73.22,77.78,76.1,87.63,74.03,2025-08-25 08:00:16
105,대구광역시,2003,74.7,57.35,80.42,84.27,82.34,62.14,2025-08-25 08:00:16
106,인천광역시,2003,61.78,80.25,77.55,55.33,86.18,76.88,2025-08-25 08:00:16
107,광주광역시,2003,59.78,74.35,87.67,53.28,85.68,84.09,2025-08-25 08:00:16
108,대전광역시,2003,85.6,59.58,77.83,40.75,83.54,70.65,2025-08-25 08:00:16
109,울산광역시,2003,63.8,83.78,72.06,68.98,82.61,69.05,2025-08-25 08:00:16
110,세종특별자치시,2003,61.2,88.06,86.07,46.51,86.43,87.23,2025-08-25 08:00:16
111,경기도,2003,76.16,60.53,76.48,64.78,89.33,72.15,2025-08-25 08:00:16
112,강원도,2003,54.65,86.52,75.25,83.45,88.63,61.74,2025-08-25 08:00:16
113,충청북도,2003,73.69,67.22,77.93,63.38,79.33,68.92,2025-08-25 08:00:16
114,충청남도,2003,76.74,71.33,82.38,61.82,90.61,78.72,2025-08-25 08:00:16
115,전라북도,2003,76.84,79.6,81.15,86.39,80.92,82.81,2025-08-25 08:00:16
116,전라남도,2003,64.79,91.2,71.83,55.04,84.16,78.76,2025-08-25 08:00:16
117,경상북도,2003,81.08,73.26,86.16,24.35,88.68,65.46,2025-08-25 08:00:16
118,경상남도,2003,85.95,80.48,69.88,57.23,82.3,82.84,2025-08-25 08:00:16
119,제주특별자치도,2003,73.84,76.66,88.33,69.38,90.6,77.49,2025-08-25 08:00:16
120,서울특별시,2004,44.71,59.96,74.86,38.89,87.28,68.9,2025-08-25 08:00:17
121,부산광역시,2004,53.45,75.84,91.88,71.82,87.77,72.5,2025-08-25 08:00:17
122,대구광역시,2004,77.22,73.9,68.83,55.31,79.75,66.87,2025-08-25 08:00:17
123,인천광역시,2004,76.34,81.08,77.64,48.83,90.88,83.45,2025-08-25 08:00:17
124,광주광역시,2004,94.35,86.41,79.48,74.16,83.09,85.68,2025-08-25 08:00:17
125,대전광역시,2004,73.66,75.84,68.82,55.92,92.02,81.45,2025-08-25 08:00:17
126,울산광역시,2004,67.83,61.33,84.48,59.99,90.96,84.86,2025-08-25 08:00:17
127,세종특별자치시,2004,49.1,76.41,74.5,69.93,72.46,69.96,2025-08-25 08:00:17
128,경기도,2004,72.08,77.89,82.77,42.46,79.84,80.4,2025-08-25 08:00:17
129,강원도,2004,78.47,86.82,81.86,58.37,75.55,63.97,2025-08-25 08:00:17
130,충청북도,2004,81.3,67.62,83.44,64.19,84.69,69.51,2025-08-25 08:00:17
131,충청남도,2004,65.26,67.5,68.49,56.8,81.67,57.1,2025-08-25 08:00:17
132,전라북도,2004,78.09,82.07,93.45,83.13,85.14,79.37,2025-08-25 08:00:17
133,전라남도,2004,54.02,78.95,91.62,67.58,94.2,74.2,2025-08-25 08:00:17
134,경상북도,2004,60.41,67.94,77.53,78.69,81.94,81.75,2025-08-25 08:00:17
135,경상남도,2004,61.02,80.86,86.31,45.69,91.64,82.3,2025-08-25 08:00:17
136,제주특별자치도,2004,72.69,83.02,82.65,71.31,78.41,82.79,2025-08-25 08:00:17
137,서울특별시,2005,83.54,79.78,83.14,61.03,76.95,66.24,2025-08-25 08:00:18
138,부산광역시,2005,66.17,78.49,90.94,76.45,93.78,60.67,2025-08-25 08:00:18
139,대구광역시,2005,82.01,86.9,68.33,59.79,81.92,74.53,2025-08-25 08:00:18
140,인천광역시,2005,85.72,75.34,75.78,63.1,71.75,64.74,2025-08-25 08:00:18
141,광주광역시,2005,83.7,71.31,93.94,57.15,87.88,71.0,2025-08-25 08:00:18
142,대전광역시,2005,74.16,90.77,100.4,54.14,84.2,72.18,2025-08-25 08:00:18
143,울산광역시,2005,84.8,87.67,75.33,63.29,84.42,73.72,2025-08-25 08:00:18
144,세종특별자치시,2005,63.58,74.02,89.39,65.4,90.27,77.51,2025-08-25 08:00:18
145,경기도,2005,94.33,70.93,75.56,56.64,88.76,73.44,2025-08-25 08:00:18
146,강원도,2005,64.67,71.98,75.07,83.68,89.21,73.66,2025-08-25 08:00:18
147,충청북도,2005,58.49,78.32,77.5,54.45,87.21,82.87,2025-08-25 08:00:18
148,충청남도,2005,64.22,73.75,87.61,68.55,84.33,79.79,2025-08-25 08:00:18
149,전라북도,2005,66.97,81.62,74.94,55.35,81.35,80.67,2025-08-25 08:00:18
150,전라남도,2005,71.13,80.53,87.79,44.5,77.38,74.96,2025-08-25 08:00:18
151,경상북도,2005,64.82,77.04,76.6,64.52,76.31,80.52,2025-08-25 08:00:18
152,경상남도,2005,57.0,66.08,78.95,42.31,86.69,71.93,2025-08-25 08:00:18
153,제주특별자치도,2005,76.33,87.9,81.9,51.31,94.56,80.79,2025-08-25 08:00:18
154,서울특별시,2006,66.76,77.34,81.91,59.53,89.77,70.24,2025-08-25 08:00:19
155,부산광역시,2006,66.18,86.7,81.97,58.77,77.6,71.65,2025-08-25 08:00:19
156,대구광역시,2006,60.47,76.83,88.3,53.68,84.21,69.85,2025-08-25 08:00:19
157,인천광역시,2006,74.9,71.84,78.07,64.63,81.02,77.36,2025-08-25 08:00:19
158,광주광역시,2006,55.04,77.59,84.22,71.3,85.91,78.9,2025-08-25 08:00:19
159,대전광역시,2006,79.19,75.93,78.01,49.62,90.46,76.78,2025-08-25 08:00:19
160,울산광역시,2006,84.95,69.88,80.99,67.75,78.68,79.03,2025-08-25 08:00:19
161,세종특별자치시,2006,73.61,93.27,84.41,78.67,90.08,84.36,2025-08-25 08:00:19
162,경기도,2006,69.12,92.65,75.71,58.16,77.01,72.54,2025-08-25 08:00:19
163,강원도,2006,89.12,77.89,81.49,74.66,90.14,71.56,2025-08-25 08:00:19
164,충청북도,2006,77.98,69.02,72.22,50.09,81.99,74.17,2025-08-25 08:00:19
165,충청남도,2006,78.84,66.73,91.08,66.58,81.24,72.52,2025-08-25 08:00:19
166,전라북도,2006,71.32,72.35,82.27,50.52,87.1,80.46,2025-08-25 08:00:19
167,전라남도,2006,72.58,69.56,64.61,78.27,92.57,69.75,2025-08-25 08:00:19
168,경상북도,2006,56.57,66.92,78.54,65.93,81.38,66.02,2025-08-25 08:00:19
169,경상남도,2006,64.31,73.43,81.96,79.89,83.23,74.58,2025-08-25 08:00:19
170,제주특별자치도,2006,77.39,80.63,75.36,54.18,94.0,83.27,2025-08-25 08:00:19
171,서울특별시,2007,80.5,74.0,78.69,66.99,90.04,62.76,2025-08-25 08:00:20
172,부산광역시,2007,66.53,84.7,72.34,88.89,85.06,66.13,2025-08-25 08:00:20
173,대구광역시,2007,63.27,62.57,80.36,80.37,82.78,72.76,2025-08-25 08:00:20
174,인천광역시,2007,69.41,77.71,91.39,70.98,92.93,72.32,2025-08-25 08:00:20
175,광주광역시,2007,79.41,64.42,75.3,58.06,83.83,75.91,2025-08-25 08:00:20
176,대전광역시,2007,53.69,83.57,88.64,98.85,76.53,80.43,2025-08-25 08:00:20
177,울산광역시,2007,51.57,73.12,93.46,65.51,93.37,72.69,2025-08-25 08:00:20
178,세종특별자치시,2007,63.01,76.97,81.35,50.48,79.5,67.03,2025-08-25 08:00:20
179,경기도,2007,79.85,76.21,81.38,60.93,78.39,70.26,2025-08-25 08:00:20
180,강원도,2007,65.24,63.41,85.89,58.52,87.31,76.53,2025-08-25 08:00:20
181,충청북도,2007,67.82,94.39,75.82,81.95,89.54,67.03,2025-08-25 08:00:20
182,충청남도,2007,74.28,80.5,74.06,69.46,80.07,69.59,2025-08-25 08:00:20
183,전라북도,2007,72.48,67.62,73.19,65.26,83.95,81.62,2025-08-25 08:00:20
184,전라남도,2007,71.79,85.09,75.61,53.44,78.43,77.45,2025-08-25 08:00:20
185,경상북도,2007,66.69,62.53,78.25,42.53,86.08,72.88,2025-08-25 08:00:20
186,경상남도,2007,65.4,79.6,70.93,46.05,82.77,65.91,2025-08-25 08:00:20
187,제주특별자치도,2007,62.3,78.44,76.86,62.3,78.66,70.97,2025-08-25 08:00:20
188,서울특별시,2008,56.75,64.39,70.26,47.2,89.05,85.62,2025-08-25 08:00:21
189,부산광역시,2008,63.07,76.47,78.37,68.25,88.55,68.6,2025-08-25 08:00:22
190,대구광역시,2008,81.16,93.1,85.63,82.51,71.77,55.94,2025-08-25 08:00:22
191,인천광역시,2008,46.08,63.67,75.78,60.71,88.44,78.14,2025-08-25 08:00:22
192,광주광역시,2008,83.87,74.4,77.36,38.28,88.16,72.1,2025-08-25 08:00:22
193,대전광역시,2008,59.18,82.7,69.01,65.54,86.38,73.96,2025-08-25 08:00:22
194,울산광역시,2008,69.4,81.28,81.38,50.38,77.62,73.51,2025-08-25 08:00:22
195,세종특별자치시,2008,60.59,70.25,75.94,73.47,75.58,84.82,2025-08-25 08:00:22
196,경기도,2008,72.13,76.08,67.04,54.39,79.58,71.53,2025-08-25 08:00:22
197,강원도,2008,70.47,77.72,82.1,74.63,95.16,71.99,2025-08-25 08:00:22
198,충청북도,2008,62.27,75.15,75.39,62.91,81.84,82.4,2025-08-25 08:00:22
199,충청남도,2008,77.49,72.77,81.21,83.37,87.59,89.69,2025-08-25 08:00:22
200,전라북도,2008,64.19,67.45,93.73,52.9,79.68,70.41,2025-08-25 08:00:22
201,전라남도,2008,81.42,67.98,70.77,86.26,91.32,83.65,2025-08-25 08:00:22
202,경상북도,2008,75.81,68.96,76.5,56.41,91.62,52.65,2025-08-25 08:00:22
203,경상남도,2008,52.98,79.53,84.76,67.98,89.79,76.87,2025-08-25 08:00:22
204,제주특별자치도,2008,61.06,65.79,72.64,64.11,84.22,67.03,2025-08-25 08:00:22
205,서울특별시,2009,82.37,64.67,80.6,68.57,81.85,67.47,2025-08-25 08:00:23
206,부산광역시,2009,63.62,73.2,75.87,62.04,93.88,72.52,2025-08-25 08:00:23
207,대구광역시,2009,70.42,94.12,81.79,55.42,87.11,74.67,2025-08-25 08:00:23
208,인천광역시,2009,68.47,76.03,71.11,64.35,88.48,76.5,2025-08-25 08:00:23
209,광주광역시,2009,81.67,55.47,72.44,65.4,73.43,86.93,2025-08-25 08:00:23
210,대전광역시,2009,72.94,74.14,80.9,62.89,84.16,72.89,2025-08-25 08:00:23
211,울산광역시,2009,73.36,86.55,87.51,58.65,92.97,75.36,2025-08-25 08:00:23
212,세종특별자치시,2009,77.27,71.57,85.3,62.56,89.61,66.12,2025-08-25 08:00:23
213,경기도,2009,57.94,87.45,81.6,68.5,84.33,88.49,2025-08-25 08:00:23
214,강원도,2009,85.74,76.28,75.7,61.96,78.12,81.1,2025-08-25 08:00:23
215,충청북도,2009,63.99,83.1,85.39,66.89,87.77,58.73,2025-08-25 08:00:23
216,충청남도,2009,73.8,78.43,70.77,74.56,94.59,79.36,2025-08-25 08:00:23
217,전라북도,2009,60.84,63.5,84.7,76.26,87.38,71.3,2025-08-25 08:00:23
218,전라남도,2009,81.38,67.03,80.76,57.61,78.65,66.36,2025-08-25 08:00:23
219,경상북도,2009,60.61,86.8,79.38,46.05,86.05,81.39,2025-08-25 08:00:23
220,경상남도,2009,71.35,78.17,65.41,80.38,83.32,79.81,2025-08-25 08:00:23
221,제주특별자치도,2009,53.01,76.53,81.37,75.35,89.54,72.63,2025-08-25 08:00:23
222,서울특별시,2010,69.89,92.38,84.22,65.49,86.93,80.46,2025-08-25 08:00:24
223,부산광역시,2010,75.64,61.44,84.43,49.34,91.75,76.57,2025-08-25 08:00:24
224,대구광역시,2010,76.84,81.54,66.55,64.2,88.74,80.77,2025-08-25 08:00:24
225,인천광역시,2010,77.37,73.19,91.07,66.13,81.26,80.72,2025-08-25 08:00:24
226,광주광역시,2010,67.73,68.21,69.24,53.05,79.58,65.97,2025-08-25 08:00:24
227,대전광역시,2010,69.65,82.19,90.22,57.98,78.77,90.46,2025-08-25 08:00:24
228,울산광역시,2010,72.86,86.71,84.42,62.02,86.78,79.48,2025-08-25 08:00:24
229,세종특별자치시,2010,75.19,77.95,91.83,61.28,80.29,86.87,2025-08-25 08:00:24
230,경기도,2010,52.32,73.75,90.84,65.14,96.23,85.51,2025-08-25 08:00:24
231,강원도,2010,92.39,56.96,73.81,57.45,95.18,77.34,2025-08-25 08:00:24
232,충청북도,2010,79.91,81.25,86.66,67.88,89.1,73.95,2025-08-25 08:00:24
233,충청남도,2010,68.05,89.77,72.24,59.51,87.07,74.39,2025-08-25 08:00:24
234,전라북도,2010,63.66,72.59,89.82,63.9,82.62,77.02,2025-08-25 08:00:24
235,전라남도,2010,70.31,79.47,77.14,63.37,75.06,78.71,2025-08-25 08:00:24
236,경상북도,2010,39.98,67.61,74.49,64.93,73.72,78.42,2025-08-25 08:00:24
237,경상남도,2010,70.23,74.23,82.41,95.88,92.86,75.59,2025-08-25 08:00:24
238,제주특별자치도,2010,71.28,84.41,83.45,59.46,91.67,77.38,2025-08-25 08:00:24
239,서울특별시,2011,75.12,85.33,89.27,43.41,96.27,88.73,2025-08-25 08:00:25
240,부산광역시,2011,57.75,86.62,82.95,76.54,89.75,72.4,2025-08-25 08:00:25
241,대구광역시,2011,74.34,74.96,81.56,67.0,87.95,84.11,2025-08-25 08:00:25
242,인천광역시,2011,63.54,70.93,76.49,72.05,75.3,69.08,2025-08-25 08:00:25
243,광주광역시,2011,82.71,73.2,81.8,80.58,85.88,76.16,2025-08-25 08:00:25
244,대전광역시,2011,70.35,62.13,87.7,82.34,75.76,89.67,2025-08-25 08:00:25
245,울산광역시,2011,70.8,76.75,77.41,63.11,81.14,84.99,2025-08-25 08:00:25
246,세종특별자치시,2011,76.21,79.03,78.27,58.65,73.81,75.02,2025-08-25 08:00:25
247,경기도,2011,65.72,85.23,76.94,58.86,91.38,70.67,2025-08-25 08:00:25
248,강원도,2011,76.12,88.57,67.17,70.77,79.37,80.24,2025-08-25 08:00:25
249,충청북도,2011,75.15,71.84,73.35,63.53,89.32,67.85,2025-08-25 08:00:25
250,충청남도,2011,81.76,81.75,79.61,77.79,86.6,84.42,2025-08-25 08:00:25
251,전라북도,2011,72.17,80.65,62.83,74.01,83.19,73.02,2025-08-25 08:00:25
252,전라남도,2011,75.12,73.8,67.81,70.29,93.51,58.43,2025-08-25 08:00:25
253,경상북도,2011,78.28,74.42,83.1,68.62,86.56,78.05,2025-08-25 08:00:25
254,경상남도,2011,58.72,72.11,81.69,31.36,78.85,77.13,2025-08-25 08:00:25
255,제주특별자치도,2011,62.6,83.36,75.73,53.75,91.5,80.71,2025-08-25 08:00:25
256,서울특별시,2012,93.33,68.86,76.93,65.95,85.86,66.57,2025-08-25 08:00:26
257,부산광역시,2012,72.47,81.73,82.64,56.27,89.45,93.82,2025-08-25 08:00:26
258,대구광역시,2012,44.4,67.81,80.71,55.69,87.14,67.28,2025-08-25 08:00:26
259,인천광역시,2012,94.59,81.14,71.53,64.42,93.56,69.86,2025-08-25 08:00:26
260,광주광역시,2012,74.24,86.93,81.89,60.35,75.34,84.91,2025-08-25 08:00:26
261,대전광역시,2012,64.3,86.83,88.91,72.0,88.69,75.49,2025-08-25 08:00:26
262,울산광역시,2012,53.52,84.48,73.14,49.41,92.99,70.7,2025-08-25 08:00:26
263,세종특별자치시,2012,67.56,80.81,74.58,61.2,80.47,80.61,2025-08-25 08:00:26
264,경기도,2012,75.99,69.35,81.02,60.89,87.79,69.22,2025-08-25 08:00:26
265,강원도,2012,57.5,58.26,84.9,51.51,77.72,70.27,2025-08-25 08:00:26
266,충청북도,2012,73.47,82.57,80.52,50.52,88.31,83.2,2025-08-25 08:00:26
267,충청남도,2012,78.07,73.86,83.34,47.42,95.42,65.33,2025-08-25 08:00:26
268,전라북도,2012,71.82,67.43,72.12,61.19,80.03,79.22,2025-08-25 08:00:26
269,전라남도,2012,73.64,73.93,86.89,87.87,80.04,62.35,2025-08-25 08:00:26
270,경상북도,2012,78.74,78.5,88.57,55.44,82.84,72.58,2025-08-25 08:00:26
271,경상남도,2012,76.85,74.24,78.66,61.73,94.01,75.02,2025-08-25 08:00:26
272,제주특별자치도,2012,54.69,65.28,69.98,70.66,90.93,74.17,2025-08-25 08:00:26
273,서울특별시,2013,51.39,76.13,84.98,73.53,82.83,91.6,2025-08-25 08:00:27
274,부산광역시,2013,82.79,74.67,75.43,49.95,84.84,43.12,2025-08-25 08:00:27
275,대구광역시,2013,75.57,89.84,76.92,65.62,92.3,80.09,2025-08-25 08:00:27
276,인천광역시,2013,62.43,73.08,88.66,55.6,80.42,80.45,2025-08-25 08:00:27
277,광주광역시,2013,57.27,61.92,72.99,60.81,91.98,68.7,2025-08-25 08:00:27
278,대전광역시,2013,53.1,66.54,90.54,56.36,84.82,63.23,2025-08-25 08:00:27
279,울산광역시,2013,74.68,75.52,73.64,33.83,83.93,80.12,2025-08-25 08:00:27
280,세종특별자치시,2013,77.21,56.15,77.36,53.65,95.76,82.05,2025-08-25 08:00:27
281,경기도,2013,58.63,74.46,78.98,57.95,87.33,82.53,2025-08-25 08:00:27
282,강원도,2013,61.13,80.14,80.41,36.56,82.49,68.54,2025-08-25 08:00:27
283,충청북도,2013,59.86,84.44,90.13,65.72,87.31,79.03,2025-08-25 08:00:27
284,충청남도,2013,77.7,65.47,80.47,78.24,90.78,70.51,2025-08-25 08:00:27
285,전라북도,2013,68.33,88.96,75.18,70.88,82.76,82.56,2025-08-25 08:00:27
286,전라남도,2013,72.45,80.81,66.76,59.98,76.41,63.57,2025-08-25 08:00:27
287,경상북도,2013,87.8,81.31,78.0,65.1,77.08,81.13,2025-08-25 08:00:27
288,경상남도,2013,55.41,73.03,75.57,52.27,81.45,68.9,2025-08-25 08:00:27
289,제주특별자치도,2013,61.61,67.64,88.98,55.3,83.04,69.82,2025-08-25 08:00:27
290,서울특별시,2014,58.97,75.06,90.3,60.02,91.1,80.74,2025-08-25 08:00:28
291,부산광역시,2014,57.98,96.94,72.94,80.13,82.3,70.39,2025-08-25 08:00:28
292,대구광역시,2014,50.91,74.68,68.9,68.4,85.04,82.51,2025-08-25 08:00:28
293,인천광역시,2014,69.26,81.44,74.94,72.2,80.36,79.59,2025-08-25 08:00:28
294,광주광역시,2014,60.0,78.06,75.29,72.35,93.79,90.81,2025-08-25 08:00:28
295,대전광역시,2014,85.8,69.66,82.17,54.42,81.6,69.59,2025-08-25 08:00:28
296,울산광역시,2014,71.25,81.12,92.12,74.96,85.47,72.7,2025-08-25 08:00:28
297,세종특별자치시,2014,90.49,78.56,70.95,65.38,84.58,79.79,2025-08-25 08:00:28
298,경기도,2014,74.96,70.1,78.99,58.32,81.35,76.47,2025-08-25 08:00:28
299,강원도,2014,78.97,61.15,73.01,58.04,82.9,63.68,2025-08-25 08:00:28
300,충청북도,2014,70.38,69.76,88.53,55.18,72.88,73.41,2025-08-25 08:00:28
301,충청남도,2014,70.56,66.01,69.95,58.36,85.01,81.05,2025-08-25 08:00:28
302,전라북도,2014,72.86,73.58,86.36,44.44,97.69,82.98,2025-08-25 08:00:28
303,전라남도,2014,73.84,70.69,75.3,79.61,96.64,83.48,2025-08-25 08:00:28
304,경상북도,2014,65.24,76.15,77.5,72.01,91.12,83.88,2025-08-25 08:00:28
305,경상남도,2014,71.06,73.34,75.88,71.92,86.95,80.67,2025-08-25 08:00:28
306,제주특별자치도,2014,81.06,79.89,73.82,59.81,74.5,70.26,2025-08-25 08:00:28
307,서울특별시,2015,76.53,75.71,79.01,63.6,90.43,70.57,2025-08-25 08:00:29
308,부산광역시,2015,69.84,85.84,72.31,87.97,83.5,74.86,2025-08-25 08:00:29
309,대구광역시,2015,62.44,86.94,82.21,81.77,89.15,69.79,2025-08-25 08:00:29
310,인천광역시,2015,50.99,86.78,80.12,41.16,79.37,88.66,2025-08-25 08:00:29
311,광주광역시,2015,76.62,81.5,87.22,52.4,80.87,73.93,2025-08-25 08:00:29
312,대전광역시,2015,77.9,83.23,68.28,66.52,88.12,81.47,2025-08-25 08:00:29
313,울산광역시,2015,70.98,79.12,85.79,82.28,67.76,68.64,2025-08-25 08:00:29
314,세종특별자치시,2015,88.57,74.41,82.12,80.81,78.43,67.4,2025-08-25 08:00:29
315,경기도,2015,57.66,68.16,81.69,56.95,74.89,79.79,2025-08-25 08:00:29
316,강원도,2015,58.99,83.51,79.12,67.11,81.49,79.95,2025-08-25 08:00:29
317,충청북도,2015,84.05,79.07,74.6,56.6,81.38,69.9,2025-08-25 08:00:29
318,충청남도,2015,84.05,82.91,84.62,66.26,85.61,74.71,2025-08-25 08:00:29
319,전라북도,2015,60.53,80.28,101.15,75.8,88.52,79.89,2025-08-25 08:00:29
320,전라남도,2015,77.11,58.99,81.37,46.48,82.73,74.05,2025-08-25 08:00:29
321,경상북도,2015,73.26,65.9,83.71,64.8,87.3,73.42,2025-08-25 08:00:29
322,경상남도,2015,70.28,84.0,95.73,64.84,70.02,81.55,2025-08-25 08:00:29
323,제주특별자치도,2015,71.13,82.09,74.33,71.15,89.26,71.11,2025-08-25 08:00:29
324,서울특별시,2016,66.35,72.25,89.41,47.32,73.79,75.45,2025-08-25 08:00:30
325,부산광역시,2016,82.88,81.84,84.25,85.46,76.38,75.75,2025-08-25 08:00:30
326,대구광역시,2016,68.24,74.9,75.9,53.37,85.07,76.09,2025-08-25 08:00:30
327,인천광역시,2016,78.17,45.25,84.73,51.81,86.09,73.44,2025-08-25 08:00:30
328,광주광역시,2016,69.49,80.86,69.29,67.3,95.14,82.7,2025-08-25 08:00:30
329,대전광역시,2016,80.91,69.56,85.78,76.83,89.72,68.43,2025-08-25 08:00:30
330,울산광역시,2016,68.82,73.71,81.41,69.28,88.44,78.09,2025-08-25 08:00:30
331,세종특별자치시,2016,71.07,81.97,73.8,85.72,83.41,74.8,2025-08-25 08:00:30
332,경기도,2016,64.31,73.36,75.36,55.31,86.81,86.0,2025-08-25 08:00:30
333,강원도,2016,58.12,68.02,71.73,76.06,64.99,73.06,2025-08-25 08:00:30
334,충청북도,2016,80.17,57.9,88.01,60.73,90.41,76.58,2025-08-25 08:00:30
335,충청남도,2016,74.78,75.21,79.37,75.85,80.97,71.4,2025-08-25 08:00:30
336,전라북도,2016,56.39,86.71,63.89,83.12,92.77,70.38,2025-08-25 08:00:30
337,전라남도,2016,56.01,73.34,80.13,54.9,88.24,70.55,2025-08-25 08:00:30
338,경상북도,2016,70.45,71.06,78.39,72.3,80.86,83.55,2025-08-25 08:00:30
339,경상남도,2016,61.4,59.73,76.76,56.6,88.99,84.03,2025-08-25 08:00:30
340,제주특별자치도,2016,73.66,61.06,89.52,66.29,88.35,68.72,2025-08-25 08:00:30
341,서울특별시,2017,70.8,71.73,70.19,71.6,88.94,65.82,2025-08-25 08:00:31
342,부산광역시,2017,65.02,62.54,85.35,71.14,76.93,67.58,2025-08-25 08:00:31
343,대구광역시,2017,51.07,68.65,85.19,54.92,79.99,68.74,2025-08-25 08:00:31
344,인천광역시,2017,57.23,79.27,74.66,62.24,87.6,55.86,2025-08-25 08:00:31
345,광주광역시,2017,67.94,83.32,85.5,81.57,94.17,73.44,2025-08-25 08:00:31
346,대전광역시,2017,60.12,88.92,78.73,76.28,80.93,74.26,2025-08-25 08:00:31
347,울산광역시,2017,61.04,75.22,94.08,84.21,93.22,70.47,2025-08-25 08:00:31
348,세종특별자치시,2017,57.08,60.4,92.5,78.14,81.51,88.7,2025-08-25 08:00:31
349,경기도,2017,75.04,81.22,76.3,62.61,91.78,74.38,2025-08-25 08:00:31
350,강원도,2017,77.44,93.83,80.34,63.43,89.42,81.06,2025-08-25 08:00:31
351,충청북도,2017,64.58,79.69,81.53,37.73,80.87,72.39,2025-08-25 08:00:31
352,충청남도,2017,76.69,60.63,71.53,54.76,83.02,83.42,2025-08-25 08:00:31
353,전라북도,2017,70.76,79.96,75.86,76.23,86.12,83.02,2025-08-25 08:00:31
354,전라남도,2017,72.75,84.33,72.14,59.11,84.82,88.03,2025-08-25 08:00:31
355,경상북도,2017,69.61,72.64,77.11,75.84,74.7,76.83,2025-08-25 08:00:31
356,경상남도,2017,76.45,69.3,76.88,63.18,86.08,80.02,2025-08-25 08:00:31
357,제주특별자치도,2017,66.13,74.23,79.73,68.57,88.01,83.67,2025-08-25 08:00:31
358,서울특별시,2018,75.43,77.38,67.71,69.85,78.11,72.74,2025-08-25 08:00:32
359,부산광역시,2018,61.99,94.48,76.77,58.34,79.1,65.85,2025-08-25 08:00:32
360,대구광역시,2018,68.31,76.89,89.61,45.3,90.41,67.64,2025-08-25 08:00:32
361,인천광역시,2018,76.14,71.21,95.66,55.63,86.77,71.22,2025-08-25 08:00:32
362,광주광역시,2018,64.84,76.05,83.64,73.1,80.13,75.93,2025-08-25 08:00:32
363,대전광역시,2018,68.27,86.72,74.67,78.76,75.32,80.52,2025-08-25 08:00:32
364,울산광역시,2018,76.94,71.85,87.6,59.43,90.94,72.56,2025-08-25 08:00:32
365,세종특별자치시,2018,72.14,86.26,90.59,52.39,88.14,84.53,2025-08-25 08:00:32
366,경기도,2018,80.88,91.49,71.33,53.11,70.28,69.47,2025-08-25 08:00:32
367,강원도,2018,93.59,75.62,88.92,73.61,85.78,76.95,2025-08-25 08:00:32
368,충청북도,2018,64.25,70.75,84.36,78.27,97.87,63.28,2025-08-25 08:00:32
369,충청남도,2018,53.25,78.18,84.15,56.73,81.18,64.8,2025-08-25 08:00:32
370,전라북도,2018,69.77,59.64,74.97,75.95,78.46,67.3,2025-08-25 08:00:32
371,전라남도,2018,65.11,71.02,75.38,63.21,84.46,75.03,2025-08-25 08:00:32
372,경상북도,2018,66.12,81.64,79.78,85.44,84.76,84.42,2025-08-25 08:00:32
373,경상남도,2018,84.2,86.07,81.97,66.94,78.71,88.62,2025-08-25 08:00:32
374,제주특별자치도,2018,69.9,72.81,80.89,65.95,90.49,85.06,2025-08-25 08:00:32
375,서울특별시,2019,57.02,69.28,82.11,54.74,89.61,84.59,2025-08-25 08:00:33
376,부산광역시,2019,68.41,67.01,87.68,55.02,91.49,75.01,2025-08-25 08:00:33
377,대구광역시,2019,75.47,76.09,85.98,51.74,86.07,83.9,2025-08-25 08:00:33
378,인천광역시,2019,77.55,79.54,86.47,60.12,74.02,71.43,2025-08-25 08:00:33
379,광주광역시,2019,71.65,69.47,85.49,58.99,84.98,67.59,2025-08-25 08:00:33
380,대전광역시,2019,82.38,68.7,67.1,53.37,80.28,82.22,2025-08-25 08:00:33
381,울산광역시,2019,71.08,77.07,82.66,85.96,78.74,78.97,2025-08-25 08:00:33
382,세종특별자치시,2019,66.69,77.42,85.03,70.19,81.68,68.63,2025-08-25 08:00:33
383,경기도,2019,74.24,66.58,84.06,86.43,86.43,88.77,2025-08-25 08:00:33
384,강원도,2019,74.8,78.07,76.97,47.63,76.0,68.98,2025-08-25 08:00:33
385,충청북도,2019,67.63,90.58,85.95,51.6,83.24,80.3,2025-08-25 08:00:33
386,충청남도,2019,67.99,71.01,81.51,60.5,75.47,74.24,2025-08-25 08:00:33
387,전라북도,2019,74.34,84.77,88.96,56.33,79.31,89.42,2025-08-25 08:00:33
388,전라남도,2019,65.02,85.3,72.59,64.72,81.68,83.79,2025-08-25 08:00:33
389,경상북도,2019,84.98,84.06,68.29,37.28,81.2,85.3,2025-08-25 08:00:33
390,경상남도,2019,69.61,82.68,63.33,89.84,86.02,72.65,2025-08-25 08:00:33
391,제주특별자치도,2019,60.55,75.44,85.03,60.66,83.4,75.3,2025-08-25 08:00:33
392,서울특별시,2020,75.6,82.32,77.84,56.53,81.8,89.84,2025-08-25 08:00:34
393,부산광역시,2020,60.29,77.81,89.71,88.82,92.86,64.63,2025-08-25 08:00:34
394,대구광역시,2020,81.03,76.12,72.55,80.45,88.08,78.27,2025-08-25 08:00:34
395,인천광역시,2020,79.71,76.83,82.89,64.98,88.35,63.42,2025-08-25 08:00:34
396,광주광역시,2020,61.27,78.09,84.41,88.16,83.45,84.65,2025-08-25 08:00:34
397,대전광역시,2020,54.11,60.73,63.81,75.97,87.96,74.97,2025-08-25 08:00:34
398,울산광역시,2020,70.79,74.81,77.19,57.66,81.21,76.17,2025-08-25 08:00:34
399,세종특별자치시,2020,67.77,79.61,81.18,63.07,81.06,83.31,2025-08-25 08:00:34
400,경기도,2020,66.17,83.51,81.6,70.62,78.86,68.1,2025-08-25 08:00:34
401,강원도,2020,73.42,78.52,83.02,56.87,81.38,68.27,2025-08-25 08:00:34
402,충청북도,2020,72.78,79.49,74.6,61.77,84.85,72.48,2025-08-25 08:00:34
403,충청남도,2020,72.15,89.51,72.73,79.1,79.31,71.44,2025-08-25 08:00:34
404,전라북도,2020,71.4,65.9,74.92,49.5,93.66,85.14,2025-08-25 08:00:34
405,전라남도,2020,72.77,88.12,71.18,62.78,92.8,78.14,2025-08-25 08:00:34
406,경상북도,2020,76.07,81.06,73.16,68.14,92.38,66.74,2025-08-25 08:00:34
407,경상남도,2020,54.91,75.22,75.93,40.32,80.7,77.22,2025-08-25 08:00:34
408,제주특별자치도,2020,67.25,76.31,80.56,77.94,88.14,78.28,2025-08-25 08:00:34
409,서울특별시,2021,64.11,69.52,72.86,45.01,78.46,76.15,2025-08-25 08:00:35
410,부산광역시,2021,74.76,79.68,89.52,53.19,83.04,76.99,2025-08-25 08:00:35
411,대구광역시,2021,78.82,60.55,86.23,79.89,91.47,86.44,2025-08-25 08:00:35
412,인천광역시,2021,84.59,72.96,76.85,71.51,88.12,78.04,2025-08-25 08:00:35
413,광주광역시,2021,70.48,77.42,78.42,83.23,90.59,74.09,2025-08-25 08:00:35
414,대전광역시,2021,68.58,62.13,81.02,77.8,79.28,78.54,2025-08-25 08:00:35
415,울산광역시,2021,69.94,64.99,82.46,69.34,89.29,65.02,2025-08-25 08:00:35
416,세종특별자치시,2021,76.54,88.83,81.32,56.11,83.04,63.57,2025-08-25 08:00:35
417,경기도,2021,77.17,80.99,75.32,63.69,82.31,76.58,2025-08-25 08:00:35
418,강원도,2021,77.93,75.13,73.86,81.75,89.65,64.59,2025-08-25 08:00:35
419,충청북도,2021,81.91,54.07,68.14,63.92,78.63,87.95,2025-08-25 08:00:35
420,충청남도,2021,57.89,66.34,82.01,64.84,83.46,75.84,2025-08-25 08:00:35
421,전라북도,2021,76.53,69.66,86.75,48.62,90.25,75.9,2025-08-25 08:00:35
422,전라남도,2021,85.07,61.76,86.1,69.07,81.01,79.73,2025-08-25 08:00:35
423,경상북도,2021,61.49,68.61,76.78,65.3,87.01,64.25,2025-08-25 08:00:35
424,경상남도,2021,63.18,78.28,80.17,69.74,86.09,82.58,2025-08-25 08:00:35
425,제주특별자치도,2021,69.44,78.05,73.82,66.13,92.55,65.74,2025-08-25 08:00:35
426,서울특별시,2022,68.21,76.92,69.98,72.75,82.48,71.1,2025-08-25 08:00:36
427,부산광역시,2022,69.83,72.13,77.93,53.64,81.14,67.1,2025-08-25 08:00:36
428,대구광역시,2022,63.43,79.36,85.97,74.72,76.15,78.94,2025-08-25 08:00:36
429,인천광역시,2022,58.87,80.97,81.25,77.33,80.02,71.14,2025-08-25 08:00:36
430,광주광역시,2022,70.36,75.12,65.4,69.86,82.5,78.84,2025-08-25 08:00:36
431,대전광역시,2022,76.82,79.02,80.98,58.27,80.36,79.27,2025-08-25 08:00:36
432,울산광역시,2022,66.85,68.73,88.61,63.81,78.96,80.87,2025-08-25 08:00:36
433,세종특별자치시,2022,80.26,71.52,84.72,55.77,78.62,78.69,2025-08-25 08:00:36
434,경기도,2022,66.12,87.02,78.01,37.42,81.09,72.86,2025-08-25 08:00:36
435,강원도,2022,76.19,70.66,75.87,76.45,81.99,71.36,2025-08-25 08:00:36
436,충청북도,2022,54.53,67.44,71.95,26.25,80.22,84.72,2025-08-25 08:00:36
437,충청남도,2022,65.38,74.66,81.95,46.59,86.7,79.23,2025-08-25 08:00:36
438,전라북도,2022,67.28,76.89,74.61,72.06,97.46,74.76,2025-08-25 08:00:36
439,전라남도,2022,66.81,79.47,73.82,75.4,76.31,74.8,2025-08-25 08:00:36
440,경상북도,2022,48.64,86.86,70.97,72.92,85.4,73.76,2025-08-25 08:00:36
441,경상남도,2022,64.56,60.34,91.7,59.53,84.47,76.84,2025-08-25 08:00:36
442,제주특별자치도,2022,69.6,70.34,67.53,62.89,97.58,72.76,2025-08-25 08:00:36
443,서울특별시,2023,65.43,78.53,69.47,61.29,79.77,58.42,2025-08-25 08:00:37
444,부산광역시,2023,67.73,64.09,80.08,59.05,85.01,72.79,2025-08-25 08:00:37
445,대구광역시,2023,74.26,72.69,75.13,50.38,93.79,93.78,2025-08-25 08:00:37
446,인천광역시,2023,78.43,77.57,75.79,61.96,76.75,69.53,2025-08-25 08:00:37
447,광주광역시,2023,92.96,70.84,81.53,70.64,92.48,59.61,2025-08-25 08:00:37
448,대전광역시,2023,59.81,71.88,82.74,49.96,72.42,76.02,2025-08-25 08:00:37
449,울산광역시,2023,78.57,83.88,78.97,83.41,83.2,69.18,2025-08-25 08:00:37
450,세종특별자치시,2023,78.3,64.98,81.74,60.16,79.12,77.69,2025-08-25 08:00:37
451,경기도,2023,74.82,69.29,82.15,76.48,81.5,73.57,2025-08-25 08:00:37
452,강원도,2023,51.55,66.06,80.54,70.15,91.88,70.19,2025-08-25 08:00:37
453,충청북도,2023,86.62,83.14,73.52,60.67,86.37,64.43,2025-08-25 08:00:37
454,충청남도,2023,73.94,71.82,83.35,72.23,88.61,80.09,2025-08-25 08:00:37
455,전라북도,2023,76.22,69.46,88.73,65.88,84.78,83.76,2025-08-25 08:00:37
456,전라남도,2023,51.88,70.87,79.41,65.71,77.62,75.49,2025-08-25 08:00:37
457,경상북도,2023,76.02,61.74,82.85,62.26,88.02,63.43,2025-08-25 08:00:37
458,경상남도,2023,53.22,79.28,79.15,57.22,93.31,80.78,2025-08-25 08:00:37
459,제주특별자치도,2023,68.47,63.89,81.53,59.32,85.76,71.82,2025-08-25 08:00:37
460,서울특별시,2024,76.77,62.76,85.49,78.59,88.39,74.54,2025-08-25 08:00:38
461,부산광역시,2024,71.68,74.69,77.78,81.36,94.17,79.14,2025-08-25 08:00:38
462,대구광역시,2024,66.67,61.21,82.43,56.97,92.01,86.35,2025-08-25 08:00:38
463,인천광역시,2024,80.56,80.46,67.26,44.61,87.06,89.8,2025-08-25 08:00:38
464,광주광역시,2024,78.33,63.23,85.13,56.79,81.0,73.78,2025-08-25 08:00:38
465,대전광역시,2024,74.26,84.21,91.54,56.45,84.06,56.1,2025-08-25 08:00:38
466,울산광역시,2024,77.73,66.5,85.73,78.57,94.12,85.79,2025-08-25 08:00:38
467,세종특별자치시,2024,74.52,79.77,81.19,61.32,91.4,64.61,2025-08-25 08:00:38
468,경기도,2024,56.17,76.59,73.97,68.87,90.99,67.86,2025-08-25 08:00:38
469,강원도,2024,73.49,82.67,87.05,81.9,80.46,80.45,2025-08-25 08:00:38
470,충청북도,2024,84.4,72.91,87.77,79.57,85.56,76.83,2025-08-25 08:00:38
471,충청남도,2024,62.81,79.89,77.91,78.15,84.53,69.96,2025-08-25 08:00:38
472,전라북도,2024,67.28,83.0,72.47,58.5,91.0,66.38,2025-08-25 08:00:38
473,전라남도,2024,69.39,74.4,80.45,90.89,92.01,79.7,2025-08-25 08:00:38
474,경상북도,2024,86.38,72.7,79.42,68.04,86.03,68.57,2025-08-25 08:00:38
475,경상남도,2024,71.0,49.28,67.64,56.12,75.44,74.06,2025-08-25 08:00:38
476,제주특별자치도,2024,78.67,76.92,77.97,48.5,76.51,75.1,2025-08-25 08:00:38
477,서울특별시,2025,69.22,76.52,85.26,47.69,85.76,70.65,2025-08-25 08:00:39
478,부산광역시,2025,79.07,79.25,74.42,62.87,87.54,70.0,2025-08-25 08:00:39
479,대구광역시,2025,63.49,83.61,96.02,76.69,89.04,83.92,2025-08-25 08:00:39
480,인천광역시,2025,64.11,70.39,82.48,58.09,77.06,77.39,2025-08-25 08:00:39
481,광주광역시,2025,63.56,87.48,79.95,76.75,79.69,73.42,2025-08-25 08:00:39
482,대전광역시,2025,73.23,62.2,81.85,66.38,87.7,73.71,2025-08-25 08:00:39
483,울산광역시,2025,77.42,80.15,81.96,65.24,87.49,86.39,2025-08-25 08:00:39
484,세종특별자치시,2025,71.78,80.64,70.72,72.33,78.14,93.28,2025-08-25 08:00:39
485,경기도,2025,69.97,76.52,73.0,61.61,88.64,72.25,2025-08-25 08:00:39
486,강원도,2025,63.77,83.54,94.59,74.13,84.35,94.09,2025-08-25 08:00:39
487,충청북도,2025,69.13,67.55,79.66,62.77,82.76,70.47,2025-08-25 08:00:39
488,충청남도,2025,56.76,80.59,75.43,61.43,81.16,76.05,2025-08-25 08:00:39
489,전라북도,2025,68.78,68.48,72.74,51.03,84.47,72.23,2025-08-25 08:00:39
490,전라남도,2025,74.43,74.88,77.38,57.91,81.73,79.06,2025-08-25 08:00:39
491,경상북도,2025,57.04,70.08,78.54,52.36,100.02,84.58,2025-08-25 08:00:39
492,경상남도,2025,62.31,76.73,74.65,64.91,85.1,73.54,2025-08-25 08:00:39
493,제주특별자치도,2025,60.9,67.77,65.76,39.59,89.26,66.88,2025-08-25 08:00:39
494,서울특별시,1997,70.47,70.98,92.04,59.73,81.39,81.47,2025-08-27 08:55:57
495,부산광역시,1997,74.82,82.6,91.43,73.31,89.65,70.13,2025-08-27 08:55:57
496,대구광역시,1997,57.03,75.07,72.91,47.74,85.44,75.37,2025-08-27 08:55:57
497,인천광역시,1997,38.86,84.91,76.8,51.72,88.41,72.69,2025-08-27 08:55:57
498,광주광역시,1997,67.41,90.8,91.24,66.64,85.22,57.92,2025-08-27 08:55:57
499,대전광역시,1997,78.19,82.92,95.74,51.07,80.01,81.62,2025-08-27 08:55:57
500,울산광역시,1997,52.07,64.59,78.09,36.32,88.99,64.75,2025-08-27 08:55:57
501,세종특별자치시,1997,70.09,72.11,76.47,71.98,81.82,75.61,2025-08-27 08:55:57
502,경기도,1997,51.12,70.06,80.43,53.27,91.18,67.45,2025-08-27 08:55:57
503,강원도,1997,63.33,68.66,76.49,78.69,98.45,80.73,2025-08-27 08:55:57
504,충청북도,1997,76.76,81.37,71.73,53.7,92.48,73.04,2025-08-27 08:55:57
505,충청남도,1997,76.83,63.59,85.14,53.26,79.25,78.55,2025-08-27 08:55:57
506,전라북도,1997,64.81,74.62,72.19,50.59,91.75,74.78,2025-08-27 08:55:57
507,전라남도,1997,80.2,65.06,82.64,53.91,86.73,73.05,2025-08-27 08:55:57
508,경상북도,1997,78.87,90.29,79.36,64.05,92.48,77.39,2025-08-27 08:55:57
509,경상남도,1997,65.23,77.93,79.85,77.47,77.84,79.81,2025-08-27 08:55:57
510,제주특별자치도,1997,63.49,84.35,79.21,58.33,84.83,82.25,2025-08-27 08:55:57
511,서울특별시,1998,69.1,81.31,73.37,62.33,100.4,63.68,2025-08-27 08:55:58
512,부산광역시,1998,70.63,66.61,77.56,83.96,80.31,69.37,2025-08-27 08:55:58
513,대구광역시,1998,62.59,78.64,77.95,52.09,82.06,85.94,2025-08-27 08:55:58
514,인천광역시,1998,86.45,76.85,86.3,82.03,81.78,76.48,2025-08-27 08:55:58
515,광주광역시,1998,67.93,77.5,70.02,49.86,76.53,78.67,2025-08-27 08:55:58
516,대전광역시,1998,68.82,72.32,85.6,97.23,79.75,75.32,2025-08-27 08:55:58
517,울산광역시,1998,70.72,72.22,77.03,54.26,74.39,77.42,2025-08-27 08:55:58
518,세종특별자치시,1998,70.18,80.02,84.33,59.11,77.9,68.75,2025-08-27 08:55:58
519,경기도,1998,47.57,82.62,78.01,85.93,75.05,91.19,2025-08-27 08:55:58
520,강원도,1998,66.29,59.76,81.29,66.04,80.92,60.1,2025-08-27 08:55:58
521,충청북도,1998,61.92,71.45,70.94,70.97,91.86,76.38,2025-08-27 08:55:58
522,충청남도,1998,77.59,64.97,75.47,78.24,84.59,73.85,2025-08-27 08:55:58
523,전라북도,1998,65.97,79.63,71.96,66.03,84.52,61.15,2025-08-27 08:55:58
524,전라남도,1998,77.75,68.49,73.37,72.4,78.12,72.93,2025-08-27 08:55:58
525,경상북도,1998,69.39,90.94,73.94,63.49,76.91,56.85,2025-08-27 08:55:58
526,경상남도,1998,80.86,84.32,76.7,63.7,78.1,73.42,2025-08-27 08:55:58
527,제주특별자치도,1998,83.1,70.3,83.37,58.03,78.18,70.0,2025-08-27 08:55:58
528,서울특별시,1999,68.74,79.69,84.13,59.35,74.47,76.84,2025-08-27 08:55:59
529,부산광역시,1999,79.83,65.0,68.59,55.97,91.57,75.44,2025-08-27 08:55:59
530,대구광역시,1999,74.48,66.92,75.25,76.93,86.33,58.51,2025-08-27 08:55:59
531,인천광역시,1999,62.47,76.44,85.9,78.44,72.33,65.94,2025-08-27 08:55:59
532,광주광역시,1999,77.8,75.91,86.77,49.76,79.64,70.66,2025-08-27 08:55:59
533,대전광역시,1999,66.36,72.22,83.47,56.82,95.92,68.12,2025-08-27 08:55:59
534,울산광역시,1999,90.19,78.61,78.63,52.21,82.96,70.75,2025-08-27 08:55:59
535,세종특별자치시,1999,55.05,72.35,97.62,83.57,82.27,84.21,2025-08-27 08:55:59
536,경기도,1999,59.59,80.27,78.18,73.8,93.19,69.25,2025-08-27 08:55:59
537,강원도,1999,73.41,87.49,79.1,61.69,78.43,77.36,2025-08-27 08:55:59
538,충청북도,1999,71.0,78.69,89.26,58.5,89.66,79.3,2025-08-27 08:55:59
539,충청남도,1999,63.11,81.72,89.9,48.17,82.86,80.33,2025-08-27 08:55:59
540,전라북도,1999,48.76,74.66,75.26,71.71,88.96,67.67,2025-08-27 08:55:59
541,전라남도,1999,65.07,71.97,89.01,37.31,92.83,75.85,2025-08-27 08:55:59
542,경상북도,1999,77.66,72.0,82.68,76.72,82.89,81.97,2025-08-27 08:55:59
543,경상남도,1999,63.14,81.77,76.9,95.39,75.68,69.89,2025-08-27 08:55:59
544,제주특별자치도,1999,85.53,78.33,78.41,72.45,93.29,69.19,2025-08-27 08:55:59
545,서울특별시,2000,87.42,72.03,80.73,73.95,68.77,71.4,2025-08-27 08:56:00
546,부산광역시,2000,80.6,73.0,84.23,72.72,82.68,60.79,2025-08-27 08:56:00
547,대구광역시,2000,55.39,57.31,74.98,67.26,83.14,66.7,2025-08-27 08:56:00
548,인천광역시,2000,69.39,70.8,89.28,51.29,84.3,63.34,2025-08-27 08:56:00
549,광주광역시,2000,61.56,89.04,76.43,45.94,79.69,91.02,2025-08-27 08:56:00
550,대전광역시,2000,72.59,78.3,92.47,84.29,82.52,72.61,2025-08-27 08:56:00
551,울산광역시,2000,57.77,76.75,80.03,50.99,80.91,67.77,2025-08-27 08:56:00
552,세종특별자치시,2000,70.83,67.04,82.9,47.92,93.0,66.8,2025-08-27 08:56:00
553,경기도,2000,65.07,72.5,69.41,75.09,75.4,78.36,2025-08-27 08:56:00
554,강원도,2000,61.42,66.17,91.08,62.45,91.68,79.53,2025-08-27 08:56:00
555,충청북도,2000,76.99,72.84,79.42,58.91,82.34,54.54,2025-08-27 08:56:00
556,충청남도,2000,74.23,81.83,86.11,66.5,83.21,91.96,2025-08-27 08:56:00
557,전라북도,2000,66.19,72.55,72.86,77.45,85.7,72.1,2025-08-27 08:56:00
558,전라남도,2000,70.28,75.37,86.2,66.84,79.21,79.37,2025-08-27 08:56:00
559,경상북도,2000,62.69,76.42,87.11,81.05,88.77,77.61,2025-08-27 08:56:00
560,경상남도,2000,61.99,82.36,87.81,68.53,82.9,64.34,2025-08-27 08:56:00
561,제주특별자치도,2000,75.69,80.98,61.93,67.39,83.08,76.05,2025-08-27 08:56:00
562,서울특별시,2001,68.02,82.58,90.83,81.87,82.73,82.93,2025-08-27 08:56:01
563,부산광역시,2001,95.59,87.64,85.76,32.59,81.68,79.75,2025-08-27 08:56:01
564,대구광역시,2001,65.69,71.72,81.67,78.18,86.11,66.54,2025-08-27 08:56:01
565,인천광역시,2001,56.16,79.53,69.03,69.37,88.28,77.67,2025-08-27 08:56:01
566,광주광역시,2001,83.21,77.0,83.99,62.53,95.11,80.14,2025-08-27 08:56:01
567,대전광역시,2001,61.76,64.69,84.34,76.94,80.27,73.61,2025-08-27 08:56:01
568,울산광역시,2001,61.58,77.81,67.27,77.05,88.28,73.57,2025-08-27 08:56:01
569,세종특별자치시,2001,63.98,74.49,78.93,61.96,83.36,62.92,2025-08-27 08:56:01
570,경기도,2001,63.28,88.85,75.62,63.83,74.78,69.54,2025-08-27 08:56:01
571,강원도,2001,62.15,75.69,81.45,72.87,84.97,74.29,2025-08-27 08:56:01
572,충청북도,2001,76.86,85.94,86.7,42.53,80.15,73.63,2025-08-27 08:56:01
573,충청남도,2001,62.84,94.13,79.67,72.67,79.89,64.17,2025-08-27 08:56:01
574,전라북도,2001,64.9,76.28,83.79,72.76,84.48,89.03,2025-08-27 08:56:01
575,전라남도,2001,60.51,65.86,91.72,51.98,82.18,60.38,2025-08-27 08:56:01
576,경상북도,2001,80.8,88.39,83.11,82.4,91.19,79.06,2025-08-27 08:56:01
577,경상남도,2001,45.16,67.64,67.6,45.34,87.26,74.49,2025-08-27 08:56:01
578,제주특별자치도,2001,76.23,83.27,79.51,71.11,91.77,62.88,2025-08-27 08:56:01
579,서울특별시,2002,70.27,64.0,83.32,65.9,82.76,69.78,2025-08-27 08:56:02
580,부산광역시,2002,71.57,67.29,87.6,58.79,85.19,82.35,2025-08-27 08:56:02
581,대구광역시,2002,77.82,69.19,74.76,73.06,82.86,66.75,2025-08-27 08:56:02
582,인천광역시,2002,75.76,74.08,76.01,64.43,95.8,73.37,2025-08-27 08:56:02
583,광주광역시,2002,85.68,74.6,90.88,83.02,85.37,70.78,2025-08-27 08:56:02
584,대전광역시,2002,78.02,83.47,64.39,78.3,74.48,75.68,2025-08-27 08:56:02
585,울산광역시,2002,74.61,73.09,78.94,55.85,79.14,78.1,2025-08-27 08:56:02
586,세종특별자치시,2002,81.74,84.84,81.34,76.18,83.16,72.04,2025-08-27 08:56:02
587,경기도,2002,72.21,90.23,75.22,57.88,95.17,85.78,2025-08-27 08:56:02
588,강원도,2002,59.29,73.08,82.85,69.01,86.26,82.9,2025-08-27 08:56:02
589,충청북도,2002,65.6,74.79,72.97,64.89,86.28,77.18,2025-08-27 08:56:02
590,충청남도,2002,72.73,77.73,79.4,65.11,75.62,77.26,2025-08-27 08:56:02
591,전라북도,2002,78.83,74.91,85.11,44.22,80.03,66.46,2025-08-27 08:56:02
592,전라남도,2002,76.55,69.81,94.76,47.62,81.94,76.74,2025-08-27 08:56:02
593,경상북도,2002,69.28,79.96,89.1,69.13,85.93,60.78,2025-08-27 08:56:02
594,경상남도,2002,74.4,101.73,79.95,60.97,78.34,59.73,2025-08-27 08:56:02
595,제주특별자치도,2002,91.35,69.83,88.68,56.46,86.44,69.71,2025-08-27 08:56:02
596,서울특별시,2003,76.86,71.57,81.81,65.6,72.45,76.82,2025-08-27 08:56:03
597,부산광역시,2003,77.05,74.68,81.24,55.07,79.44,68.27,2025-08-27 08:56:03
598,대구광역시,2003,67.33,78.79,88.07,59.2,96.94,68.71,2025-08-27 08:56:03
599,인천광역시,2003,62.24,72.94,85.24,45.06,88.54,70.85,2025-08-27 08:56:03
600,광주광역시,2003,54.15,82.49,80.38,68.99,68.02,79.65,2025-08-27 08:56:03
601,대전광역시,2003,96.85,73.03,59.68,76.7,82.32,74.69,2025-08-27 08:56:03
602,울산광역시,2003,77.27,74.31,70.85,84.7,87.48,82.69,2025-08-27 08:56:03
603,세종특별자치시,2003,46.03,66.87,86.88,78.38,84.78,67.11,2025-08-27 08:56:03
604,경기도,2003,71.14,70.1,73.62,76.53,90.41,72.14,2025-08-27 08:56:03
605,강원도,2003,83.88,75.18,78.99,54.29,74.64,77.59,2025-08-27 08:56:03
606,충청북도,2003,73.86,70.99,72.69,73.93,87.67,76.75,2025-08-27 08:56:03
607,충청남도,2003,60.19,71.41,78.56,53.85,82.02,71.83,2025-08-27 08:56:03
608,전라북도,2003,60.95,84.65,84.8,45.56,95.25,64.31,2025-08-27 08:56:03
609,전라남도,2003,63.14,83.21,77.56,78.15,92.57,85.67,2025-08-27 08:56:03
610,경상북도,2003,78.1,85.74,76.06,80.97,82.67,72.2,2025-08-27 08:56:03
611,경상남도,2003,75.19,65.2,68.0,75.88,93.3,79.62,2025-08-27 08:56:03
612,제주특별자치도,2003,64.37,85.28,67.11,82.21,83.1,103.98,2025-08-27 08:56:03
613,서울특별시,2004,68.86,72.79,70.94,66.84,79.05,64.06,2025-08-27 08:56:04
614,부산광역시,2004,71.83,84.61,84.44,64.84,90.49,78.06,2025-08-27 08:56:04
615,대구광역시,2004,54.51,75.26,73.74,50.04,82.86,90.63,2025-08-27 08:56:04
616,인천광역시,2004,65.57,62.39,68.38,62.43,83.01,68.82,2025-08-27 08:56:04
617,광주광역시,2004,67.92,82.37,83.42,64.0,77.66,63.18,2025-08-27 08:56:04
618,대전광역시,2004,70.84,78.38,70.05,79.89,77.68,72.1,2025-08-27 08:56:04
619,울산광역시,2004,79.57,77.12,83.09,54.39,85.64,66.17,2025-08-27 08:56:04
620,세종특별자치시,2004,66.95,87.62,67.28,62.78,85.8,66.35,2025-08-27 08:56:04
621,경기도,2004,72.81,84.87,79.59,66.33,93.62,77.88,2025-08-27 08:56:04
622,강원도,2004,71.6,75.42,86.68,52.64,76.04,74.61,2025-08-27 08:56:04
623,충청북도,2004,39.89,82.22,87.04,74.05,89.47,78.18,2025-08-27 08:56:04
624,충청남도,2004,52.25,84.21,78.75,59.6,88.87,81.56,2025-08-27 08:56:04
625,전라북도,2004,65.56,71.05,81.01,67.27,80.01,83.05,2025-08-27 08:56:04
626,전라남도,2004,87.75,66.71,73.04,69.09,82.55,60.3,2025-08-27 08:56:04
627,경상북도,2004,74.48,72.76,75.3,53.62,73.44,72.89,2025-08-27 08:56:04
628,경상남도,2004,75.1,84.23,83.37,75.75,92.48,71.31,2025-08-27 08:56:04
629,제주특별자치도,2004,70.55,78.79,78.77,76.18,98.05,77.56,2025-08-27 08:56:04
630,서울특별시,2005,69.98,81.88,86.03,71.23,96.54,67.44,2025-08-27 08:56:05
631,부산광역시,2005,81.01,71.44,71.73,78.63,76.38,80.37,2025-08-27 08:56:05
632,대구광역시,2005,59.11,79.07,83.63,73.79,86.33,66.81,2025-08-27 08:56:05
633,인천광역시,2005,79.5,75.36,75.62,88.05,73.33,79.5,2025-08-27 08:56:05
634,광주광역시,2005,78.88,78.98,84.32,63.25,90.26,64.8,2025-08-27 08:56:05
635,대전광역시,2005,68.93,93.61,73.66,56.66,91.64,96.27,2025-08-27 08:56:05
636,울산광역시,2005,50.91,74.83,72.93,53.4,81.78,69.91,2025-08-27 08:56:05
637,세종특별자치시,2005,51.09,68.55,74.31,60.35,85.51,69.84,2025-08-27 08:56:05
638,경기도,2005,72.27,57.28,86.14,61.82,89.62,65.96,2025-08-27 08:56:05
639,강원도,2005,82.53,78.92,81.02,71.77,100.82,87.16,2025-08-27 08:56:05
640,충청북도,2005,60.15,61.57,91.06,61.62,88.55,85.78,2025-08-27 08:56:05
641,충청남도,2005,80.56,75.2,69.27,46.43,87.06,80.93,2025-08-27 08:56:05
642,전라북도,2005,68.54,83.13,76.25,59.25,89.36,91.91,2025-08-27 08:56:05
643,전라남도,2005,75.12,64.64,87.01,58.3,80.59,75.81,2025-08-27 08:56:05
644,경상북도,2005,57.21,68.33,78.27,81.88,95.54,67.51,2025-08-27 08:56:05
645,경상남도,2005,64.44,76.71,92.3,45.75,81.52,66.81,2025-08-27 08:56:05
646,제주특별자치도,2005,74.01,84.92,87.78,60.57,86.37,88.61,2025-08-27 08:56:05
647,서울특별시,2006,70.02,81.64,75.27,72.16,83.55,77.47,2025-08-27 08:56:06
648,부산광역시,2006,55.93,78.98,81.17,59.03,76.24,88.55,2025-08-27 08:56:06
649,대구광역시,2006,63.2,71.89,84.35,46.43,93.24,66.97,2025-08-27 08:56:06
650,인천광역시,2006,84.3,63.68,89.35,66.78,88.03,71.03,2025-08-27 08:56:06
651,광주광역시,2006,81.21,73.85,83.55,67.47,77.91,83.58,2025-08-27 08:56:06
652,대전광역시,2006,78.04,68.75,94.87,67.99,87.94,80.06,2025-08-27 08:56:06
653,울산광역시,2006,84.87,85.71,77.91,67.59,86.03,74.63,2025-08-27 08:56:06
654,세종특별자치시,2006,63.64,57.16,81.97,80.04,84.67,67.66,2025-08-27 08:56:06
655,경기도,2006,82.65,74.95,62.53,38.64,73.85,73.57,2025-08-27 08:56:06
656,강원도,2006,74.33,92.95,76.97,118.68,77.99,78.04,2025-08-27 08:56:06
657,충청북도,2006,39.96,81.44,83.98,48.04,88.66,78.18,2025-08-27 08:56:06
658,충청남도,2006,75.17,84.38,73.38,55.58,93.94,66.47,2025-08-27 08:56:06
659,전라북도,2006,42.18,72.62,80.68,50.16,80.43,78.19,2025-08-27 08:56:06
660,전라남도,2006,65.36,78.34,83.63,57.94,78.09,81.46,2025-08-27 08:56:06
661,경상북도,2006,52.33,79.63,83.33,73.6,89.73,75.61,2025-08-27 08:56:06
662,경상남도,2006,72.44,84.34,84.15,51.95,82.46,89.73,2025-08-27 08:56:06
663,제주특별자치도,2006,63.92,72.9,78.08,83.22,83.13,85.3,2025-08-27 08:56:06
664,서울특별시,2007,58.47,75.92,87.25,66.45,83.13,70.46,2025-08-27 08:56:07
665,부산광역시,2007,72.71,82.49,91.37,66.9,92.33,83.86,2025-08-27 08:56:07
666,대구광역시,2007,58.89,70.59,77.94,104.78,94.19,79.82,2025-08-27 08:56:07
667,인천광역시,2007,88.31,68.52,88.16,80.39,83.59,75.26,2025-08-27 08:56:07
668,광주광역시,2007,59.77,75.61,78.45,77.59,76.94,72.42,2025-08-27 08:56:07
669,대전광역시,2007,92.71,67.63,79.87,56.46,98.19,62.56,2025-08-27 08:56:07
670,울산광역시,2007,62.1,74.07,80.74,84.55,93.11,88.56,2025-08-27 08:56:07
671,세종특별자치시,2007,85.15,80.92,83.48,76.37,86.91,86.27,2025-08-27 08:56:07
672,경기도,2007,80.46,66.05,73.49,88.02,80.67,66.0,2025-08-27 08:56:07
673,강원도,2007,88.45,75.97,77.7,59.59,87.97,84.55,2025-08-27 08:56:07
674,충청북도,2007,81.34,77.14,80.33,71.04,84.33,78.11,2025-08-27 08:56:07
675,충청남도,2007,77.12,76.99,85.68,60.66,92.18,69.05,2025-08-27 08:56:07
676,전라북도,2007,77.45,74.17,78.68,68.29,86.89,69.97,2025-08-27 08:56:07
677,전라남도,2007,66.31,78.15,75.93,58.27,86.89,80.41,2025-08-27 08:56:07
678,경상북도,2007,81.76,70.83,86.36,67.11,75.4,78.03,2025-08-27 08:56:07
679,경상남도,2007,93.61,54.87,75.04,67.02,82.53,64.89,2025-08-27 08:56:07
680,제주특별자치도,2007,72.44,77.63,76.29,49.43,91.16,72.3,2025-08-27 08:56:07
681,서울특별시,2008,72.88,75.05,87.67,93.99,81.06,64.2,2025-08-27 08:56:09
682,부산광역시,2008,96.17,73.27,83.17,62.28,99.14,80.28,2025-08-27 08:56:09
683,대구광역시,2008,65.82,81.21,68.83,51.61,90.27,62.72,2025-08-27 08:56:09
684,인천광역시,2008,73.34,88.47,85.76,47.5,86.34,72.12,2025-08-27 08:56:09
685,광주광역시,2008,70.18,65.76,92.91,78.81,81.29,78.68,2025-08-27 08:56:09
686,대전광역시,2008,70.84,81.08,75.4,37.36,91.43,70.71,2025-08-27 08:56:09
687,울산광역시,2008,76.43,71.33,81.36,57.62,77.18,70.56,2025-08-27 08:56:09
688,세종특별자치시,2008,76.64,71.69,78.44,70.68,80.52,90.05,2025-08-27 08:56:09
689,경기도,2008,87.49,62.82,86.0,53.73,92.11,68.26,2025-08-27 08:56:09
690,강원도,2008,54.91,72.45,77.56,60.73,83.15,79.1,2025-08-27 08:56:09
691,충청북도,2008,73.35,83.91,77.1,66.18,71.1,75.4,2025-08-27 08:56:09
692,충청남도,2008,74.6,80.77,68.8,81.37,84.9,82.57,2025-08-27 08:56:09
693,전라북도,2008,84.28,71.52,92.98,51.69,81.26,81.81,2025-08-27 08:56:09
694,전라남도,2008,60.18,83.32,80.3,69.58,77.99,76.37,2025-08-27 08:56:09
695,경상북도,2008,80.19,81.58,80.74,74.57,78.16,58.39,2025-08-27 08:56:09
696,경상남도,2008,74.56,71.71,74.83,29.89,89.72,63.78,2025-08-27 08:56:09
697,제주특별자치도,2008,71.24,75.37,74.82,77.71,78.82,78.82,2025-08-27 08:56:09
698,서울특별시,2009,76.22,71.8,76.13,81.52,90.56,67.75,2025-08-27 08:56:10
699,부산광역시,2009,66.93,74.86,80.43,80.44,84.32,56.8,2025-08-27 08:56:10
700,대구광역시,2009,77.49,64.53,76.6,73.38,77.5,77.86,2025-08-27 08:56:10
701,인천광역시,2009,65.9,85.38,90.41,78.59,85.25,79.93,2025-08-27 08:56:10
702,광주광역시,2009,88.95,88.4,82.0,70.63,75.5,73.48,2025-08-27 08:56:10
703,대전광역시,2009,67.56,75.03,73.42,68.22,83.73,63.96,2025-08-27 08:56:10
704,울산광역시,2009,63.29,77.05,89.98,67.06,85.71,70.5,2025-08-27 08:56:10
705,세종특별자치시,2009,63.59,81.72,81.19,44.98,80.87,75.68,2025-08-27 08:56:10
706,경기도,2009,75.08,82.27,70.03,64.87,80.42,67.09,2025-08-27 08:56:10
707,강원도,2009,73.38,84.46,77.01,75.78,85.78,69.04,2025-08-27 08:56:10
708,충청북도,2009,60.08,74.21,78.79,57.17,87.55,57.25,2025-08-27 08:56:10
709,충청남도,2009,67.78,78.73,81.68,52.75,81.54,80.35,2025-08-27 08:56:10
710,전라북도,2009,64.06,81.65,68.35,54.3,87.37,89.91,2025-08-27 08:56:10
711,전라남도,2009,91.71,64.71,80.3,57.96,78.89,72.43,2025-08-27 08:56:10
712,경상북도,2009,98.31,87.44,86.35,47.69,81.44,67.57,2025-08-27 08:56:10
713,경상남도,2009,64.7,62.64,76.44,51.62,85.01,60.56,2025-08-27 08:56:10
714,제주특별자치도,2009,64.74,82.18,79.98,62.31,74.78,80.69,2025-08-27 08:56:10
715,서울특별시,2010,78.07,65.76,85.0,77.57,91.32,98.39,2025-08-27 08:56:11
716,부산광역시,2010,73.95,68.69,65.08,63.22,84.02,80.95,2025-08-27 08:56:11
717,대구광역시,2010,79.17,85.43,81.16,47.81,89.33,74.99,2025-08-27 08:56:11
718,인천광역시,2010,80.86,92.72,73.17,51.4,82.23,86.83,2025-08-27 08:56:11
719,광주광역시,2010,76.96,69.73,74.99,77.91,87.85,72.27,2025-08-27 08:56:11
720,대전광역시,2010,80.87,77.07,63.99,58.27,90.28,75.55,2025-08-27 08:56:11
721,울산광역시,2010,75.05,66.34,70.22,59.7,90.68,82.4,2025-08-27 08:56:11
722,세종특별자치시,2010,75.36,76.08,99.67,70.02,82.53,96.35,2025-08-27 08:56:11
723,경기도,2010,77.14,76.77,87.76,59.59,75.84,77.49,2025-08-27 08:56:11
724,강원도,2010,76.56,80.14,73.81,70.06,81.3,71.8,2025-08-27 08:56:11
725,충청북도,2010,62.07,84.73,85.16,62.52,95.78,61.96,2025-08-27 08:56:11
726,충청남도,2010,73.66,76.83,79.98,44.88,87.31,58.66,2025-08-27 08:56:11
727,전라북도,2010,69.63,57.91,71.42,78.39,70.3,79.3,2025-08-27 08:56:11
728,전라남도,2010,71.53,73.19,72.08,54.23,80.34,68.55,2025-08-27 08:56:11
729,경상북도,2010,72.67,76.2,67.13,51.47,75.26,72.94,2025-08-27 08:56:11
730,경상남도,2010,59.82,68.06,79.93,53.89,86.84,60.16,2025-08-27 08:56:11
731,제주특별자치도,2010,62.52,65.07,74.94,70.68,83.65,62.47,2025-08-27 08:56:11
732,서울특별시,2011,62.9,79.28,84.39,58.27,75.73,67.99,2025-08-27 08:56:12
733,부산광역시,2011,76.49,61.87,72.84,72.53,89.65,80.5,2025-08-27 08:56:12
734,대구광역시,2011,77.39,84.03,93.46,59.16,84.53,63.19,2025-08-27 08:56:12
735,인천광역시,2011,84.8,70.83,76.67,74.2,82.35,62.86,2025-08-27 08:56:12
736,광주광역시,2011,69.02,77.57,91.01,72.14,81.99,85.4,2025-08-27 08:56:12
737,대전광역시,2011,74.14,83.83,85.4,39.77,85.58,74.44,2025-08-27 08:56:12
738,울산광역시,2011,77.46,68.51,81.01,36.79,86.07,67.63,2025-08-27 08:56:12
739,세종특별자치시,2011,63.76,68.84,82.31,80.27,81.04,71.32,2025-08-27 08:56:12
740,경기도,2011,69.7,83.69,75.24,54.71,79.48,81.16,2025-08-27 08:56:12
741,강원도,2011,61.69,89.22,86.87,56.03,88.83,69.83,2025-08-27 08:56:12
742,충청북도,2011,73.27,72.13,83.5,62.47,72.56,74.56,2025-08-27 08:56:12
743,충청남도,2011,78.35,62.36,76.51,63.34,90.94,67.9,2025-08-27 08:56:12
744,전라북도,2011,74.1,64.94,71.34,56.32,93.7,70.59,2025-08-27 08:56:12
745,전라남도,2011,73.22,80.33,75.92,87.11,75.37,70.6,2025-08-27 08:56:12
746,경상북도,2011,66.15,77.64,72.84,51.58,84.88,67.29,2025-08-27 08:56:12
747,경상남도,2011,78.45,65.83,92.6,53.99,91.8,70.33,2025-08-27 08:56:12
748,제주특별자치도,2011,59.64,69.85,84.92,70.16,84.73,71.34,2025-08-27 08:56:12
749,서울특별시,2012,73.77,69.55,82.84,77.24,76.99,65.88,2025-08-27 08:56:13
750,부산광역시,2012,68.81,76.7,75.83,45.96,87.28,91.58,2025-08-27 08:56:13
751,대구광역시,2012,63.89,82.85,75.81,51.04,87.54,77.24,2025-08-27 08:56:13
752,인천광역시,2012,35.89,74.51,67.64,78.36,92.38,84.69,2025-08-27 08:56:13
753,광주광역시,2012,71.01,74.17,82.39,45.96,82.28,78.34,2025-08-27 08:56:13
754,대전광역시,2012,69.25,79.69,81.7,53.8,89.3,85.16,2025-08-27 08:56:13
755,울산광역시,2012,53.0,73.13,59.35,94.3,83.15,83.3,2025-08-27 08:56:13
756,세종특별자치시,2012,61.02,73.42,72.2,85.79,91.65,77.03,2025-08-27 08:56:13
757,경기도,2012,77.35,77.19,80.5,61.05,89.15,81.75,2025-08-27 08:56:13
758,강원도,2012,66.41,83.53,80.39,52.92,85.03,84.92,2025-08-27 08:56:13
759,충청북도,2012,50.28,79.46,77.74,61.33,91.25,82.5,2025-08-27 08:56:13
760,충청남도,2012,71.22,80.55,76.41,101.4,80.07,73.33,2025-08-27 08:56:13
761,전라북도,2012,74.71,74.8,70.02,90.55,87.16,81.17,2025-08-27 08:56:13
762,전라남도,2012,75.34,81.93,75.46,75.0,85.97,62.75,2025-08-27 08:56:13
763,경상북도,2012,63.66,89.55,65.31,62.75,79.73,72.68,2025-08-27 08:56:13
764,경상남도,2012,69.02,77.19,76.89,74.25,79.77,62.21,2025-08-27 08:56:13
765,제주특별자치도,2012,110.34,72.12,84.15,72.3,76.73,62.15,2025-08-27 08:56:13
766,서울특별시,2013,56.9,77.65,82.9,37.68,75.69,72.62,2025-08-27 08:56:14
767,부산광역시,2013,68.3,74.11,74.31,73.36,76.9,62.75,2025-08-27 08:56:14
768,대구광역시,2013,70.28,69.04,75.81,77.64,99.65,75.36,2025-08-27 08:56:14
769,인천광역시,2013,73.79,68.2,77.8,69.55,73.27,70.63,2025-08-27 08:56:14
770,광주광역시,2013,80.83,87.38,78.01,76.53,79.7,83.79,2025-08-27 08:56:14
771,대전광역시,2013,72.08,89.24,87.63,48.34,84.43,78.76,2025-08-27 08:56:14
772,울산광역시,2013,63.6,77.1,92.6,78.7,85.41,79.33,2025-08-27 08:56:14
773,세종특별자치시,2013,79.27,85.02,91.93,54.81,85.85,61.67,2025-08-27 08:56:14
774,경기도,2013,73.26,74.61,85.46,83.88,93.05,70.64,2025-08-27 08:56:14
775,강원도,2013,75.09,80.17,90.58,50.67,78.72,70.21,2025-08-27 08:56:14
776,충청북도,2013,66.61,65.32,80.7,78.37,87.54,87.2,2025-08-27 08:56:14
777,충청남도,2013,78.03,86.3,82.66,50.45,78.93,76.74,2025-08-27 08:56:14
778,전라북도,2013,71.96,89.76,68.18,55.52,92.86,72.24,2025-08-27 08:56:14
779,전라남도,2013,30.49,80.45,86.3,63.89,72.08,55.1,2025-08-27 08:56:14
780,경상북도,2013,64.02,78.51,72.73,70.8,83.27,73.94,2025-08-27 08:56:14
781,경상남도,2013,60.45,71.95,75.62,49.57,82.96,58.93,2025-08-27 08:56:14
782,제주특별자치도,2013,80.94,83.04,83.29,81.71,91.53,88.93,2025-08-27 08:56:14
783,서울특별시,2014,72.09,77.16,74.85,56.92,79.64,89.43,2025-08-27 08:56:15
784,부산광역시,2014,59.1,69.2,66.34,66.32,81.38,70.95,2025-08-27 08:56:15
785,대구광역시,2014,75.3,80.42,78.18,44.92,84.03,71.28,2025-08-27 08:56:15
786,인천광역시,2014,50.88,67.49,84.79,67.3,97.3,82.43,2025-08-27 08:56:15
787,광주광역시,2014,58.74,72.35,72.64,62.62,93.27,72.35,2025-08-27 08:56:15
788,대전광역시,2014,64.07,82.39,79.46,65.59,83.45,72.5,2025-08-27 08:56:15
789,울산광역시,2014,66.55,72.54,88.01,80.74,90.37,88.17,2025-08-27 08:56:15
790,세종특별자치시,2014,84.02,61.44,83.92,64.78,84.19,61.71,2025-08-27 08:56:15
791,경기도,2014,73.34,81.37,73.31,66.36,82.11,83.24,2025-08-27 08:56:15
792,강원도,2014,85.35,68.31,81.9,71.01,82.75,62.58,2025-08-27 08:56:15
793,충청북도,2014,74.08,80.57,77.5,43.83,81.29,79.41,2025-08-27 08:56:15
794,충청남도,2014,56.69,70.72,82.44,70.73,78.42,62.96,2025-08-27 08:56:15
795,전라북도,2014,65.11,84.22,73.75,56.09,72.56,82.85,2025-08-27 08:56:15
796,전라남도,2014,70.7,76.16,76.15,61.83,94.97,70.38,2025-08-27 08:56:15
797,경상북도,2014,94.96,67.44,87.85,56.06,83.19,77.86,2025-08-27 08:56:15
798,경상남도,2014,59.07,80.42,90.0,67.36,84.86,71.52,2025-08-27 08:56:15
799,제주특별자치도,2014,86.21,76.24,93.46,74.7,82.1,81.47,2025-08-27 08:56:15
800,서울특별시,2015,56.7,75.16,82.66,87.78,89.06,64.11,2025-08-27 08:56:16
801,부산광역시,2015,60.57,57.45,74.69,62.21,87.3,74.47,2025-08-27 08:56:16
802,대구광역시,2015,79.14,69.18,94.87,55.55,87.23,80.52,2025-08-27 08:56:16
803,인천광역시,2015,60.95,83.59,86.44,49.86,72.82,67.51,2025-08-27 08:56:16
804,광주광역시,2015,80.61,76.01,92.68,44.8,87.69,75.34,2025-08-27 08:56:16
805,대전광역시,2015,58.45,84.93,80.22,60.59,79.92,89.3,2025-08-27 08:56:16
806,울산광역시,2015,61.59,69.51,77.84,62.22,80.95,56.82,2025-08-27 08:56:16
807,세종특별자치시,2015,70.53,93.05,71.42,64.8,94.19,58.71,2025-08-27 08:56:16
808,경기도,2015,79.29,76.45,75.78,58.34,80.07,78.06,2025-08-27 08:56:16
809,강원도,2015,46.83,73.33,75.63,58.18,84.15,80.03,2025-08-27 08:56:16
810,충청북도,2015,58.29,71.53,86.18,65.64,82.47,78.4,2025-08-27 08:56:16
811,충청남도,2015,81.42,75.58,83.83,48.16,85.03,56.17,2025-08-27 08:56:16
812,전라북도,2015,68.97,76.21,69.65,58.27,84.66,68.12,2025-08-27 08:56:16
813,전라남도,2015,59.4,76.79,85.87,61.39,82.22,68.73,2025-08-27 08:56:16
814,경상북도,2015,72.44,78.77,83.79,43.97,72.32,68.02,2025-08-27 08:56:16
815,경상남도,2015,66.96,65.4,75.04,59.31,90.66,69.34,2025-08-27 08:56:16
816,제주특별자치도,2015,62.64,72.07,76.53,68.18,81.81,86.77,2025-08-27 08:56:16
817,서울특별시,2016,71.83,71.83,87.24,60.05,81.45,68.0,2025-08-27 08:56:17
818,부산광역시,2016,69.71,80.95,80.91,83.85,81.98,83.34,2025-08-27 08:56:17
819,대구광역시,2016,102.71,74.49,80.01,72.79,88.25,78.55,2025-08-27 08:56:17
820,인천광역시,2016,81.81,86.68,84.3,58.04,81.3,95.19,2025-08-27 08:56:17
821,광주광역시,2016,53.97,79.15,74.25,90.66,82.07,75.59,2025-08-27 08:56:17
822,대전광역시,2016,62.71,87.16,81.02,71.47,76.61,71.18,2025-08-27 08:56:17
823,울산광역시,2016,64.66,78.83,87.18,76.89,87.42,70.83,2025-08-27 08:56:17
824,세종특별자치시,2016,65.96,85.94,83.41,72.37,91.25,88.68,2025-08-27 08:56:17
825,경기도,2016,57.41,74.98,88.48,55.58,83.53,77.98,2025-08-27 08:56:17
826,강원도,2016,85.57,77.16,69.15,55.27,84.11,79.18,2025-08-27 08:56:17
827,충청북도,2016,73.15,74.96,75.45,66.64,90.67,60.5,2025-08-27 08:56:17
828,충청남도,2016,54.17,72.98,85.84,74.7,79.07,71.42,2025-08-27 08:56:17
829,전라북도,2016,76.15,75.81,88.94,50.13,80.88,84.42,2025-08-27 08:56:17
830,전라남도,2016,80.04,67.59,79.33,70.6,82.68,74.87,2025-08-27 08:56:17
831,경상북도,2016,96.56,82.96,88.3,71.84,86.6,79.64,2025-08-27 08:56:17
832,경상남도,2016,81.78,86.09,84.72,80.68,85.06,64.09,2025-08-27 08:56:17
833,제주특별자치도,2016,80.14,80.07,80.6,87.2,92.16,71.9,2025-08-27 08:56:17
834,서울특별시,2017,68.62,74.22,76.98,82.49,80.43,79.93,2025-08-27 08:56:18
835,부산광역시,2017,70.97,73.08,93.41,74.08,80.24,74.44,2025-08-27 08:56:18
836,대구광역시,2017,66.97,66.1,73.72,79.5,90.5,88.31,2025-08-27 08:56:18
837,인천광역시,2017,62.77,72.27,86.91,61.6,82.9,75.69,2025-08-27 08:56:18
838,광주광역시,2017,84.77,74.99,82.59,45.26,84.51,74.13,2025-08-27 08:56:18
839,대전광역시,2017,71.88,74.75,77.67,56.12,86.58,71.14,2025-08-27 08:56:18
840,울산광역시,2017,58.51,73.88,72.96,64.88,79.0,73.5,2025-08-27 08:56:18
841,세종특별자치시,2017,71.27,71.7,81.44,48.79,94.5,71.45,2025-08-27 08:56:18
842,경기도,2017,68.07,66.62,77.79,66.35,89.05,77.43,2025-08-27 08:56:18
843,강원도,2017,65.32,76.27,82.76,70.6,101.56,78.3,2025-08-27 08:56:18
844,충청북도,2017,51.96,72.13,76.95,59.07,86.31,68.61,2025-08-27 08:56:18
845,충청남도,2017,74.35,88.58,81.26,69.46,81.02,79.71,2025-08-27 08:56:18
846,전라북도,2017,60.79,77.45,76.91,66.09,88.32,69.53,2025-08-27 08:56:18
847,전라남도,2017,69.06,61.51,84.99,62.93,85.36,91.57,2025-08-27 08:56:18
848,경상북도,2017,49.36,53.44,70.19,73.59,83.12,80.78,2025-08-27 08:56:18
849,경상남도,2017,80.99,76.03,71.46,62.34,89.47,72.66,2025-08-27 08:56:18
850,제주특별자치도,2017,67.55,65.32,77.37,56.67,84.47,67.26,2025-08-27 08:56:18
851,서울특별시,2018,73.98,77.2,65.14,96.15,81.63,61.4,2025-08-27 08:56:19
852,부산광역시,2018,69.73,78.74,79.93,57.49,88.74,78.15,2025-08-27 08:56:19
853,대구광역시,2018,61.54,80.49,90.83,60.26,82.26,59.87,2025-08-27 08:56:19
854,인천광역시,2018,65.84,71.04,88.95,51.74,77.01,73.01,2025-08-27 08:56:19
855,광주광역시,2018,62.41,73.95,74.32,50.0,89.07,84.04,2025-08-27 08:56:19
856,대전광역시,2018,62.6,90.2,84.6,55.35,79.77,82.12,2025-08-27 08:56:19
857,울산광역시,2018,72.43,72.82,75.37,64.75,95.19,82.59,2025-08-27 08:56:19
858,세종특별자치시,2018,58.38,63.97,79.7,64.24,74.36,61.86,2025-08-27 08:56:19
859,경기도,2018,78.2,77.61,77.52,81.95,78.66,92.33,2025-08-27 08:56:19
860,강원도,2018,58.38,80.52,66.19,61.91,85.32,96.17,2025-08-27 08:56:19
861,충청북도,2018,72.53,73.08,84.64,63.04,82.95,72.74,2025-08-27 08:56:19
862,충청남도,2018,73.92,73.51,84.0,36.98,86.36,68.51,2025-08-27 08:56:19
863,전라북도,2018,65.35,75.86,80.63,73.65,88.39,96.84,2025-08-27 08:56:19
864,전라남도,2018,66.1,78.98,82.61,64.48,82.11,75.63,2025-08-27 08:56:19
865,경상북도,2018,61.86,72.62,81.73,63.66,85.8,75.7,2025-08-27 08:56:19
866,경상남도,2018,65.14,72.8,71.54,75.14,77.55,68.36,2025-08-27 08:56:19
867,제주특별자치도,2018,74.85,73.61,82.03,76.0,90.85,72.49,2025-08-27 08:56:19
868,서울특별시,2019,66.4,78.42,97.72,59.78,82.04,79.21,2025-08-27 08:56:20
869,부산광역시,2019,68.62,68.52,89.47,61.73,73.68,75.74,2025-08-27 08:56:20
870,대구광역시,2019,55.54,71.43,71.35,80.74,84.34,70.46,2025-08-27 08:56:20
871,인천광역시,2019,68.17,71.46,78.16,36.48,85.61,66.92,2025-08-27 08:56:20
872,광주광역시,2019,61.31,63.86,84.55,66.42,83.45,79.82,2025-08-27 08:56:20
873,대전광역시,2019,81.84,64.85,85.73,58.63,84.51,55.46,2025-08-27 08:56:20
874,울산광역시,2019,53.97,75.47,90.48,61.14,91.19,94.55,2025-08-27 08:56:20
875,세종특별자치시,2019,85.09,65.97,80.47,72.17,83.0,72.92,2025-08-27 08:56:20
876,경기도,2019,65.56,79.53,75.09,58.6,100.41,86.5,2025-08-27 08:56:20
877,강원도,2019,75.92,61.93,87.05,70.63,87.24,67.69,2025-08-27 08:56:20
878,충청북도,2019,70.39,90.19,81.32,54.48,80.85,73.73,2025-08-27 08:56:20
879,충청남도,2019,68.46,60.53,86.3,74.24,84.57,75.64,2025-08-27 08:56:20
880,전라북도,2019,69.02,80.61,76.21,82.26,79.03,69.4,2025-08-27 08:56:20
881,전라남도,2019,77.21,83.95,79.24,54.02,94.56,74.94,2025-08-27 08:56:20
882,경상북도,2019,50.49,59.97,84.02,79.43,85.54,86.72,2025-08-27 08:56:20
883,경상남도,2019,58.97,80.52,84.32,50.72,89.8,84.51,2025-08-27 08:56:20
884,제주특별자치도,2019,55.69,71.05,83.01,58.8,80.64,72.91,2025-08-27 08:56:20
885,서울특별시,2020,57.99,78.31,82.56,61.94,87.21,89.15,2025-08-27 08:56:22
886,부산광역시,2020,73.31,72.3,81.1,62.08,85.08,70.85,2025-08-27 08:56:22
887,대구광역시,2020,62.7,77.65,76.08,43.38,72.96,81.51,2025-08-27 08:56:22
888,인천광역시,2020,54.2,93.33,84.38,54.77,82.34,78.8,2025-08-27 08:56:22
889,광주광역시,2020,56.6,74.7,71.42,61.38,95.15,74.06,2025-08-27 08:56:22
890,대전광역시,2020,82.39,77.75,82.56,70.42,81.2,89.99,2025-08-27 08:56:22
891,울산광역시,2020,75.13,64.5,76.75,62.17,84.16,76.71,2025-08-27 08:56:22
892,세종특별자치시,2020,62.3,83.9,82.41,94.83,79.44,70.93,2025-08-27 08:56:22
893,경기도,2020,70.76,61.88,95.05,60.07,84.22,61.31,2025-08-27 08:56:22
894,강원도,2020,66.22,76.72,71.39,47.94,86.93,68.56,2025-08-27 08:56:22
895,충청북도,2020,73.03,78.69,77.43,70.28,77.43,60.51,2025-08-27 08:56:22
896,충청남도,2020,74.98,75.57,85.93,60.21,87.22,65.36,2025-08-27 08:56:22
897,전라북도,2020,87.68,72.83,71.06,47.14,85.42,72.96,2025-08-27 08:56:22
898,전라남도,2020,69.81,63.82,86.41,79.86,91.28,75.43,2025-08-27 08:56:22
899,경상북도,2020,60.67,75.05,93.15,67.18,92.52,78.17,2025-08-27 08:56:22
900,경상남도,2020,60.73,81.93,72.54,58.8,75.61,75.15,2025-08-27 08:56:22
901,제주특별자치도,2020,59.56,76.6,82.83,40.3,87.76,74.1,2025-08-27 08:56:22
902,서울특별시,2021,62.42,81.02,72.28,68.06,78.7,82.46,2025-08-27 08:56:23
903,부산광역시,2021,67.75,83.6,75.83,65.69,86.37,73.01,2025-08-27 08:56:23
904,대구광역시,2021,77.65,66.56,91.99,47.35,79.05,78.5,2025-08-27 08:56:23
905,인천광역시,2021,87.3,64.33,92.89,36.18,84.73,66.7,2025-08-27 08:56:23
906,광주광역시,2021,57.35,79.89,65.86,59.38,82.28,80.34,2025-08-27 08:56:23
907,대전광역시,2021,72.71,74.34,84.63,59.61,82.58,70.8,2025-08-27 08:56:23
908,울산광역시,2021,77.13,87.25,72.58,53.48,85.71,65.78,2025-08-27 08:56:23
909,세종특별자치시,2021,66.15,69.73,79.24,67.77,80.12,61.07,2025-08-27 08:56:23
910,경기도,2021,87.76,62.29,58.7,53.44,79.48,85.43,2025-08-27 08:56:23
911,강원도,2021,65.81,88.07,69.38,78.27,79.98,77.71,2025-08-27 08:56:23
912,충청북도,2021,58.98,82.1,69.69,52.93,88.4,72.57,2025-08-27 08:56:23
913,충청남도,2021,73.15,74.5,75.79,83.94,81.09,71.02,2025-08-27 08:56:23
914,전라북도,2021,69.7,78.75,78.22,79.76,82.04,63.08,2025-08-27 08:56:23
915,전라남도,2021,60.16,70.07,87.46,65.39,72.75,72.78,2025-08-27 08:56:23
916,경상북도,2021,73.21,65.32,81.3,76.18,81.33,74.98,2025-08-27 08:56:23
917,경상남도,2021,67.62,70.15,80.51,68.82,83.14,73.14,2025-08-27 08:56:23
918,제주특별자치도,2021,79.79,70.41,80.69,45.78,89.26,76.98,2025-08-27 08:56:23
919,서울특별시,2022,74.07,68.46,70.67,73.44,80.4,90.63,2025-08-27 08:56:24
920,부산광역시,2022,60.54,85.62,87.04,52.95,83.2,73.44,2025-08-27 08:56:24
921,대구광역시,2022,57.57,77.38,86.77,81.83,90.11,77.1,2025-08-27 08:56:24
922,인천광역시,2022,65.6,71.54,86.43,60.23,83.12,77.18,2025-08-27 08:56:24
923,광주광역시,2022,69.7,71.18,72.84,71.78,87.05,69.53,2025-08-27 08:56:24
924,대전광역시,2022,74.73,76.06,86.98,68.93,85.99,62.39,2025-08-27 08:56:24
925,울산광역시,2022,70.89,71.41,80.57,73.86,83.48,82.65,2025-08-27 08:56:24
926,세종특별자치시,2022,80.58,48.85,74.67,75.26,80.9,82.15,2025-08-27 08:56:24
927,경기도,2022,78.9,78.32,65.51,50.55,93.21,81.28,2025-08-27 08:56:24
928,강원도,2022,81.01,63.53,70.34,49.89,80.53,76.29,2025-08-27 08:56:24
929,충청북도,2022,75.37,74.02,82.94,51.65,78.6,71.26,2025-08-27 08:56:24
930,충청남도,2022,81.99,73.55,71.2,70.82,89.46,69.13,2025-08-27 08:56:24
931,전라북도,2022,55.64,67.04,75.97,72.28,83.78,90.81,2025-08-27 08:56:24
932,전라남도,2022,69.37,75.21,80.69,69.08,85.16,73.76,2025-08-27 08:56:24
933,경상북도,2022,67.95,66.69,84.15,49.5,86.15,70.12,2025-08-27 08:56:24
934,경상남도,2022,80.0,68.25,86.16,65.44,81.03,75.02,2025-08-27 08:56:24
935,제주특별자치도,2022,79.19,71.62,82.36,70.63,78.41,73.23,2025-08-27 08:56:24
936,서울특별시,2023,80.53,69.02,76.71,61.96,84.6,68.29,2025-08-27 08:56:25
937,부산광역시,2023,83.3,69.47,78.25,81.52,90.39,80.7,2025-08-27 08:56:25
938,대구광역시,2023,82.0,71.18,83.5,43.06,90.8,64.63,2025-08-27 08:56:25
939,인천광역시,2023,58.9,51.55,84.14,68.18,78.58,76.14,2025-08-27 08:56:25
940,광주광역시,2023,69.78,72.14,76.37,61.6,93.64,78.3,2025-08-27 08:56:25
941,대전광역시,2023,67.15,70.7,90.38,81.54,80.24,81.16,2025-08-27 08:56:25
942,울산광역시,2023,65.42,63.88,81.98,68.7,100.06,75.81,2025-08-27 08:56:25
943,세종특별자치시,2023,79.78,74.31,90.44,77.48,79.03,79.9,2025-08-27 08:56:25
944,경기도,2023,66.5,82.67,77.39,65.67,89.27,69.04,2025-08-27 08:56:25
945,강원도,2023,80.08,83.99,69.97,64.56,97.59,86.46,2025-08-27 08:56:25
946,충청북도,2023,75.14,76.73,70.44,76.35,97.81,59.61,2025-08-27 08:56:25
947,충청남도,2023,82.0,81.54,66.51,37.94,89.17,82.12,2025-08-27 08:56:25
948,전라북도,2023,71.51,83.02,81.89,38.91,82.84,79.24,2025-08-27 08:56:25
949,전라남도,2023,55.37,79.04,83.0,55.02,82.78,72.69,2025-08-27 08:56:25
950,경상북도,2023,81.2,74.12,69.69,66.23,82.69,82.87,2025-08-27 08:56:25
951,경상남도,2023,60.22,83.02,60.59,76.98,79.65,76.99,2025-08-27 08:56:25
952,제주특별자치도,2023,71.48,77.18,71.77,61.17,94.59,77.55,2025-08-27 08:56:25
953,서울특별시,2024,77.3,71.37,81.85,45.77,87.31,65.28,2025-08-27 08:56:26
954,부산광역시,2024,69.83,85.38,73.5,51.58,81.55,72.29,2025-08-27 08:56:26
955,대구광역시,2024,82.03,78.41,69.94,71.72,81.99,68.26,2025-08-27 08:56:26
956,인천광역시,2024,61.19,76.95,73.06,77.53,66.8,71.74,2025-08-27 08:56:26
957,광주광역시,2024,59.47,79.66,77.95,58.66,77.43,78.9,2025-08-27 08:56:26
958,대전광역시,2024,80.14,61.96,83.62,87.79,87.15,85.85,2025-08-27 08:56:26
959,울산광역시,2024,73.65,72.67,87.36,51.22,88.14,69.16,2025-08-27 08:56:26
960,세종특별자치시,2024,53.92,76.76,78.96,55.02,78.95,74.87,2025-08-27 08:56:26
961,경기도,2024,59.79,64.21,85.41,59.91,82.83,85.77,2025-08-27 08:56:26
962,강원도,2024,75.86,85.79,75.36,69.22,83.1,83.98,2025-08-27 08:56:26
963,충청북도,2024,70.81,77.9,85.9,70.02,89.72,76.3,2025-08-27 08:56:26
964,충청남도,2024,56.88,78.25,78.35,57.12,84.14,82.02,2025-08-27 08:56:26
965,전라북도,2024,67.56,61.63,78.02,81.07,89.05,64.57,2025-08-27 08:56:26
966,전라남도,2024,87.08,70.41,70.91,64.25,83.14,74.12,2025-08-27 08:56:26
967,경상북도,2024,67.87,62.89,90.89,51.19,96.7,68.5,2025-08-27 08:56:26
968,경상남도,2024,64.67,80.87,69.17,62.23,84.71,69.04,2025-08-27 08:56:26
969,제주특별자치도,2024,74.16,60.68,78.43,52.75,80.99,76.54,2025-08-27 08:56:26
970,서울특별시,2025,83.91,72.74,85.67,72.61,80.79,66.15,2025-08-27 08:56:27
971,부산광역시,2025,71.64,91.97,68.63,62.16,86.25,73.43,2025-08-27 08:56:27
972,대구광역시,2025,66.46,83.15,88.24,55.35,83.6,61.81,2025-08-27 08:56:27
973,인천광역시,2025,79.23,80.02,73.34,71.55,80.08,80.05,2025-08-27 08:56:27
974,광주광역시,2025,70.83,70.5,72.97,62.0,80.08,75.41,2025-08-27 08:56:27
975,대전광역시,2025,53.9,83.57,90.03,48.29,88.57,75.52,2025-08-27 08:56:27
976,울산광역시,2025,69.74,69.7,80.63,48.78,84.74,67.98,2025-08-27 08:56:27
977,세종특별자치시,2025,63.3,69.63,63.3,77.77,86.87,78.01,2025-08-27 08:56:27
978,경기도,2025,61.96,76.24,69.99,57.0,91.15,82.58,2025-08-27 08:56:27
979,강원도,2025,76.91,74.3,66.84,63.6,84.24,68.72,2025-08-27 08:56:27
980,충청북도,2025,63.37,70.84,76.07,74.06,77.74,83.73,2025-08-27 08:56:27
981,충청남도,2025,72.85,92.96,64.76,62.5,73.52,72.72,2025-08-27 08:56:27
982,전라북도,2025,75.2,79.18,79.43,60.6,80.76,86.72,2025-08-27 08:56:27
983,전라남도,2025,51.55,64.51,85.12,42.4,76.34,83.22,2025-08-27 08:56:27
984,경상북도,2025,61.8,71.6,85.05,60.25,81.05,89.57,2025-08-27 08:56:27
985,경상남도,2025,56.51,82.71,87.66,60.94,79.5,77.68,2025-08-27 08:56:27
986,제주특별자치도,2025,92.42,72.63,87.78,71.21,87.4,94.77,2025-08-27 08:56:27
