region,year,navis_index,bds_index,academic_effect,independent_cycle,random_variation,additional_variation,structural_change
서울특별시,1995,6.91,7.651549852164378,0.0,0.029179618571125932,-0.003016604296887757,0.010405367359444802,0.0
서울특별시,1996,6.94,7.5883960818887335,0.0009812676528331856,-0.027930084933198245,-0.015075006926825955,-0.011252873481683006,0.0007693661043668222
서울특별시,1997,6.85,7.496863825608243,0.0019234152609170557,-0.029601481685930985,-0.029048675451600336,0.009850054925823845,0.0014172662176804654
서울특별시,1998,6.86,7.604413682624187,0.0027888823722360097,0.013758298279189557,0.02894573651927267,-0.003410548121198869,0.0018414111580801352
서울특별시,1999,6.84,7.500255349737004,0.0035431655442011638,-0.028975384214367662,0.007757879389029334,-0.016419619098326125,0.0019748377655781205
서울특별시,2000,6.83,7.542102302667771,0.004156193887024461,0.022149390052143576,0.004857735901902529,-0.016131742727993836,0.001796480912635506
서울특별시,2001,6.84,7.562362903491204,0.004603527895200338,0.0065779656759073985,0.03907392142160115,-0.02620204061436284,0.001334499224620417
서울특별시,2002,6.83726543012665,7.5769467503976236,0.004867333773466919,0.01898027975381411,0.0034520881275125043,0.013719165717363292,0.0006618294520144161
서울특별시,2003,6.830997655991457,7.488562685804326,0.004937094413945302,-0.02961701216632732,-0.012070551130476576,0.003102527118037421,-0.00011532863875485143
서울특별시,2004,6.761017485421545,7.457290592559702,0.004810028680042046,-0.0028162057743190963,0.00999845876471788,-0.002457141112567028,-0.0008742788733115022
서울특별시,2005,6.74,7.492476776554211,0.004491202281588765,-0.006016678010362959,0.061543079085008424,0.004156093150641916,-0.001495199697421178
서울특별시,2006,6.76,7.42896770489544,0.003993325820976907,-0.02001000041728001,0.014785000492658313,-0.013414463701477196,-0.0018800613657676249
서울특별시,2007,6.74,7.372465072804816,0.003336248061551042,-0.01866792410594022,-0.061114961770039736,0.029971289391036438,-0.0019681026832595217
서울특별시,2008,6.74,7.463003111535621,0.0025461646200507075,0.02766763264357727,0.017424313824600003,-0.01050462098982507,-0.0017454238617178961
서울특별시,2009,6.73,7.419951427910685,0.0016545736300360402,-0.028853060526628414,0.03017250233636649,0.003998561764623518,-0.001247180990800957
서울특별시,2010,6.79,7.4618661903338515,0.0006970200107008593,-0.029634419808372833,0.01781178759462746,-0.00498699071226408,-0.0005520356644593703
서울특별시,2011,6.675,7.424402583337552,-0.00028832159688712856,0.029605311645932664,0.02886033510867422,0.0075392473108032414,0.00023026395513697692
서울특별시,2012,6.703244098223407,7.3574326677171324,-0.0012621687322586395,-0.006163039117953485,-0.02889347602468199,0.010471149021398039,0.0009762099592623696
서울특별시,2013,6.717705304269462,7.411524360445604,-0.002185697183278756,0.029507457744182276,0.001962493830265135,-0.020389142653598077,0.00156803387573045
서울특별시,2014,6.736170449438369,7.403098250254393,-0.0030220887849678646,-0.027767961938486716,0.021249208911504912,-0.008544714248945024,0.001912299721158601
서울특별시,2015,6.598257248442954,7.19513987493934,-0.0037379992435529453,-0.012442973438317621,-0.02186731062329236,-0.03196221472516388,0.0019546554882731116
서울특별시,2016,6.6328045479067885,7.309893674386025,-0.004304887468236306,0.026545039965721048,-0.022023069096178356,0.0010539324769522423,0.0016884141327654528
서울특별시,2017,6.596891113616701,7.2487107400485105,-0.004700153414419062,-0.0137623332556231,0.01075376198429016,-0.010506616765217639,0.0011556093105538217
서울특별시,2018,6.533840239632831,7.178201028342821,-0.004908039076160727,0.01665059906091147,-0.023837315019041953,-0.006380214928186692,0.00044035918774993076
서울특별시,2019,6.676135261630137,7.341440863927925,-0.004920256708148804,-0.008679853469468918,-0.013848072533453343,0.015765059379404492,-0.00034441396817931326
부산광역시,1995,5.72,6.299713820518633,0.0,-0.02064477045143922,0.0316534234516316,-0.012340300668124485,0.0
부산광역시,1996,5.72,6.347153028455364,0.0008818454607683698,0.022720169681488572,-0.0018367630578344793,0.020136878971318998,0.0006914138103360712
부산광역시,1997,5.77,6.3751054909421585,0.0017285345258401784,0.01212369876049339,0.015346685260571152,-0.012997132553663953,0.001273668582830928
부산광역시,1998,5.78,6.379100562761556,0.002506312374072864,0.022128524997402792,-0.023462871791708043,0.008147790478292916,0.0016548390915289298
부산광역시,1999,5.7,6.2643488464952695,0.0031841714570773204,-0.01833432621521481,0.015951581508887563,-0.016253167630897056,0.0017747468942860068
부산광역시,2000,5.69,6.297331328484402,0.003735087672322195,-0.01213427351891935,0.010596510496566387,0.023250555353709963,0.0016144611855802757
부산광역시,2001,5.66,6.257794421287895,0.004137097728822325,-0.012443462155651659,0.014984590598017985,0.013176580059445891,0.0011992875544532824
부산광역시,2002,5.749193087488301,6.381335394811186,0.004374174754241143,0.005851104009725635,0.023761700796922084,0.009885182497055514,0.000594772788419784
부산광역시,2003,5.750552914500245,6.318388426924307,0.0044368672357150175,0.006437018510938274,-0.023213275085715898,-0.0027612853686062363,-0.00010364352303769465
부산광역시,2004,5.747835751238075,6.339810318188988,0.00432267582184515,0.023708648530630472,0.02374919749658773,-0.043592552246899244,-0.000785696801121904
부산광역시,2005,5.68,6.276959904616765,0.0040361529639506896,-0.010403663247177916,0.02833090325043679,-0.00221977545480429,-0.0013437058302147612
부산광역시,2006,5.76,6.391759817415965,0.003588721424200722,0.019977092007461967,0.00897663048859889,0.012243256570871185,-0.0016895732541282566
부산광역시,2007,5.62,6.159975745793281,0.0029982188861332063,-0.010190096666729865,-0.04820705785188923,0.028448875948935623,-0.0017686942115613604
부산광역시,2008,5.64,6.202558739151228,0.002288186822502382,0.007966884343870115,0.010871630180211327,-0.029248180444991348,-0.001568577243047455
부산광역시,2009,5.44,6.013008327749894,0.0014869319710494602,0.02013149471771081,0.0028168475426704094,-0.004514154341565297,-0.001120816417741827
부산광역시,2010,5.6499999999999995,6.239014272798366,0.0006263978341959729,-0.007503283846493435,0.010866280694491541,0.01037177604829265,-0.0004961033245926266
부산광역시,2011,5.598,6.201190775917438,-0.00025910880759423663,0.0198581437868504,0.006353433406949154,0.005723909073272721,0.0002069335751869874
부산광역시,2012,5.624368948705028,6.233866075856308,-0.0011342855988907892,-0.022110073565917116,0.03809854832627588,0.019510401331372402,0.0008773002135012212
부산광역시,2013,5.578307436766399,6.156141501997978,-0.00196424200280476,0.019089382802739044,-0.008237817445738694,-3.904892561037619e-05,0.0014091604381857676
부산광역시,2014,5.636183731081622,6.2606659654212065,-0.0027158902765909874,-0.022376349979514418,0.03745456407000338,0.0339246562141009,0.0017185452143086283
부산광역시,2015,5.584823581881675,6.184455141785929,-0.0033592645755369036,0.012477302422239534,0.01063911508145404,0.008313537569550288,0.001756609488474245
부산광역시,2016,5.603211961781411,6.115241972695045,-0.0038687155966285413,-0.02661829519015808,-0.021333348802326187,-0.0027120993479309774,0.0015173437487493466
부산광역시,2017,5.516768774394813,6.092173923889308,-0.004223933135320642,0.00039602033052315775,0.033452821241880024,-0.016865799735262924,0.0010385227944600286
부산광역시,2018,5.525954924271231,6.097409571041606,-0.004410755789299311,0.02545427064574479,0.005295044034728946,-0.017458720757498557,0.0003957419259706691
부산광역시,2019,5.524094058707705,6.115394656500356,-0.004421735528903401,0.026579658966987347,0.0171617894090953,-0.011183675115434796,-0.0003095178910537075
대구광역시,1995,5.75,6.33955241171262,0.0,-0.00029131290245268317,0.009219845246060863,-0.003972595572663746,0.0
대구광역시,1996,5.68,6.274629667732892,0.0007416354006159783,0.021066774444216722,-0.002475677553463211,-0.0036719290087766027,0.0005814816552700961
대구광역시,1997,5.72,6.3223306015336185,0.0014537041381752405,0.02018080609181529,-0.013368878230953804,0.010273024093000372,0.0010711601427950352
대구광역시,1998,5.79,6.424839864715138,0.0021078182791741404,0.01621355531644515,0.004364983700907079,0.019047717369190535,0.0013917259964480388
대구광역시,1999,5.84,6.486603557330168,0.0026779003569875883,0.022307202056251918,0.008778869266037001,0.01405786433952185,0.0014925689165411374
대구광역시,2000,5.79,6.378505649296705,0.00314122299817119,-0.003113691951991383,0.004075709205212083,-0.005237258925918101,0.00135776802332634
대구광역시,2001,5.76,6.283992369895058,0.0034793149911200977,-0.02036187918109851,-0.024417780056427012,-0.016396807560898462,0.0010086054138394441
대구광역시,2002,5.758572450760948,6.323423817358847,0.003678697674986418,0.01066334828194371,0.001911529154464017,-0.03547562796424584,0.0005002061867289601
대구광역시,2003,5.719444031981546,6.274689946340992,0.003731422291352844,0.0071603062499603415,-0.03910636218081337,0.004366984080934329,-8.716459872950687e-05
대구광역시,2004,5.680900883960907,6.235826018112445,0.003635386876146995,0.005242964225506735,-0.012687184023173054,-0.016136314974236357,-0.0006607740106242845
대구광역시,2005,5.7,6.2898816124690375,0.00339442005831585,0.006083730860881455,-0.0016581394848961405,0.0032745062908932404,-0.0011300617353442461
대구광역시,2006,5.7,6.227153537624797,0.003018128424471571,-0.019654949551339344,-0.01351100830781978,-0.016548327797311052,-0.001420937559857309
대구광역시,2007,5.57,6.192909792670401,0.0025215135345986106,0.022133270665804484,0.011548195730405317,0.01806023261051796,-0.0014874785872521674
대구광역시,2008,5.59,6.085242616756082,0.0019243738571972982,-0.020184579921914796,-0.030777833095514007,-0.01695887698358268,-0.0013191794524076684
대구광역시,2009,5.61,6.107689195400959,0.0012505154668224002,-0.02064744168848296,-0.028295767841776835,-0.018296921529004823,-0.0009426108881534094
대구광역시,2010,5.66,6.216299940975902,0.0005268029710150484,-0.01914650307549544,0.018543888106770285,-0.01687368453010679,-0.0004172247907933759
대구광역시,2011,5.634,6.244673633083241,-0.00021791149682376715,0.020987430120387805,-0.0069540674735106426,0.02143573274066928,0.00017403192709182532
대구광역시,2012,5.637141100014603,6.21659527795247,-0.0009539385209437125,0.01941964130493075,0.007690499557754454,-0.020671198342061298,0.0007378128303042444
대구광역시,2013,5.621410767233376,6.172701635279043,-0.0016519350265607113,-0.004833780966727955,0.006505130923179208,-0.01957902970835484,0.0011851093106443923
대구광역시,2014,5.6213915486999255,6.188675458566208,-0.0022840740956511624,0.02085110033344936,-0.0026408354410837253,-0.02093581933169245,0.0014453030890241522
대구광역시,2015,5.685648466717787,6.227599938384521,-0.0028251543383606154,-0.022397935339431903,0.0026262831795841575,-0.011945705597986604,0.0014773152889796595
대구광역시,2016,5.680988095625478,6.281022227383136,-0.0032536045928896885,0.0191627023763869,0.0041515292503752,-0.00018325480883120814,0.0012760918880223768
대구광역시,2017,5.625733977221651,6.18414411174828,-0.0035523438996432725,0.011275199076846654,-0.016259355105970527,-0.004526195744091613,0.0008734016366621575
대구광역시,2018,5.561583209867705,6.125026505942542,-0.003709462465187496,-0.021342998837160176,0.01606894907003045,0.007156656531711578,0.00033282047123320995
대구광역시,2019,5.557830116829564,6.060468972735787,-0.003718696468130418,-0.013816508301795125,-0.01318763636316747,-0.026458227178789748,-0.0002603057285450196
인천광역시,1995,6.12,6.784987626172272,0.0,-0.02700220072586238,0.06183009179615308,0.005168059089220087,0.0
인천광역시,1996,6.06,6.619381517033154,0.0013352631343767117,-0.04022964277244678,0.0035747030274862206,-0.017870280590033157,0.001046917416500923
인천광역시,1997,5.97,6.51943951486201,0.002617293541252308,-0.04031087308824845,-0.005529849262268029,-0.011587051466622686,0.0019285495925625451
인천광역시,1998,5.95,6.661754359014359,0.0037949807139855563,0.007830050954549372,0.09328475865063963,-0.008124423350649194,0.0025057061929181106
인천광역시,1999,5.92,6.6545558218067,0.004821373981406364,0.03953674164793452,0.04442897506909309,0.03175140335280208,0.0026872668808941343
인천광역시,2000,5.87,6.520779916199734,0.005655554282913917,-0.017113452402734278,0.01589251691838345,0.043479995651839354,0.002444567216016658
인천광역시,2001,5.84,6.529941585439778,0.006264265482295277,0.02641163638920058,0.054146938825435684,0.0008034439047158652,0.0018159241388882015
인천광역시,2002,5.88609350020525,6.488355844424352,0.006623240184930377,0.040105728946826354,-0.004758043710026634,-0.03894998921435409,0.0009005865687797429
인천광역시,2003,5.859115156651474,6.429778184067027,0.006718167202235337,0.020518115416872363,-0.05328886943611213,0.003410379431516979,-0.00015693381843636626
인천광역시,2004,5.826582639102011,6.507784792350689,0.006545262093589734,0.03182082802345169,0.01819649080391413,0.027239464585347883,-0.0011896778063830785
인천광역시,2005,5.75,6.338548290447582,0.006111418040041646,-0.03375916947580039,-0.01807371188721093,0.051782256009185845,-0.002034597827344374
인천광역시,2006,5.8,6.314530944648482,0.005433931034931953,-0.029494215950250674,-0.0175454281816609,-0.025048075603346917,-0.0025582995881167614
인천광역시,2007,5.75,6.418047752648587,0.004539810347220503,-0.007547234928630981,0.05277732024069075,0.03054501444450164,-0.0026781020958316164
인천광역시,2008,5.75,6.380372278473033,0.003464701747165367,0.03076899378485701,0.002867797941971923,0.008025707391995936,-0.002375091168738996
인천광역시,2009,5.74,6.232451497754745,0.0022514664219493575,-0.03946509997080043,-0.05343957725152015,0.008338740216977433,-0.00169710556962081
인천광역시,2010,5.7299999999999995,6.35993621489401,0.0009484722354033791,-0.016737987101872676,0.06023676447966636,0.0005337633093952873,-0.0007511843170265574
인천광역시,2011,5.68,6.23906954699716,-0.0003923345460909156,0.04032599397163033,-0.025133219150128495,-0.031797525477999,0.0003133324221810934
인천광역시,2012,5.719801061049202,6.297230115448185,-0.0017175001873158202,-0.03398193933424567,0.03219820103302989,-0.0012555992281492146,0.0013283808614814564
인천광역시,2013,5.5994749538154105,6.134550611710794,-0.0029741945159576966,-0.03172700552120474,0.015505369181155951,-0.01426287391913977,0.0021337071711999426
인천광역시,2014,5.596594801322694,6.219472603842455,-0.004112317094861878,0.034016154806601355,0.01337333654386189,0.004364889844453489,0.002602168034551552
인천광역시,2015,5.646548357801414,6.057952639805432,-0.005086494568360936,-0.03427885969612043,-0.07095302338095356,-0.04260534386648966,0.0026598037817332294
인천광역시,2016,5.662854508235425,6.29906693576423,-0.005857889554781255,0.035761485310705256,0.02338425520158013,0.0007724206136824638,0.00229751499556013
인천광역시,2017,5.640909584251413,6.153387287760361,-0.006395748970291904,-0.03614501788760183,-0.0029352602440844036,-0.01224342594349195,0.0015724991093610647
인천광역시,2018,5.769479168734438,6.405089995916993,-0.006678630057310005,0.03954583697532786,0.02372401352819176,-0.011420307636922712,0.0005992201899133773
인천광역시,2019,5.690549443595827,6.324790898252362,-0.00669525523957904,0.039517401715755573,0.008460415539706369,0.011113536690425018,-0.0004686624218646393
광주광역시,1995,5.85,6.4684092592666635,0.0,0.0024250462056763437,0.01592496034414585,0.003917826104495885,0.0
광주광역시,1996,5.9,6.534345837726503,0.0005879907055556086,0.017534153380410266,-0.01181779448689591,0.02555485448718535,0.000461016030877074
광주광역시,1997,5.93,6.53009777252439,0.001152540077192685,0.01461227464216075,-0.004745841500676818,-0.014081394574506145,0.000849247767301805
광주광역시,1998,6.0,6.593041398935921,0.001671141313002622,0.008465820363893628,-0.03462875268077758,0.008056351027051527,0.0011034019545343888
광주광역시,1999,5.98,6.577263558747179,0.0021231194182545128,0.016316881600659486,-0.014879139891805617,-0.014285363670032483,0.0011833532347545355
광주광역시,2000,5.89,6.472813905664582,0.002490455452191354,-0.01774320604858869,-0.011126420430081703,0.010848900916381233,0.0010764790587846954
광주광역시,2001,5.98,6.59925550424368,0.0027585048863359722,-0.009354356580061191,0.0015975250347433979,0.015020437338512336,0.0007996525090605072
광주광역시,2002,5.884305843859589,6.448322085505685,0.0029165814356279245,-0.017695929215504724,-0.010340707756906299,-0.006599885920467009,0.00039657841091964875
광주광역시,2003,5.935070419214268,6.574858581792553,0.002958383086886339,0.013808373332664022,-0.001934986781084563,0.01929752963960714,-6.910669833703464e-05
광주광역시,2004,5.942164291659743,6.568652848481373,0.0028822433401882812,-0.010044722026192224,0.02148710624228345,0.007277647146312978,-0.000523881379444782
광주광역시,2005,5.93,6.499029577765461,0.0026911976469617383,-0.017715587220384396,-0.0025117076383889946,-0.012547976665879297,-0.0008959467098449925
광주광역시,2006,5.94,6.5094287286162755,0.002392862396116104,-0.007437083525239349,-0.018170101623919806,-0.007210292699267997,-0.001126561754842105
광주광역시,2007,5.87,6.451940580368097,0.001999131272651268,-0.0020303478901638767,-0.01233706032296275,0.0001666503064573324,-0.0011793174695960142
광주광역시,2008,5.92,6.558543148838958,0.0015257010939693663,0.017470681865805436,-0.00584213490643159,0.02221677464724728,-0.0010458848867400394
광주광역시,2009,5.86,6.471395556076923,0.0009914460272991217,0.006395430387530661,0.002475667748056364,0.0057177082077512435,-0.0007473300771907368
광주광역시,2010,5.89,6.481166018811443,0.000417665136209324,-0.00010250367181807713,-0.0064832392836159875,-0.0002214868523908178,-0.000330788280751067
광주광역시,2011,5.828,6.427161325396877,-0.0001727667458425866,0.0019268307003735417,0.010915016514225467,-0.0062917568871951905,0.00013797771184457125
광주광역시,2012,5.782307470468731,6.34974725638121,-0.0007563109629347469,-0.016495911171550953,0.0007871689876762467,-0.0026779190285121926,0.0005849600575946759
광주광역시,2013,5.9195830912470715,6.474322518202022,-0.001309703448611955,-0.01639805498941805,-0.03050330788781929,0.004039795590760146,0.0009395900723557021
광주광역시,2014,5.947876746806896,6.5571451230537345,-0.001810882190801237,0.017698698265138098,0.0005731821706612039,-0.013010489968237697,0.0011458794744036963
광주광역시,2015,5.959078788106078,6.58391780287811,-0.0022398667746124814,0.011921332811491412,0.018917039436250633,-0.011809941194276148,0.0011712597030478417
광주광역시,2016,5.997101086375765,6.64754584738797,-0.002579554938428272,0.0036376654039362837,0.014599774394088867,0.02142232713662621,0.0010117237782458419
광주광역시,2017,6.005653426510749,6.651065058155746,-0.002816404387105262,0.014347082798966248,0.026852263020774543,-0.006448323021817315,0.000692458914647097
광주광역시,2018,5.9621685095770935,6.559353349660809,-0.0029409726805463545,0.004309538571024276,-0.002074327252730188,-0.0074946646605921225,0.00026387001421618637
광주광역시,2019,6.0392850894560235,6.628463902176528,-0.0029482936739900355,-0.016304761424540026,0.013122093937825404,-0.016266875835578083,-0.00020637815948406504
대전광역시,1995,6.3,6.9269152728692776,0.0,-0.009140700662865873,0.0012627728124359108,-0.0043116343076465445,0.0
대전광역시,1996,6.33,6.979509570474006,0.0004590278821064694,0.011121308066960626,-0.016860899576213822,0.010829522868711895,0.0003599023084398403
대전광역시,1997,6.34,6.990162764507465,0.0008997557710996009,0.013393754523029754,-0.007091028886987151,-0.002292535263549198,0.0006629839559110644
대전광역시,1998,6.32,6.9611894365854345,0.0013046132368425174,-0.006646236235044115,0.0044505566696871725,-0.0008245540697835998,0.0008613950144389796
대전광역시,1999,6.37,6.979764434306148,0.0016574598897776613,-0.006033695396581717,-0.0205999481739297,-0.010602780480045834,0.0009238107405455277
대전광역시,2000,6.3,6.9734374806727795,0.001944228847324511,0.013774217497664333,0.018651045067581383,-0.00432331229754675,0.0008403770634758309
대전광역시,2001,6.32,6.936866035195386,0.0021534875360974494,0.0029501453664081464,-0.006523153481135599,-0.02258063908527485,0.0006242663262990206
대전광역시,2002,6.2994122424550465,6.960808692367674,0.002276893472529078,0.013618023444054082,-0.011737562924328513,0.01532579471479906,0.0003095976625711802
대전광역시,2003,6.252192319749536,6.861305617894958,0.0023095268513638194,-0.010299259803737396,-0.011722626042894764,-0.004409100174471593,-5.394966464145855e-05
대전광역시,2004,6.217077430346066,6.829124869054971,0.002250086682768115,-0.008686817044927254,-0.014292116535714923,0.0029826151144314436,-0.0004089795260527484
대전광역시,2005,6.27,6.923968171822262,0.002100942658689577,-0.008995592306286018,0.01640161615399219,0.0068741145827173125,-0.0006994405129444882
대전광역시,2006,6.29,6.965287400264455,0.0018680406807170316,0.011899663052311838,0.00459701599238804,0.01605494092677779,-0.0008794752221443279
대전광역시,2007,6.28,6.935846194600775,0.0015606658157475515,0.013165635758791452,0.006031617999076066,-0.0033574496264100195,-0.0009206601316738372
대전광역시,2008,6.36,6.994172123059874,0.001191072129669995,-0.011651090044823807,-0.005655978453109726,0.005817788547667981,-0.0008164930498923353
대전광역시,2009,6.33,6.9380224788046085,0.0007739941564279505,-0.013857095639764803,-0.02735852653431485,0.008519935468283711,-0.0005834196685867258
대전광역시,2010,6.37,7.014566909403051,0.0003260594786489263,0.007555006937439144,-0.00810054469907493,-0.0019529240087871006,-0.00025823714984631214
대전광역시,2011,6.336,6.9595272020077354,-0.00013487416160364637,0.013821948738639196,-0.019313890586353608,-0.01319423080173558,0.00010771533673489395
대전광역시,2012,6.297852731771025,6.948758612395367,-0.0005904307946531109,-0.004237127666663939,0.01229193088505156,0.0023049314476608134,0.0004566619400911059
대전광역시,2013,6.269766904527447,6.915277813881769,-0.001022448815131871,-0.00023051833965533915,-0.0002913487197895833,0.008683574445876188,0.0007335116641923054
대전광역시,2014,6.268947525405574,6.885872076180182,-0.0014137050278751405,0.0035939983361246842,-0.009026411383346884,-0.012567435918951606,0.0008945560249762452
대전광역시,2015,6.315221563957571,6.961774787388812,-0.0017486012823612204,-0.0032140321743835557,-0.00838858346360477,0.016998618125459233,0.0009143696589194746
대전광역시,2016,6.385431256506596,7.022935209638621,-0.0020137863217499956,0.007232619890402519,-0.020107847355168296,0.0036770944233306185,0.0007898244288846553
대전광역시,2017,6.307699097592273,6.91911888122712,-0.00219868805536082,-0.0014085178371570604,-0.022340665686417915,-0.0018542345615989717,0.0005405832881930483
대전광역시,2018,6.1987547601150865,6.833599237373742,-0.0022959350345657897,-0.006932117737291117,0.011817807858859265,0.0018810949349480264,0.00020599593264421906
대전광역시,2019,6.2339770852393475,6.869584240094855,-0.0023016503291845925,-0.004490133531211384,0.0015818094838928774,0.007440609319573046,-0.00016111365122937685
경기도,1995,6.16,5.742750690762669,0.0,-0.01159340643043102,-0.013866673324982152,-0.015619604198207303,0.0
경기도,1996,6.12,5.770747247423398,0.0007160262844119713,0.020253723723456855,-0.003502978259871187,0.012123181402835208,0.0005614027441664162
경기도,1997,6.02,5.62489603801606,0.0014035068604160408,-0.019632050221844454,-0.015394366189850668,0.006206169838275617,0.0010341723391557335
경기도,1998,6.11,5.756215891534873,0.0020350340469173374,-0.0214738707209849,0.02240262358337293,0.02024894807176534,0.001343668861179721
경기도,1999,6.17,5.765677869205455,0.002585430847889334,-0.021010436271669534,-0.0047885987131284,-0.004586263297870775,0.0014410296146221034
경기도,2000,6.3,5.942551960029223,0.0030327546797548214,-0.010987866014324265,0.018899630759456904,0.021040205825245156,0.0013108834772831372
경기도,2001,6.28,5.929369211848357,0.0033591721529493026,-0.00889788208036028,0.008807728526533781,0.03512373835606001,0.0009737776625946254
경기도,2002,6.26055536269089,5.83602263399729,0.003551670032886417,-0.02076536907492712,-0.011574363448165467,-0.013958478180381177,0.00048293376641128687
경기도,2003,6.227356966654986,5.822198415728819,0.0036025740365552587,-0.004790755469040287,-0.026377181959899406,0.004221950992709608,-8.415475273795147e-05
경기도,2004,6.242131303055244,5.852471344823794,0.003509854781966424,-0.010613003008098495,0.002548294271641915,-0.00039922152743082986,-0.000637957086825056
경기도,2005,6.23,5.869455712468719,0.003277208693207843,0.021182729984565267,0.005958293516429329,-0.004084026443028968,-0.0010910400243065905
경기도,2006,6.23,5.859958335226255,0.002913910635681132,0.01767815279848332,-0.007954477532071201,0.0036542154234064737,-0.001371871731744465
경기도,2007,6.32,6.009456579501551,0.0024344441564865633,0.021271479356373187,0.04623999770224599,0.017108215039694726,-0.0014361150574634409
경기도,2008,6.3,5.903392207677775,0.0018579240711056593,-0.009197889104507136,-0.012634105380882938,0.011978358326518593,-0.0012736273929151102
경기도,2009,6.25,5.807995553456864,0.001207334416028217,-0.013264347676742517,-0.025311358713922417,-0.023682920996001933,-0.0009100619675519475
경기도,2010,6.359999999999999,5.959598939956479,0.0005086121477477996,-0.008265571478332241,0.017094866119334806,-0.018310154285487327,-0.00040281776796012705
경기도,2011,6.229,5.831542170444861,-0.00021038688184487868,-0.015369280183399522,0.012038896497737666,-0.011574457970721232,0.00016802250003319227
경기도,2012,6.222373932506747,5.855018194000204,-0.0009209984503725995,0.00911899210374526,0.019781336330596807,-0.011362865980815214,0.0007123357097509708
경기도,2013,6.216824191991026,5.843803467919462,-0.0015948927170626403,0.001297197452007325,0.02813322377617623,-0.01818009989890154,0.0011441867737407663
경기도,2014,6.198539687763077,5.7909910419019495,-0.0022052036440984046,0.009474273458622635,-0.015080042409089904,-0.0215394245001101,0.001395395904542279
경기도,2015,6.214991351874467,5.8062375212975885,-0.0027276000607664766,-0.008646231146370965,0.0018351950803795487,-0.020051104948330803,0.0014263027039897662
경기도,2016,6.189776016009875,5.852039671136883,-0.0031412556704515228,-0.0032859455703288997,0.021713125788440354,0.03082319747258856,0.0012320276680293546
경기도,2017,6.236925900922613,5.869255060572546,-0.003429679329361162,0.007131481415517472,-0.0024588521544688957,0.01587445441385131,0.000843242553118581
경기도,2018,6.305172336553934,5.931289263741672,-0.0035813724963881534,0.019298737988742706,0.011237385315995647,-0.011498314528359865,0.0003213279802925071
경기도,2019,6.2885464408325,5.909774648179763,-0.003590287643658602,-0.003928901543766131,0.014062232972336117,0.0030589996287654943,-0.000251317215260269
강원도,1995,5.27,4.941700720521152,0.0,0.01644616926896219,-0.031237352894233378,0.010805010278697142,0.0
강원도,1996,5.34,5.025785233066154,0.0007448145246138614,0.004124161977882484,0.005738539135124327,0.0048185460460385765,0.0005839742578118066
강원도,1997,5.42,5.080335452842673,0.0014599356445295167,-0.012347996700524135,-0.018654622459772514,0.02217068478488381,0.0010757518207444793
강원도,1998,5.46,5.151998779139826,0.0021168537373911205,0.004659820577626439,0.002607766869557633,0.020016539968677798,0.0013976918248188406
강원도,1999,5.39,5.066835142059828,0.0026893795518611987,0.021015016923603684,-0.0008640049222053344,-0.014709856336527076,0.0014989670222102156
강원도,2000,5.37,5.0356646624626755,0.0031546882904265137,-0.022395333179312155,0.014841049203577365,-0.0008154464457008893,0.0013635882860901318
강원도,2001,5.35,5.065473125024551,0.0034942295620471017,0.013857047418761927,0.008994997365678355,0.02158984565105737,0.001012928942183518
강원도,2002,5.344328548787467,5.016318677949857,0.003694466927707893,-0.01597667992914114,0.03134526386378226,-0.0182602188967492,0.0005023503905935529
강원도,2003,5.32599301572921,5.026319903443539,0.00374741755552554,0.02206286669024024,-0.0009006266903070034,0.006056204037884351,-8.753824198784738e-05
강원도,2004,5.367557826993419,5.052348286014893,0.0036509704710643203,0.0005245834587120719,0.004802713042049954,0.008459275587242472,-0.0006636065109507364
강원도,2005,5.36,4.989691536179994,0.00340897071522533,-0.013801745233666465,-0.006734370312094174,-0.025360192548860454,-0.0011349059032182962
강원도,2006,5.42,5.055451773775876,0.003031066054599476,-0.014386173835060516,-0.0273740798641701,0.006812492095659899,-0.001427028607685236
강원도,2007,5.48,5.143588000082069,0.0025323223554587953,-0.001778993956400408,-0.00851391878341697,0.010510967085206158,-0.0014938548725119364
강원도,2008,5.55,5.204509680115141,0.001932622955211273,0.012204580462588191,-0.030062160282864448,0.013325530420512193,-0.0013248342998585588
강원도,2009,5.48,5.152704106504416,0.001255875976483882,-0.022002906785788093,0.019051602105836566,0.013807413382161975,-0.0009466515217217441
강원도,2010,5.46,5.154421463529747,0.0005290611857199007,-0.010979019119338695,0.020541722582219764,0.0237592742104943,-0.00041901328328418916
강원도,2011,5.425,5.042069568257455,-0.0002188456049696184,-0.008197290621421651,-0.020418411817632615,-0.02432982961545163,0.00017477793931744984
강원도,2012,5.39783370404788,5.064302869873502,-0.000958027711996241,-0.019183831954663184,-0.002526610090315075,0.020814148531014938,0.0007409755683192016
강원도,2013,5.409900948767673,5.104373871264862,-0.0016590162773768413,-0.00964511853451985,0.02968774092630699,0.010559705461059471,0.0011901894476584222
강원도,2014,5.377199642057899,5.060545191163736,-0.002293865099107034,-0.0013834412465264618,0.01779439865629484,0.0002803732981927874,0.0014514985831048217
강원도,2015,5.393703308503856,5.0247997121352626,-0.0028372647580457407,-0.016388543039070953,0.011798244526888371,-0.03389464187321328,0.0014836480078381901
강원도,2016,5.503406087594465,5.12336476378984,-0.0032675516245878615,-0.022286523295630307,-0.021223426238021134,0.0008964730271155902,0.0012815620345948656
강원도,2017,5.51461885353826,5.195434352159434,-0.00356757151921309,0.015399574219274464,0.00024673670087215264,0.009344136742168097,0.0008771455950824226
강원도,2018,5.583725853469768,5.261344096923703,-0.003725363595490242,0.02208918237824995,-0.014809366543689279,0.0195632093338731,0.00033424715278887115
강원도,2019,5.516353925025848,5.229868312266696,-0.0037346371812798404,0.022127443703078318,0.033887079562623997,0.005940001809818211,-0.0002614215655017191
충청북도,1995,5.75,5.41052186265029,0.0,0.030191700663338407,-0.033613735820114565,0.019424059776656816,0.0
충청북도,1996,5.76,5.406990988931164,0.0013300718028249306,-0.03836268812107655,0.03317520390196278,0.004778683683664886,0.0010428471360622083
충청북도,1997,5.77,5.418855895984374,0.002607117840155521,0.03499180773810456,-0.010341377471155143,-0.024517843241820263,0.001921051639469039
충청북도,1998,5.7,5.342265048020217,0.003780226316435211,-0.006849140022497531,0.0023082613473294268,-0.00892547716578095,0.002495964329098242
충청북도,1999,5.72,5.280060971394024,0.004802629098672598,-0.004484044498204567,-0.04680709330163722,-0.0513916023942897,0.0026768191324409024
충청북도,2000,5.67,5.29461429627921,0.005633566214318429,0.034268830657468455,-0.03408113459320896,-0.036640785897340225,0.002435063052685675
충청북도,2001,5.62,5.287638470911809,0.006239910822745606,-0.023223472673774607,0.05481043199313848,-0.024602613644887802,0.0018088640590918311
충청북도,2002,5.607688049392148,5.225690599195119,0.006597489877847195,-0.040130196395767204,0.0318624593175733,-0.03897017099752554,0.000897085203880757
충청북도,2003,5.573772174230034,5.321738554424071,0.006692047831102257,-0.01241707287533165,0.06964532187993495,0.03548683785138412,-0.00015632367990844943
충청북도,2004,5.610749449669073,5.294257024746681,0.00651981495530939,-0.03473016541086989,0.00792049964946315,0.05313766544713834,-0.0011850524918860877
충청북도,2005,5.66,5.280782400446434,0.006087657631714188,0.029328172734713817,-0.024989547628905633,-0.04161872511471666,-0.002026687572335942
충청북도,2006,5.68,5.2422956944802195,0.0054128046090570914,-0.00901338050724917,-0.0698135079719865,-0.019490068881650488,-0.002548353247931987
충청북도,2007,5.7,5.37772483295409,0.004522160147729578,0.020149313569182887,0.03298470428641855,-0.02363540872652127,-0.00266768997888549
충청북도,2008,5.81,5.497280217386326,0.0034512314318136546,0.0398219587525148,0.009079061583022597,-0.0008818105324238049,-0.0023658571193556233
충청북도,2009,5.81,5.424111252931042,0.002242713009701893,-0.038815189379338866,0.008447011043014742,-0.0006109262202163826,-0.0016905074411594947
충청북도,2010,5.89,5.464793120971885,0.0009447846971834789,-0.03657156274464223,-0.00865400204005996,-0.022778433308062444,-0.0007482638088916545
충청북도,2011,5.824,5.416749728879794,-0.00039080919977112357,-0.028666098596454654,-0.02646811157700419,0.002504349581817755,0.0003121142259712325
충청북도,2012,5.797315698437796,5.367577849363936,-0.0017108227672005974,-0.00658436773622366,-0.013367813759916539,-0.05859847512190665,0.0013232162873226634
충청북도,2013,5.895754806927009,5.497495505559542,-0.0029626312297152194,-0.04016938767580607,0.037369302771397835,-0.03449400552371908,0.002125411591793205
충청북도,2014,5.880025590086447,5.512089110843269,-0.004096328934224573,0.009971148169382528,-0.01643726011833153,0.0017454952938498489,0.0025920511394819453
충청북도,2015,5.90272292113727,5.5477960225104095,-0.005066718930839856,0.021321162417349236,0.000718111334724341,-0.01018632924143487,0.0026494628062818976
충청북도,2016,5.942723612687515,5.584825657822692,-0.005835114832638731,-0.017980020344882195,0.03368128049990321,-0.003270141269617186,0.0022885825523734104
충청북도,2017,6.012404210021725,5.558452621482738,-0.006370883119829968,0.0056712502186533585,-0.015310149123308036,-0.07641256993385838,0.001566385434811528
충청북도,2018,6.072324342317842,5.685424931600525,-0.006652664401517845,4.745643397146689e-05,-0.0007328944982776429,-0.007219908935719965,0.0005968904987848839
충청북도,2019,5.998878920394965,5.549424063128643,-0.006669224947213725,-0.015051906847533894,-0.053368780811304264,-0.011317068560502748,-0.0004668403225681619
충청남도,1995,5.43,5.081699250417488,0.0,-0.03926926218617151,0.0059071668907421946,0.01834823705356931,0.0
충청남도,1996,5.51,5.207046086042121,0.0023930058783079937,0.037688359970722736,0.07373678446814486,-0.07606169216300528,0.001876244065525832
충청남도,1997,5.64,5.366959729611142,0.00469061016381458,0.05151803817112309,0.038817417962071,-0.01763045673286901,0.003456270447970474
충청남도,1998,5.58,5.257170006096238,0.00680121462416621,-0.0500015897977481,0.06799524355340092,-0.006570272085344823,0.004490627723175131
충청남도,1999,5.59,5.233750857314558,0.008640676119926185,-0.021907003537722416,-0.015155334707968945,0.010665276020750774,0.004816013620838723
충청남도,2000,5.61,5.217291224356093,0.01013566112601498,-0.05814083745795771,-0.02466420883653042,0.017057050432353425,0.004381056862307167
충청남도,2001,5.65,5.240038480208118,0.011226569307937828,-0.014064027019204287,-0.05235770270531407,-0.015365266913125272,0.0032544275559208743
충청남도,2002,5.705471627694177,5.428762218453916,0.01186990959904131,0.02799045739597926,0.07787253127176638,-0.038099455892199846,0.0016139956968265552
충청남도,2003,5.763330279442768,5.4994726421184605,0.012040034052096811,-0.06314967782982217,0.10988249032666361,0.04059917349027527,-0.00028125059424998205
충청남도,2004,5.878397861087292,5.642097996611111,0.011730160342019768,0.06845538573600939,-0.005930373317317337,0.06462631623861409,-0.0021320936006341364
충청남도,2005,5.89,5.3990220239116224,0.010952642155767918,0.0380237337703737,-0.1440971939953518,-0.04053065611888791,-0.003646325907964554
충청남도,2006,5.92,5.601347866156209,0.009738476689826595,0.0722361626995212,0.010792048277628986,-0.03816021048906337,-0.004584883529862475
충청남도,2007,5.96,5.595591492583448,0.008136068889802185,0.024766385013975982,-0.026739129009279862,0.0016009298119162472,-0.004799588854840618
충청남도,2008,6.07,5.740071065536186,0.006209301697991448,-0.025260472115238547,-0.00940520913763862,0.08052060411854911,-0.004256544633026864
충청남도,2009,6.04,5.881823463073499,0.004034989242066388,0.0714777772951225,0.13971420085271008,0.0203008911226636,-0.0030414856065861177
충청남도,2010,6.18,5.944459551203067,0.0016998144982050176,0.07194668834552549,0.020790766527631593,0.06467805090234538,-0.0013462428790684952
충청남도,2011,6.123,5.773813575135036,-0.0007031264856249551,-0.04216307804792524,0.06086197524581373,0.011867008088830584,0.0005615419978578538
충청남도,2012,6.083162276462301,5.810398309362892,-0.003078036035316995,0.06164065231718109,0.07153794170528072,-0.02165641545519021,0.0023806717405111364
충청남도,2013,6.1968913703403,5.866303614237616,-0.005330234001585342,0.06715744255943717,-0.010054934080674188,-8.445988437896949e-06,0.0038239457615616744
충청남도,2014,6.1869068255090784,5.774960526251418,-0.007369932358736554,0.05840621038494062,-0.03991540399531232,-0.049298332082935666,0.004663502827803098
충청남도,2015,6.07179989142932,5.779182886328233,-0.009115814769911386,0.04657180979247937,0.06755005637380627,-0.021288207375298508,0.004766795338661497
충청남도,2016,6.027118784444339,5.755348659606563,-0.010498278412826842,0.0015574214433460758,0.05705072316770969,0.05592521843259356,0.004117515677868658
충청남도,2017,6.200247479163132,5.78975302568683,-0.011462208824656185,-0.0635722015372118,-0.0021033780316346857,0.04327699934876952,0.00281817082749884
충청남도,2018,6.155684619683548,5.837593858554212,-0.011969177141738091,0.07037911232106557,-0.029799619894825186,0.036728189688651075,0.001073898769423371
충청남도,2019,6.049146422047075,5.648341350748218,-0.011998972137101544,-0.025059013788423137,0.015890813451150586,-0.008620791517605865,-0.0008399182914517099
전라북도,1995,5.16,4.863083177957634,0.0,-0.011554075082766253,-0.02066197336823539,0.054976024491907215,0.0
전라북도,1996,5.18,4.8572193418594765,0.0010190433986904967,0.003683037656028198,-0.02730356972480621,0.01778874552055131,0.0007989843011410424
전라북도,1997,5.35,5.02896278416881,0.001997460752852606,0.005524234343092585,0.022053235805109293,-0.021782861614596458,0.001471826549203338
전라북도,1998,5.37,4.972160310321866,0.0028962456501503914,-0.014302444718912946,-0.04282975365301589,-0.020554270589089787,0.001912299747677083
전라북도,1999,5.3,4.982428757139315,0.0036795663730083456,-0.006078659011862836,-0.021534863782745845,0.03156652523111895,0.0020508628636505028
전라북도,2000,5.25,4.910165078277467,0.004316194396117606,-0.027973444149839797,0.018267106708292086,-0.014339542132986922,0.0018656398278379884
전라북도,2001,5.28,4.999658076744089,0.004780749369192708,-0.013653041151840423,0.028264624886126587,0.028032746594316593,0.001385873284909154
전라북도,2002,5.251150742196841,4.931226857982099,0.0050547109514451375,0.015015700103605078,-0.022682275155532897,0.005779992695625497,0.0006873078228829503
전라북도,2003,5.224129955228206,4.896888135176236,0.0051271571591262576,-0.026822721402758702,0.029631564269118366,-0.013724291169630655,-0.00011976843184809581
전라북도,2004,5.220111539763884,4.90691062570023,0.004995199790553049,-0.015785995838749876,-0.010191890719830019,0.030975358289426876,-0.0009079358846592981
전라북도,2005,5.26,4.970657422234856,0.004664099569594971,0.022021270925843325,-0.002624500456787415,0.015180392615522465,-0.001552760224982268
전라북도,2006,5.3,5.031500525173968,0.004147056417214452,0.02912137758001255,0.026677576141923558,0.0050287377004349775,-0.0019524378678813254
전라북도,2007,5.27,5.00329516600299,0.0034646832122728847,-0.0005818925825564763,0.030706638278811604,0.03141875046594358,-0.0020438685016570253
전라북도,2008,5.43,5.047318467176837,0.0026441840210981236,-0.028075774098258482,-0.017854851160087174,-0.007285216330924553,-0.0018126172396134889
전라북도,2009,5.44,5.08436394259689,0.0017182695572073756,-0.021134665473804166,0.006027065834025398,-0.007632930045188675,-0.001295193571273306
전라북도,2010,5.45,5.101882081648168,0.0007238531083839152,-0.0034001170786329402,-0.030071856572248607,0.019845409650736653,-0.0005732873167527881
전라북도,2011,5.479,5.1183825083874,-0.0002994210796202395,0.0036943669545388817,-0.03110401362638355,0.0023491875989997144,0.0002391283996381679
전라북도,2012,5.461522048479017,5.169434309469946,-0.0013107582940577913,0.030764908977038093,0.009139740566381897,0.008590164682733657,0.0010137909996828882
전라북도,2013,5.459346361706119,5.181537690211358,-0.0022698397116482456,0.029462465535912485,0.040065614101104575,-0.005313742145386342,0.0016283982921200296
전라북도,2014,5.44643785310316,5.037358931050636,-0.0031384297828287036,-0.004880676437463059,0.006100766893102337,-0.08004404569115225,0.0019859172994624633
전라북도,2015,5.445465488101825,5.083128189717103,-0.0038819005624556708,0.016462206738902085,-0.002924080274449276,-0.04092159074841427,0.002029903631580813
전라북도,2016,5.510742148948407,5.1529895677098745,-0.004470612216703138,0.01734166519716727,-0.025296505084760824,-0.009209335560933674,0.0017534128138053165
전라북도,2017,5.435990311585267,5.124421694603079,-0.0048810946697033135,0.012175541406664202,0.007418052532771059,0.009400867336816445,0.001200096666781027
전라북도,2018,5.409176391781355,5.064502686702253,-0.005096983281407365,-0.013953827294048943,-0.00883539288430775,0.014963196875340127,0.00045731164380444743
전라북도,2019,5.3615965135945665,5.037344799822161,-0.0051096712541425626,0.00853276690050006,0.005098350234097082,-0.0016174344991610804,-0.0003576728323577919
전라남도,1995,5.02,4.675269940621938,0.0,-0.030731179718096635,-0.02582150396366793,0.0179678365316969,0.0
전라남도,1996,5.05,4.813589528979124,0.0014178576381019563,0.03011939821025703,0.026311973370306843,0.022201626373789512,0.00111167590659252
전라남도,1997,5.2,4.892310059934238,0.0027791897664813,0.03302224510277081,0.012962549604842244,-0.03708350108968881,0.0020478426310703295
전라남도,1998,5.07,4.7312950918382795,0.0040297243691114985,0.00497391047198487,-0.04393170556594675,0.003579427038728989,0.002660700032077722
전라남도,1999,4.99,4.761684616916513,0.005119606577675824,0.03968488413424828,0.0026948853319811563,0.03559128137688392,0.002853491401507701
전라남도,2000,4.88,4.603622364575132,0.006005386227841014,-0.01017881616388162,-0.028957112425599577,0.05687211593947223,0.0025957792212250156
전라남도,2001,4.9,4.7225015614745764,0.006651750080194307,0.03463848979650314,0.0732130633960407,0.01872231731736053,0.0019282505779193927
전라남도,2002,4.924807380473423,4.632297011969472,0.007032929647661464,-6.541857095535427e-05,0.012699148944340146,-0.008821033877779539,0.0009562935667451329
전라남도,2003,4.9350818299173795,4.670691676639269,0.007133728503769253,0.042452051787829986,0.042171552897484615,-0.0485353795774542,-0.00016664117162972
전라남도,2004,4.941888302169829,4.661465794965271,0.006950128116213841,-0.04266331737988757,0.04353864611027334,0.019522388574667898,-0.0012632669331112834
전라남도,2005,5.01,4.737207240929032,0.006489448053062538,-0.040732029382899874,0.05823148691510599,0.01710985039494925,-0.0021604506225751897
전라남도,2006,5.06,4.6959308513248255,0.005770054174673178,-0.04160487720664516,-0.03653502645950362,0.018159060637716905,-0.00271654666273523
전라남도,2007,5.1,4.805302940553709,0.004820626444798482,0.042392575678111645,-0.011641722790018218,-0.011572349449524406,-0.0028437597162930713
전라남도,2008,5.26,4.9645147861534085,0.0036790155509361052,0.0030312685472569816,0.03430910137149713,-0.007485655750646135,-0.002522005639253288
전라남도,2009,5.24,4.957239490485003,0.0023907339168628325,-0.036397598674486706,0.04570465451914668,0.033608086569564904,-0.0018020823256499577
전라남도,2010,5.21,4.9645512652116786,0.001007141265921385,0.020711454012387567,0.027011077757448612,0.03411935203135045,-0.0007976498370230761
전라남도,2011,5.231,4.981422426962103,-0.00041660292907429994,-0.0071459334500154695,0.06324496546486899,0.022954451416105644,0.00033271402214053253
전라남도,2012,5.242031451810519,4.870738419773006,-0.0018237384799543583,-0.04103865393729471,-0.06641748792245147,0.055278140897661025,0.0014105496529259896
전라남도,2013,5.211545243324556,4.868924289781213,-0.003158167332778209,-0.03803362693514105,0.013969087408663072,0.0014898787912728517,0.0022656905086883387
전라남도,2014,5.192041054243649,4.867894390615044,-0.004366690020217526,0.012985879163844465,-0.0003421008879186853,-0.015732537219022985,0.0027631286511447793
전라남도,2015,5.265876971984006,5.036299102504633,-0.005401126556437975,0.001443864022373904,0.07004007206129945,0.03413650441014523,0.0028243295352741835
전라남도,2016,5.289005447206776,4.913634353765628,-0.006220237221093707,0.040756913998339674,-0.02537769707600143,-0.06547726047232688,0.002439630887157913
전라남도,2017,5.245728702940367,4.910956385633606,-0.006791366656838075,-0.042730142202641805,-0.008529651164273604,0.04373418620087606,0.0016697681645774305
전라남도,2018,5.31874770344767,4.960301421757376,-0.0070917457353711025,-0.03894153131403053,0.012693619870036359,-0.0007873059298807979,0.0006362857636822095
전라남도,2019,5.355157312419889,5.033951885110632,-0.007109399290732677,0.0428202926742777,-0.014222341547288936,-0.01156452669390767,-0.0004976521686433894
경상북도,1995,5.58,5.2467005016320885,0.0,0.024149968287449714,-0.04154312176996043,0.0287284813434753,0.0
경상북도,1996,5.55,5.159557203031145,0.0007996574653618874,-0.01986145661720362,-0.025752072071262313,-0.008598751700503988,0.000626974044417941
경상북도,1997,5.63,5.334753777897068,0.0015674351110448526,0.022306221378251532,0.02780494000008334,0.0032118515951702537,0.0011549626731311954
경상북도,1998,5.68,5.321659436249823,0.002272724065177983,-0.0070064574250621806,-0.018924828003858415,0.012970383978989251,0.0015006080910829553
경상북도,1999,5.69,5.360876604076699,0.002887406682827989,0.006565950925636549,-0.01493901929817549,0.027116108242769176,0.0016093404868320817
경상북도,2000,5.62,5.284532970997842,0.003386977507772334,-0.017930148355297427,0.01763635977131229,0.007100394841881438,0.0014639934058983336
경상북도,2001,5.66,5.35712805680355,0.0037515202277073885,0.01966987885287188,0.026288643727034797,-0.0010322776297897957,0.0010875139564686942
경상북도,2002,5.670322832498297,5.324094452535154,0.003966501674770417,-0.0005039036166548921,0.01660340089847417,-0.0172754405322187,0.0005393399655757984
경상북도,2003,5.697932353878616,5.3438411356581765,0.004023351217080205,-0.022605238322061245,0.01159016382374435,0.003717679813415556,-9.398394687124075e-05
경상북도,2004,5.748594103880167,5.37101647743912,0.003919802442783964,-0.00012861853519712172,-0.0023393925996395967,-0.026243918884308392,-0.000712469860626877
경상북도,2005,5.81,5.412010984132486,0.003659983514745834,-0.024105857491177243,-0.0368544066091469,0.014939387961375315,-0.0012184724491809361
경상북도,2006,5.81,5.4914162506514,0.0032542525937206534,0.0058624290460757645,0.005637102236469921,0.02950902838330574,-0.0015321050297885694
경상북도,2007,5.7,5.3204227569610145,0.002718784891171735,-0.024029184009434733,-0.020115857608693676,0.012098322729143454,-0.001603851914126822
경상북도,2008,5.8,5.4816870834384215,0.0020749278146336594,0.02413658459358058,0.008025456791845157,0.009540942123215962,-0.0014223858467295922
경상북도,2009,5.73,5.366360399393267,0.0013483499139394961,-0.02162502414858889,-0.008812704314318983,0.018506169001645794,-0.0010163563295619647
경상북도,2010,5.84,5.4971897647157215,0.0005680175571407715,0.022478973208160915,-0.015286300846938662,0.011095442572591874,-0.0004498664956053429
경상북도,2011,5.813,5.428588582249118,-0.00023495986717810187,-0.01427265133416819,0.0026492950236238133,-0.016949567874360597,0.00018764736634026253
경상북도,2012,5.787607837124743,5.422798657009201,-0.0010285701830513216,-0.0031849673077972646,-0.0009379104411540212,-0.004657715456018535,0.0007955358351321143
경상북도,2013,5.780153873073142,5.451907147446619,-0.0017811746515671927,0.024149197060572905,-0.003297891542103717,0.009881121743970286,0.0012778266878031373
경상북도,2014,5.773867510566941,5.429943732807752,-0.002462769307546729,-0.023282922838839596,0.01294805992034508,0.024007147696335454,0.0015583768033306307
경상북도,2015,5.694672793531781,5.310649057165119,-0.0030461811229523404,-0.011304566627980647,-0.02791360397022426,0.004549836184920672,0.001592893487210361
경상북도,2016,5.688774607295528,5.318092033359342,-0.003508151309766253,0.014768290329090905,-0.006344378828783466,-0.02830696807714067,0.0013759273140107632
경상북도,2017,5.664487124812413,5.329869510420845,-0.003830262574471423,0.022491309233289156,-0.022599795946979435,0.01855657387815578,0.0009417324718265851
경상북도,2018,5.643550165903785,5.346105847804828,-0.003999673357424929,0.02414575319233267,0.026420034219947132,0.007638475123286024,0.0003588587791600137
경상북도,2019,5.567636064556956,5.194218760356515,-0.004009629785317055,0.0047143544153093395,-0.03203528892525718,-0.0014875938194261918,-0.00028067082414701724
경상남도,1995,6.13,5.9252498591483125,0.0,0.0659287219737589,0.014109816862249384,0.10785043849911427,0.0
경상남도,1996,6.1,5.608418110173178,0.002370772904724037,-0.03892864365070951,-0.09123318355339624,3.888356191005064e-05,0.0018588122300573018
경상남도,1997,6.85,6.471245564325515,0.004647030575143255,0.011218951646588038,0.03402614581174172,-0.006353716994998185,0.0034241588805625956
경상남도,1998,5.76,5.410107708023095,0.006738025801084496,0.04974559846246193,-0.03754764165780271,-0.018033032193152408,0.004448906134252279
경상남도,1999,5.72,5.297717804353563,0.00856039720140649,-0.04203802301826373,0.02102833359026785,-0.06833305892971593,0.004771268931917278
경상남도,2000,5.65,5.328881886558615,0.010041492579203906,-0.03947892393865246,0.05858064948203095,-0.004220651226097311,0.0043403532759213465
경상남도,2001,5.66,5.504640672368573,0.0111222653356307,0.06752389284341088,0.05638862422219517,0.07184610498688504,0.0032241912733703072
경상남도,2002,5.674231434079187,5.295843170728709,0.011759628471463791,-0.061336846043021545,0.03260816789945128,-0.015994740919749777,0.0015990003622904211
경상남도,2003,5.696616939789814,5.163589804590099,0.011928172329793197,-0.053778561561146285,-0.17391845061229683,0.01809581249009693,-0.0002786375471659301
경상남도,2004,5.732104979284626,5.438426409073957,0.011621177598858229,0.04458025208915259,0.053301851642866244,-0.042805022145330114,-0.0021122847146087757
경상남도,2005,5.78,5.4009092706033845,0.010850883189803366,-0.017970852734773553,0.027881960081855273,-0.042195986962662725,-0.003612448570543389
경상남도,2006,5.79,5.386212032008636,0.009647998309913053,-0.024756258531269986,-0.018442712298475,-0.013128445590877807,-0.004542286227729216
경상남도,2007,5.82,5.359349810538239,0.008060478183425767,-0.0582201523385416,-0.02873312615552659,-0.027371974078073794,-0.004754996765372383
경상남도,2008,5.92,5.4613794735571055,0.006151612228075114,-0.0059301061449515925,-0.07929936174647263,-0.01882310999487613,-0.004216997866659565
경상남도,2009,5.85,5.469297123438311,0.0039975009057260525,0.015697553026851215,-0.01100589311988585,-0.027787755434179186,-0.003013227728174626
경상남도,2010,5.91,5.698181914668885,0.0016840218371092833,0.06263602528970248,0.08459299829953434,0.01789668396524281,-0.0013337351862795904
경상남도,2011,5.868,5.422924406157543,-0.0006965938679148252,-0.05746169996562725,-0.021508043408067366,-0.011766937402500312,0.0005563248153520243
경상남도,2012,5.845373350961188,5.507761911614546,-0.0030494385736542368,0.010933939152827723,-0.0058070734849845086,0.019980931580097738,0.0023585533611128044
경상남도,2013,5.835327489293665,5.539259331193293,-0.00528071178652194,0.06425705426608366,-0.015274100217690958,0.021409356112435815,0.0037884181910387824
경상남도,2014,5.805683361312627,5.487186889109226,-0.007301459684710701,0.068026250995072,-0.054351732754586705,0.031543312935707404,0.004620175088360785
경상남도,2015,5.814981917656886,5.414120987979441,-0.009031121426358474,0.03404877966026068,-0.030708201049366994,-0.0453994037532699,0.00472250792766712
경상남도,2016,5.775505246268631,5.347811005088025,-0.010400740856089023,-0.03590573640478156,-0.0739967950874701,0.038046709559332266,0.00407926060372638
경상남도,2017,5.726039464728125,5.419860587149779,-0.01135571556932304,0.05341265510808536,0.0261374535921806,-0.02039382275956954,0.0027919877252629358
경상남도,2018,5.710521869049053,5.475421266156359,-0.01185797373784085,0.0691550061499847,0.02402362322263768,0.04442797107774286,0.001063921375222687
경상남도,2019,5.618926542255558,5.31799717331642,-0.011887491913430956,-0.004834694188016588,-0.01131091421675753,0.07799185211053389,-0.000832114766455887
제주도,1995,5.59,5.277886692698233,0.0,0.04063586022395104,-0.025142726340511616,0.01954022774507549,0.0
제주도,1996,5.6,5.204261002490101,0.0017728612202449446,-0.03502753765747304,-0.02809820790651251,0.004768304209690478,0.0013900176232903285
제주도,1997,5.6,5.26468832285702,0.0034750440582258218,-0.012566062215168995,0.023862513618301783,-0.006844770035654945,0.0025605820275786356
제주도,1998,5.69,5.320716263950028,0.005038687855740898,-0.045825161093606105,-0.027246558024792176,0.04429338785479491,0.003326886831804673
제주도,1999,5.63,5.331496675444847,0.006401455068946589,0.0051434571473909785,-0.017230370522683357,0.05462259095471816,0.003567949356895607
제주도,2000,5.63,5.390736126169786,0.007509016469513009,0.039334637817092476,0.008664275873368916,0.0581421480243867,0.003245711130623773
제주도,2001,5.64,5.440161830694842,0.008317217079511684,0.035844295505539754,0.09928519472115005,0.014561627400300928,0.0024110464835415115
제주도,2002,5.675544394496291,5.4067191922359745,0.008793836491046475,0.05000526435148536,0.0050070402741088805,0.022811533099347102,0.0011957306108120389
제주도,2003,5.645999693750416,5.268809579016542,0.008919873392239019,0.05203541660949638,-0.08208425543910193,-0.01061542364079234,-0.0002083648336330848
제주도,2004,5.579509036343355,5.215513634431284,0.00869030308957121,0.041930545133223945,-0.04787882977361418,-0.02322511230258875,-0.0015795640523747084
제주도,2005,5.63,5.294872034374582,0.008114277826559432,0.0033646945251850596,0.0001201848267624074,0.003797917197792036,-0.002701384838709864
제주도,2006,5.63,5.346504906185652,0.00721476191268713,0.05309840002450354,0.04221999408855484,-0.030318063379915803,-0.0033967163570781536
제주도,2007,5.6,5.240197463015553,0.006027616208853778,-0.04609232121747057,0.025372838364036226,0.002114455319862995,-0.003555781049682661
제주도,2008,5.76,5.327247299585487,0.0046001684680163175,-0.023814621798478777,0.020925359677943137,-0.0832712450467876,-0.0031534660990765137
제주도,2009,5.8,5.550135518541232,0.002989326527030097,0.053537638421042096,0.03172921932159983,0.030753102334568995,-0.002253288189856967
제주도,2010,5.75,5.3875860341081045,0.0012593095707765481,-0.020426908679590714,-0.0017538762191678695,0.012990617153216703,-0.0009973656207727282
제주도,2011,5.734,5.306822987566144,-0.0005209120840827119,-0.03721987200406155,-0.059523203818098565,0.016453824906649303,0.0004160190497505027
제주도,2012,5.8043479137704725,5.506144149502472,-0.0022803666179827334,-0.03943396376702876,0.026460375461646934,0.07799465235520421,0.0017637234597473956
제주도,2013,5.84715676548898,5.596405219212595,-0.003948910130936771,0.0535153545548774,-0.0008927525055687398,0.06744258388469507,0.002832974716211782
제주도,2014,5.941512954676389,5.488023401493917,-0.005460023058476891,-0.0344900259036863,-0.018225776241436408,-0.04037952241198903,0.0034549615564507374
제주도,2015,6.107897520420529,5.708902461807103,-0.0067534620967746595,-0.047448991831193346,-0.0023515544646595444,0.028295814462855284,0.0035314859346407593
제주도,2016,6.058856664817833,5.777084949554007,-0.007777661913056064,0.05326090549267379,0.0015446336136955084,0.04932802091711628,0.0030504663340841136
제주도,2017,6.149124540559843,5.793663405811313,-0.008491790892695384,0.028022958445254046,-0.004468476443184032,0.008202656054486644,0.0020878451730469406
제주도,2018,6.026783273353946,5.753684574887287,-0.008867378966838708,0.02145796800751044,0.0752010251520597,0.018098820523078592,0.0007955991667373675
제주도,2019,6.032260219086799,5.541116395387297,-0.00888945262420665,-0.05260307924714641,-0.049701131887256424,-0.018136901573721876,-0.0006222544543609672
울산광역시,1998,6.68,7.275022938163185,0.0041049245350928566,-0.043087366351134325,-0.01810262614861586,-0.023092934216509445,0.0027103523322629494
울산광역시,1999,6.74,7.374714465803152,0.005215145435705799,-0.04295638805075332,-0.07200259569091375,0.06047641704184256,0.0029067414522219804
울산광역시,2000,6.69,7.55752564050952,0.006117454945140251,0.042802039001445115,0.06958935485286467,0.052755857587930964,0.0026442200103229856
울산광역시,2001,6.61,7.231528929081909,0.006775880830657374,-0.012568000541080463,-0.02250616942400076,-0.020005825715209126,0.001964234369918834
울산광역시,2002,6.446762396089459,7.205551168190677,0.007164173729984634,0.03889960869342418,0.08828674311178544,-0.03921567164495357,0.0009741393121011595
울산광역시,2003,6.361794858076777,7.03859965270292,0.007266853630554952,-0.01935862928704938,0.0009056172516614734,0.03954705474108732,-0.00016975092371647273
울산광역시,2004,6.376036209358386,6.967802095394313,0.007079827008757755,0.004598196330987688,-0.04868238160944594,-0.01359712720810415,-0.001286841221163564
울산광역시,2005,6.37,7.032380524810154,0.0066105500258074636,-0.02676199677057042,0.006222028809023832,0.030193634418891214,-0.002200767584861125
울산광역시,2006,6.39,6.9572203918875,0.0058777312741251486,-0.04237311860645905,-0.017660024313378177,-0.019006613987720817,-0.00276724113739947
울산광역시,2007,6.45,7.232866824430109,0.004910585924797085,0.04240230540814683,0.10289308553806029,-0.029210237201189097,-0.0028968281604565336
울산광역시,2008,6.5,7.203771227385581,0.0037476710108973513,-0.024927733778780072,0.019976018818950583,0.04393165753692173,-0.0025690697124518187
울산광역시,2009,6.4,6.990633382337666,0.002435348280252899,-0.021542564168599218,-0.021637680304924984,-0.012610704811467014,-0.0018357116455706222
울산광역시,2010,6.42,7.08597491554719,0.001025935898860675,-0.034499228487552214,-0.0020840119806712003,0.049057724408770986,-0.0008125350734920814
울산광역시,2011,6.484,7.067773666688316,-0.00042437730929118184,-0.009791797874935552,-0.05165606925060184,-0.00791180192258198,0.00033892292066497673
울산광역시,2012,6.50036305188226,7.302386144230613,-0.0018577719333216405,0.03127289602137074,0.09573810313571013,0.004508239483828335,0.0014368724378881702
울산광역시,2013,6.466081625031452,7.107127232090771,-0.0032171030529089106,-0.027953917368176897,0.0386720697743166,-0.024538915229431187,0.002307971391128275
울산광역시,2014,6.406550420550768,7.145617243821939,-0.004448178425932456,0.03401764982611895,0.011780441630172287,0.0374662283965523,0.002814692409397492
울산광역시,2015,6.368229345752825,7.064829866625448,-0.005501918962152813,0.023537620442860608,0.03759871688891893,-0.012596250658901426,0.0028770353856957843
울산광역시,2016,6.287760218419633,6.90598106233606,-0.006336315351661431,-0.039188993403038934,0.010897813720522096,0.013053824081713926,0.0024851577348633737
울산광역시,2017,6.223326428523714,6.890256024238953,-0.006918102843498674,-0.014142607564476686,0.010174079347983136,0.041259434754585815,0.0017009283213586489
울산광역시,2018,6.216994586764886,6.818752296757257,-0.007224087406301583,-0.03452124379206801,0.018624358033658767,-0.005202131026909347,0.0006481597259331381
울산광역시,2019,6.173542322088375,6.801920691852143,-0.0072420704011413334,-0.033697594076438034,0.05346421568102327,-0.010956066017198863,-0.0005069390384774215
