id,region,year,welfare_facilities,welfare_budget,income_inequality,poverty_rate,health_level,social_exclusion,created_at
1,서울특별시,1997,57.65,270605.0,0.467,8.31,82.2,4.65,2025-08-25 08:00:10
2,부산광역시,1997,58.87,527447.0,0.25,10.34,78.08,19.08,2025-08-25 08:00:10
3,대구광역시,1997,65.21,446406.0,0.213,3.78,81.81,1.01,2025-08-25 08:00:10
4,인천광역시,1997,63.04,559093.0,0.354,5.19,80.42,20.52,2025-08-25 08:00:10
5,광주광역시,1997,57.82,447964.0,0.319,17.84,71.21,22.68,2025-08-25 08:00:10
6,대전광역시,1997,54.08,389547.0,0.261,7.43,79.5,5.88,2025-08-25 08:00:10
7,울산광역시,1997,57.41,532054.0,0.355,20.53,77.7,34.79,2025-08-25 08:00:10
8,세종특별자치시,1997,69.86,560259.0,0.281,7.4,82.4,8.79,2025-08-25 08:00:10
9,경기도,1997,64.53,336774.0,0.246,16.7,76.83,14.58,2025-08-25 08:00:10
10,강원도,1997,77.94,466711.0,0.355,2.86,89.14,21.83,2025-08-25 08:00:10
11,충청북도,1997,68.72,434611.0,0.378,14.72,80.12,18.01,2025-08-25 08:00:10
12,충청남도,1997,57.9,672596.0,0.28,8.43,74.51,11.9,2025-08-25 08:00:10
13,전라북도,1997,78.13,354898.0,0.292,3.25,84.32,8.37,2025-08-25 08:00:10
14,전라남도,1997,64.71,605132.0,0.319,13.25,84.67,18.19,2025-08-25 08:00:10
15,경상북도,1997,71.79,465000.0,0.307,13.84,82.01,6.37,2025-08-25 08:00:10
16,경상남도,1997,87.6,408743.0,0.229,8.75,65.62,11.89,2025-08-25 08:00:10
17,제주특별자치도,1997,70.03,554345.0,0.411,8.54,72.28,37.39,2025-08-25 08:00:10
18,서울특별시,1998,66.42,509442.0,0.322,6.01,90.68,20.5,2025-08-25 08:00:11
19,부산광역시,1998,75.86,510192.0,0.457,16.96,79.05,22.46,2025-08-25 08:00:11
20,대구광역시,1998,46.61,480520.0,0.249,4.17,91.33,15.38,2025-08-25 08:00:11
21,인천광역시,1998,64.12,592287.0,0.318,12.24,79.83,29.65,2025-08-25 08:00:11
22,광주광역시,1998,68.39,365275.0,0.287,4.16,79.47,18.19,2025-08-25 08:00:11
23,대전광역시,1998,72.57,667327.0,0.291,8.25,83.49,28.09,2025-08-25 08:00:11
24,울산광역시,1998,48.12,490817.0,0.312,7.79,82.01,20.89,2025-08-25 08:00:11
25,세종특별자치시,1998,69.95,665473.0,0.287,15.99,78.18,5.65,2025-08-25 08:00:11
26,경기도,1998,71.52,621584.0,0.241,6.21,73.51,17.01,2025-08-25 08:00:11
27,강원도,1998,57.62,412725.0,0.221,12.0,72.7,18.73,2025-08-25 08:00:11
28,충청북도,1998,58.0,471526.0,0.247,13.15,76.7,7.13,2025-08-25 08:00:11
29,충청남도,1998,49.95,335803.0,0.223,3.51,71.47,3.77,2025-08-25 08:00:11
30,전라북도,1998,54.4,477606.0,0.255,12.31,77.94,29.35,2025-08-25 08:00:11
31,전라남도,1998,72.0,607547.0,0.312,11.15,80.73,22.99,2025-08-25 08:00:11
32,경상북도,1998,51.43,310182.0,0.312,8.86,78.7,30.07,2025-08-25 08:00:11
33,경상남도,1998,72.9,430516.0,0.294,12.25,82.66,11.04,2025-08-25 08:00:11
34,제주특별자치도,1998,74.05,262375.0,0.309,12.46,73.49,19.02,2025-08-25 08:00:11
35,서울특별시,1999,57.0,658519.0,0.289,-1.67,78.18,26.35,2025-08-25 08:00:12
36,부산광역시,1999,55.21,498024.0,0.242,5.84,75.87,27.27,2025-08-25 08:00:12
37,대구광역시,1999,87.17,420628.0,0.349,9.25,85.83,27.52,2025-08-25 08:00:12
38,인천광역시,1999,64.46,582832.0,0.408,10.84,83.74,22.21,2025-08-25 08:00:12
39,광주광역시,1999,73.89,620749.0,0.296,9.44,85.04,20.18,2025-08-25 08:00:12
40,대전광역시,1999,66.97,580000.0,0.388,3.31,75.85,22.3,2025-08-25 08:00:12
41,울산광역시,1999,96.16,451029.0,0.317,2.84,80.86,26.01,2025-08-25 08:00:12
42,세종특별자치시,1999,72.88,545109.0,0.328,19.47,88.23,25.81,2025-08-25 08:00:12
43,경기도,1999,78.61,470649.0,0.294,-0.61,89.97,8.48,2025-08-25 08:00:12
44,강원도,1999,54.79,482277.0,0.287,7.93,91.62,22.72,2025-08-25 08:00:12
45,충청북도,1999,79.67,670477.0,0.165,11.64,78.7,27.02,2025-08-25 08:00:12
46,충청남도,1999,58.74,478657.0,0.324,4.23,77.82,23.99,2025-08-25 08:00:12
47,전라북도,1999,78.72,493162.0,0.254,25.49,90.0,18.17,2025-08-25 08:00:12
48,전라남도,1999,64.66,702723.0,0.276,0.84,80.58,21.71,2025-08-25 08:00:12
49,경상북도,1999,68.72,321760.0,0.319,12.21,83.55,31.54,2025-08-25 08:00:12
50,경상남도,1999,59.9,521125.0,0.241,15.0,73.88,18.69,2025-08-25 08:00:12
51,제주특별자치도,1999,73.03,398977.0,0.395,13.74,79.94,14.4,2025-08-25 08:00:12
52,서울특별시,2000,68.99,606549.0,0.303,10.99,83.02,17.03,2025-08-25 08:00:13
53,부산광역시,2000,76.19,579527.0,0.388,9.77,81.96,19.02,2025-08-25 08:00:13
54,대구광역시,2000,64.33,461715.0,0.29,9.38,78.95,15.66,2025-08-25 08:00:13
55,인천광역시,2000,57.67,449273.0,0.313,12.06,84.09,11.83,2025-08-25 08:00:13
56,광주광역시,2000,65.53,504891.0,0.306,16.76,79.15,21.42,2025-08-25 08:00:13
57,대전광역시,2000,74.72,606554.0,0.254,3.32,79.34,22.47,2025-08-25 08:00:13
58,울산광역시,2000,78.65,475082.0,0.276,6.84,79.21,29.05,2025-08-25 08:00:13
59,세종특별자치시,2000,68.13,466868.0,0.287,13.38,84.28,8.76,2025-08-25 08:00:13
60,경기도,2000,59.27,436913.0,0.367,11.26,78.07,28.57,2025-08-25 08:00:13
61,강원도,2000,61.38,358890.0,0.329,12.35,86.11,8.71,2025-08-25 08:00:13
62,충청북도,2000,78.08,475222.0,0.298,11.65,83.97,21.32,2025-08-25 08:00:13
63,충청남도,2000,84.44,436694.0,0.328,13.89,79.57,29.79,2025-08-25 08:00:13
64,전라북도,2000,57.94,316026.0,0.342,13.21,82.65,19.22,2025-08-25 08:00:13
65,전라남도,2000,87.55,400659.0,0.339,13.89,83.27,15.83,2025-08-25 08:00:13
66,경상북도,2000,78.98,513147.0,0.33,14.13,83.18,31.06,2025-08-25 08:00:13
67,경상남도,2000,62.8,596780.0,0.289,10.95,78.21,15.3,2025-08-25 08:00:13
68,제주특별자치도,2000,67.01,600173.0,0.284,6.99,82.94,11.4,2025-08-25 08:00:13
69,서울특별시,2001,82.48,352113.0,0.267,-1.46,79.98,12.69,2025-08-25 08:00:14
70,부산광역시,2001,64.81,512086.0,0.327,7.27,77.82,32.04,2025-08-25 08:00:14
71,대구광역시,2001,74.04,440234.0,0.342,7.58,81.31,25.98,2025-08-25 08:00:14
72,인천광역시,2001,73.62,421012.0,0.247,13.87,74.42,32.41,2025-08-25 08:00:14
73,광주광역시,2001,61.96,593345.0,0.344,6.18,75.18,30.71,2025-08-25 08:00:14
74,대전광역시,2001,71.7,508350.0,0.317,9.39,84.13,33.03,2025-08-25 08:00:14
75,울산광역시,2001,76.98,523390.0,0.264,7.16,80.74,20.9,2025-08-25 08:00:14
76,세종특별자치시,2001,60.14,535309.0,0.296,13.97,76.16,20.03,2025-08-25 08:00:14
77,경기도,2001,83.62,482373.0,0.297,1.71,75.08,10.15,2025-08-25 08:00:14
78,강원도,2001,82.76,368264.0,0.323,7.91,82.43,12.31,2025-08-25 08:00:14
79,충청북도,2001,58.41,367876.0,0.301,7.34,78.09,14.31,2025-08-25 08:00:14
80,충청남도,2001,83.03,684849.0,0.349,-2.36,84.09,34.64,2025-08-25 08:00:14
81,전라북도,2001,71.95,504733.0,0.309,19.05,81.66,15.27,2025-08-25 08:00:14
82,전라남도,2001,66.88,571683.0,0.216,10.82,65.45,7.98,2025-08-25 08:00:14
83,경상북도,2001,80.22,618457.0,0.247,8.08,83.15,25.11,2025-08-25 08:00:14
84,경상남도,2001,65.1,521669.0,0.148,22.83,83.17,14.68,2025-08-25 08:00:14
85,제주특별자치도,2001,70.98,464512.0,0.343,10.44,72.05,15.08,2025-08-25 08:00:14
86,서울특별시,2002,82.21,447317.0,0.299,13.29,77.18,9.87,2025-08-25 08:00:15
87,부산광역시,2002,70.62,454534.0,0.314,11.94,80.36,35.92,2025-08-25 08:00:15
88,대구광역시,2002,52.41,539074.0,0.334,4.0,81.15,23.87,2025-08-25 08:00:15
89,인천광역시,2002,84.68,520296.0,0.244,3.37,76.32,25.44,2025-08-25 08:00:15
90,광주광역시,2002,75.63,588722.0,0.294,15.11,80.51,20.45,2025-08-25 08:00:15
91,대전광역시,2002,63.67,607584.0,0.312,9.38,85.12,21.11,2025-08-25 08:00:15
92,울산광역시,2002,85.7,560356.0,0.335,11.97,75.32,22.12,2025-08-25 08:00:15
93,세종특별자치시,2002,71.18,589507.0,0.28,6.53,79.96,21.7,2025-08-25 08:00:15
94,경기도,2002,60.25,580458.0,0.287,9.39,76.47,15.36,2025-08-25 08:00:15
95,강원도,2002,66.3,635326.0,0.25,5.6,87.21,31.39,2025-08-25 08:00:15
96,충청북도,2002,78.06,426661.0,0.376,17.36,83.14,18.11,2025-08-25 08:00:15
97,충청남도,2002,80.53,468412.0,0.445,6.49,84.26,31.34,2025-08-25 08:00:15
98,전라북도,2002,69.05,409221.0,0.326,12.84,77.43,28.86,2025-08-25 08:00:15
99,전라남도,2002,68.41,707920.0,0.296,9.94,73.86,26.16,2025-08-25 08:00:15
100,경상북도,2002,74.63,516408.0,0.257,7.3,78.25,18.76,2025-08-25 08:00:15
101,경상남도,2002,81.04,419173.0,0.423,3.18,73.81,2.24,2025-08-25 08:00:15
102,제주특별자치도,2002,70.44,521027.0,0.292,15.35,78.85,14.91,2025-08-25 08:00:15
103,서울특별시,2003,67.67,368754.0,0.281,6.83,82.33,11.61,2025-08-25 08:00:16
104,부산광역시,2003,81.53,475849.0,0.225,9.93,76.12,23.04,2025-08-25 08:00:16
105,대구광역시,2003,71.36,520169.0,0.285,11.37,85.19,29.79,2025-08-25 08:00:16
106,인천광역시,2003,69.24,603993.0,0.212,10.92,73.95,8.61,2025-08-25 08:00:16
107,광주광역시,2003,77.27,442695.0,0.373,3.63,75.06,21.07,2025-08-25 08:00:16
108,대전광역시,2003,70.64,647000.0,0.33,2.28,89.94,8.66,2025-08-25 08:00:16
109,울산광역시,2003,70.64,376142.0,0.289,15.49,86.42,5.6,2025-08-25 08:00:16
110,세종특별자치시,2003,63.95,562448.0,0.325,3.18,72.7,25.98,2025-08-25 08:00:16
111,경기도,2003,72.22,400913.0,0.337,13.07,79.66,23.41,2025-08-25 08:00:16
112,강원도,2003,62.5,566734.0,0.298,8.68,84.14,22.6,2025-08-25 08:00:16
113,충청북도,2003,76.21,426741.0,0.307,11.05,86.3,20.14,2025-08-25 08:00:16
114,충청남도,2003,69.35,538902.0,0.279,14.59,82.96,13.4,2025-08-25 08:00:16
115,전라북도,2003,71.19,598196.0,0.304,11.77,87.58,17.63,2025-08-25 08:00:16
116,전라남도,2003,71.37,454403.0,0.316,7.34,73.27,9.55,2025-08-25 08:00:16
117,경상북도,2003,57.13,356700.0,0.3,5.9,85.6,14.42,2025-08-25 08:00:16
118,경상남도,2003,81.94,457679.0,0.367,12.09,82.39,30.54,2025-08-25 08:00:16
119,제주특별자치도,2003,82.59,564616.0,0.264,7.64,80.29,15.01,2025-08-25 08:00:16
120,서울특별시,2004,73.6,629574.0,0.235,9.96,84.63,23.16,2025-08-25 08:00:17
121,부산광역시,2004,78.88,553876.0,0.341,9.86,73.82,21.8,2025-08-25 08:00:17
122,대구광역시,2004,65.01,459261.0,0.269,7.93,87.79,20.34,2025-08-25 08:00:17
123,인천광역시,2004,59.2,391724.0,0.373,9.74,74.85,20.36,2025-08-25 08:00:17
124,광주광역시,2004,37.6,536716.0,0.283,6.21,78.16,24.34,2025-08-25 08:00:17
125,대전광역시,2004,61.22,573695.0,0.358,4.61,73.22,27.82,2025-08-25 08:00:17
126,울산광역시,2004,86.7,448106.0,0.43,7.86,74.9,21.38,2025-08-25 08:00:17
127,세종특별자치시,2004,56.38,358700.0,0.27,7.72,77.17,13.6,2025-08-25 08:00:17
128,경기도,2004,68.46,290887.0,0.313,5.29,76.94,14.7,2025-08-25 08:00:17
129,강원도,2004,75.47,659945.0,0.291,12.28,76.91,24.69,2025-08-25 08:00:17
130,충청북도,2004,63.31,519049.0,0.185,16.61,77.06,18.67,2025-08-25 08:00:17
131,충청남도,2004,73.37,571222.0,0.19,8.5,75.59,16.32,2025-08-25 08:00:17
132,전라북도,2004,81.36,763583.0,0.309,6.5,86.63,20.2,2025-08-25 08:00:17
133,전라남도,2004,74.93,410870.0,0.351,9.26,71.22,17.12,2025-08-25 08:00:17
134,경상북도,2004,72.06,490874.0,0.278,13.8,87.53,21.03,2025-08-25 08:00:17
135,경상남도,2004,59.82,469429.0,0.281,7.27,75.93,28.27,2025-08-25 08:00:17
136,제주특별자치도,2004,77.74,555394.0,0.334,9.33,82.02,9.63,2025-08-25 08:00:17
137,서울특별시,2005,66.71,519166.0,0.28,13.39,74.37,35.29,2025-08-25 08:00:18
138,부산광역시,2005,72.36,334666.0,0.307,5.09,91.96,24.47,2025-08-25 08:00:18
139,대구광역시,2005,64.52,538346.0,0.299,8.37,82.0,28.08,2025-08-25 08:00:18
140,인천광역시,2005,70.7,516756.0,0.207,15.98,75.76,11.25,2025-08-25 08:00:18
141,광주광역시,2005,67.44,662553.0,0.297,13.42,85.35,22.49,2025-08-25 08:00:18
142,대전광역시,2005,73.77,740341.0,0.325,3.2,85.42,18.67,2025-08-25 08:00:18
143,울산광역시,2005,79.91,561570.0,0.278,8.98,89.15,27.22,2025-08-25 08:00:18
144,세종특별자치시,2005,64.71,436482.0,0.278,5.64,79.72,19.9,2025-08-25 08:00:18
145,경기도,2005,61.68,476129.0,0.316,16.57,75.7,27.68,2025-08-25 08:00:18
146,강원도,2005,71.96,735085.0,0.326,10.07,78.02,16.4,2025-08-25 08:00:18
147,충청북도,2005,71.84,473039.0,0.291,5.62,76.34,7.09,2025-08-25 08:00:18
148,충청남도,2005,64.71,441417.0,0.27,4.95,85.34,28.52,2025-08-25 08:00:18
149,전라북도,2005,80.67,588780.0,0.204,4.56,83.78,13.99,2025-08-25 08:00:18
150,전라남도,2005,76.38,517353.0,0.205,6.88,79.41,27.9,2025-08-25 08:00:18
151,경상북도,2005,65.65,511419.0,0.201,15.33,84.57,16.59,2025-08-25 08:00:18
152,경상남도,2005,59.54,514731.0,0.345,0.66,86.43,41.57,2025-08-25 08:00:18
153,제주특별자치도,2005,68.25,524221.0,0.291,8.48,77.12,21.88,2025-08-25 08:00:18
154,서울특별시,2006,69.77,478590.0,0.335,18.92,79.04,22.07,2025-08-25 08:00:19
155,부산광역시,2006,75.24,554904.0,0.266,9.15,76.68,6.86,2025-08-25 08:00:19
156,대구광역시,2006,53.51,525592.0,0.411,12.07,79.4,36.82,2025-08-25 08:00:19
157,인천광역시,2006,58.46,546734.0,0.361,10.95,88.19,18.2,2025-08-25 08:00:19
158,광주광역시,2006,59.32,407074.0,0.337,6.34,77.91,11.44,2025-08-25 08:00:19
159,대전광역시,2006,86.01,506957.0,0.353,19.4,82.03,23.03,2025-08-25 08:00:19
160,울산광역시,2006,69.47,441358.0,0.272,8.91,81.54,14.91,2025-08-25 08:00:19
161,세종특별자치시,2006,71.07,395659.0,0.387,13.39,81.65,19.66,2025-08-25 08:00:19
162,경기도,2006,82.76,498161.0,0.366,4.8,77.69,15.87,2025-08-25 08:00:19
163,강원도,2006,81.48,327074.0,0.248,12.37,80.78,14.52,2025-08-25 08:00:19
164,충청북도,2006,67.63,469152.0,0.37,13.82,78.2,12.91,2025-08-25 08:00:19
165,충청남도,2006,54.85,494610.0,0.312,9.0,81.29,14.89,2025-08-25 08:00:19
166,전라북도,2006,72.6,741164.0,0.355,4.44,88.19,11.75,2025-08-25 08:00:19
167,전라남도,2006,71.34,423996.0,0.274,10.81,77.7,34.61,2025-08-25 08:00:19
168,경상북도,2006,75.16,392518.0,0.375,12.1,79.04,20.04,2025-08-25 08:00:19
169,경상남도,2006,81.41,446464.0,0.309,4.0,80.68,18.92,2025-08-25 08:00:19
170,제주특별자치도,2006,76.93,415308.0,0.325,7.32,81.91,18.32,2025-08-25 08:00:19
171,서울특별시,2007,68.01,482249.0,0.217,15.25,83.65,25.23,2025-08-25 08:00:20
172,부산광역시,2007,45.15,603524.0,0.396,16.44,81.79,17.11,2025-08-25 08:00:20
173,대구광역시,2007,77.36,477959.0,0.291,5.86,76.69,21.13,2025-08-25 08:00:20
174,인천광역시,2007,54.91,586383.0,0.328,9.09,75.28,12.08,2025-08-25 08:00:20
175,광주광역시,2007,67.17,436990.0,0.349,14.77,79.25,10.83,2025-08-25 08:00:20
176,대전광역시,2007,61.2,577675.0,0.33,18.98,72.21,27.77,2025-08-25 08:00:20
177,울산광역시,2007,62.35,398132.0,0.331,3.52,80.41,28.85,2025-08-25 08:00:20
178,세종특별자치시,2007,56.65,363519.0,0.269,3.04,83.54,17.55,2025-08-25 08:00:20
179,경기도,2007,61.61,439433.0,0.254,9.92,84.8,12.12,2025-08-25 08:00:20
180,강원도,2007,57.35,566422.0,0.299,10.54,75.83,17.54,2025-08-25 08:00:20
181,충청북도,2007,56.06,444618.0,0.265,4.05,78.41,18.16,2025-08-25 08:00:20
182,충청남도,2007,79.76,472171.0,0.266,4.59,78.07,18.0,2025-08-25 08:00:20
183,전라북도,2007,70.62,556774.0,0.341,10.79,88.14,5.99,2025-08-25 08:00:20
184,전라남도,2007,69.12,226960.0,0.313,13.46,71.61,31.87,2025-08-25 08:00:20
185,경상북도,2007,86.27,499823.0,0.378,10.72,75.57,24.6,2025-08-25 08:00:20
186,경상남도,2007,68.98,438952.0,0.278,12.28,74.38,23.26,2025-08-25 08:00:20
187,제주특별자치도,2007,89.17,553901.0,0.22,5.89,78.03,18.27,2025-08-25 08:00:20
188,서울특별시,2008,80.24,542751.0,0.284,8.84,83.68,15.93,2025-08-25 08:00:22
189,부산광역시,2008,59.62,355222.0,0.369,11.58,77.66,25.03,2025-08-25 08:00:22
190,대구광역시,2008,80.38,776946.0,0.32,6.27,85.46,36.32,2025-08-25 08:00:22
191,인천광역시,2008,87.42,446710.0,0.26,16.17,88.62,12.81,2025-08-25 08:00:22
192,광주광역시,2008,68.61,443261.0,0.265,15.59,69.94,17.9,2025-08-25 08:00:22
193,대전광역시,2008,82.05,378334.0,0.254,12.0,82.53,26.04,2025-08-25 08:00:22
194,울산광역시,2008,85.72,428304.0,0.291,12.64,72.41,23.19,2025-08-25 08:00:22
195,세종특별자치시,2008,80.69,649852.0,0.281,20.48,79.05,8.1,2025-08-25 08:00:22
196,경기도,2008,75.61,530567.0,0.409,4.12,76.35,16.3,2025-08-25 08:00:22
197,강원도,2008,63.57,630310.0,0.355,9.55,79.29,17.5,2025-08-25 08:00:22
198,충청북도,2008,79.82,531007.0,0.289,15.11,84.11,19.51,2025-08-25 08:00:22
199,충청남도,2008,66.59,611731.0,0.276,5.96,80.66,20.42,2025-08-25 08:00:22
200,전라북도,2008,70.93,543717.0,0.265,12.01,81.51,18.7,2025-08-25 08:00:22
201,전라남도,2008,87.93,386152.0,0.297,6.43,71.23,21.95,2025-08-25 08:00:22
202,경상북도,2008,80.05,300650.0,0.296,6.38,79.17,32.81,2025-08-25 08:00:22
203,경상남도,2008,81.81,335176.0,0.325,12.49,88.96,16.08,2025-08-25 08:00:22
204,제주특별자치도,2008,61.4,251556.0,0.306,7.77,70.94,25.9,2025-08-25 08:00:22
205,서울특별시,2009,75.46,439736.0,0.246,7.97,77.96,15.75,2025-08-25 08:00:23
206,부산광역시,2009,71.61,624371.0,0.279,6.87,77.34,27.46,2025-08-25 08:00:23
207,대구광역시,2009,73.84,707781.0,0.301,8.82,82.97,17.25,2025-08-25 08:00:23
208,인천광역시,2009,76.31,430536.0,0.338,-2.03,70.99,14.8,2025-08-25 08:00:23
209,광주광역시,2009,78.46,491580.0,0.291,12.53,75.0,22.52,2025-08-25 08:00:23
210,대전광역시,2009,46.8,700447.0,0.289,12.5,76.49,13.42,2025-08-25 08:00:23
211,울산광역시,2009,59.99,488938.0,0.225,4.52,81.87,5.84,2025-08-25 08:00:23
212,세종특별자치시,2009,76.01,605462.0,0.219,7.0,82.58,24.33,2025-08-25 08:00:23
213,경기도,2009,77.05,623746.0,0.206,15.32,78.91,22.82,2025-08-25 08:00:23
214,강원도,2009,70.59,481747.0,0.302,6.03,79.95,20.55,2025-08-25 08:00:23
215,충청북도,2009,73.82,492000.0,0.291,13.66,78.9,8.57,2025-08-25 08:00:23
216,충청남도,2009,63.73,574230.0,0.219,17.38,76.04,15.91,2025-08-25 08:00:23
217,전라북도,2009,74.58,308901.0,0.284,21.31,79.55,11.12,2025-08-25 08:00:23
218,전라남도,2009,57.5,419122.0,0.34,17.82,79.83,22.11,2025-08-25 08:00:23
219,경상북도,2009,73.68,476479.0,0.316,4.47,81.4,25.31,2025-08-25 08:00:23
220,경상남도,2009,49.31,403560.0,0.281,14.5,80.99,13.64,2025-08-25 08:00:23
221,제주특별자치도,2009,78.54,534289.0,0.269,11.01,74.63,34.89,2025-08-25 08:00:23
222,서울특별시,2010,73.74,559283.0,0.28,12.13,83.59,18.3,2025-08-25 08:00:24
223,부산광역시,2010,54.04,442749.0,0.305,8.04,79.22,30.11,2025-08-25 08:00:24
224,대구광역시,2010,61.87,553890.0,0.366,10.17,82.14,19.7,2025-08-25 08:00:24
225,인천광역시,2010,70.99,434687.0,0.341,9.31,83.11,13.66,2025-08-25 08:00:24
226,광주광역시,2010,75.94,349140.0,0.339,9.27,78.42,29.57,2025-08-25 08:00:24
227,대전광역시,2010,75.36,507025.0,0.292,10.92,81.09,21.78,2025-08-25 08:00:24
228,울산광역시,2010,61.41,511481.0,0.37,9.69,69.15,23.21,2025-08-25 08:00:24
229,세종특별자치시,2010,72.13,402045.0,0.305,9.35,82.34,8.95,2025-08-25 08:00:24
230,경기도,2010,60.78,610737.0,0.217,11.75,95.05,19.09,2025-08-25 08:00:24
231,강원도,2010,84.51,437569.0,0.325,19.18,79.53,13.86,2025-08-25 08:00:24
232,충청북도,2010,69.16,378098.0,0.286,15.56,80.46,15.06,2025-08-25 08:00:24
233,충청남도,2010,80.79,679327.0,0.29,13.17,83.72,13.47,2025-08-25 08:00:24
234,전라북도,2010,58.79,593493.0,0.344,9.07,83.72,30.08,2025-08-25 08:00:24
235,전라남도,2010,56.52,374502.0,0.302,16.15,69.47,35.83,2025-08-25 08:00:24
236,경상북도,2010,51.85,341873.0,0.298,5.43,79.66,15.88,2025-08-25 08:00:24
237,경상남도,2010,70.76,332631.0,0.283,10.1,76.41,10.41,2025-08-25 08:00:24
238,제주특별자치도,2010,70.12,363457.0,0.317,9.09,84.55,33.23,2025-08-25 08:00:24
239,서울특별시,2011,66.08,499057.0,0.264,5.75,74.46,10.54,2025-08-25 08:00:25
240,부산광역시,2011,84.74,495600.0,0.252,10.15,80.47,24.82,2025-08-25 08:00:25
241,대구광역시,2011,64.79,523556.0,0.251,16.23,74.4,21.05,2025-08-25 08:00:25
242,인천광역시,2011,70.9,363483.0,0.352,14.46,90.99,23.35,2025-08-25 08:00:25
243,광주광역시,2011,93.63,523497.0,0.319,8.78,78.36,22.91,2025-08-25 08:00:25
244,대전광역시,2011,101.24,383246.0,0.317,11.35,83.99,39.25,2025-08-25 08:00:25
245,울산광역시,2011,75.15,463435.0,0.328,18.89,90.59,18.09,2025-08-25 08:00:25
246,세종특별자치시,2011,77.65,685689.0,0.303,14.4,77.23,28.73,2025-08-25 08:00:25
247,경기도,2011,71.68,538263.0,0.367,3.77,70.76,21.03,2025-08-25 08:00:25
248,강원도,2011,85.81,375308.0,0.34,-2.13,77.03,17.17,2025-08-25 08:00:25
249,충청북도,2011,66.07,626356.0,0.343,22.2,84.14,26.31,2025-08-25 08:00:25
250,충청남도,2011,55.82,486301.0,0.337,3.34,88.21,28.92,2025-08-25 08:00:25
251,전라북도,2011,64.2,520222.0,0.344,14.62,76.02,21.9,2025-08-25 08:00:25
252,전라남도,2011,68.07,478403.0,0.272,8.56,78.6,21.22,2025-08-25 08:00:25
253,경상북도,2011,72.51,598481.0,0.254,14.58,78.45,25.97,2025-08-25 08:00:25
254,경상남도,2011,75.72,540071.0,0.292,3.17,84.59,21.76,2025-08-25 08:00:25
255,제주특별자치도,2011,69.45,534232.0,0.325,3.21,82.08,10.81,2025-08-25 08:00:25
256,서울특별시,2012,59.7,432477.0,0.34,9.62,85.65,16.88,2025-08-25 08:00:26
257,부산광역시,2012,62.47,473622.0,0.294,14.18,86.1,18.24,2025-08-25 08:00:26
258,대구광역시,2012,73.59,415428.0,0.318,8.04,79.56,20.94,2025-08-25 08:00:26
259,인천광역시,2012,65.51,515431.0,0.311,8.98,72.5,18.5,2025-08-25 08:00:26
260,광주광역시,2012,65.2,402956.0,0.293,7.15,80.05,18.07,2025-08-25 08:00:26
261,대전광역시,2012,48.84,389033.0,0.204,7.4,84.86,19.03,2025-08-25 08:00:26
262,울산광역시,2012,64.18,631423.0,0.367,1.62,72.16,32.04,2025-08-25 08:00:26
263,세종특별자치시,2012,58.9,499682.0,0.328,13.27,78.59,11.72,2025-08-25 08:00:26
264,경기도,2012,75.33,668819.0,0.323,7.61,90.35,30.69,2025-08-25 08:00:26
265,강원도,2012,77.67,525998.0,0.249,11.23,85.56,29.16,2025-08-25 08:00:26
266,충청북도,2012,68.75,352089.0,0.267,8.71,79.51,-1.68,2025-08-25 08:00:26
267,충청남도,2012,72.82,547673.0,0.387,7.6,81.82,19.84,2025-08-25 08:00:26
268,전라북도,2012,55.65,498982.0,0.286,4.32,77.19,13.94,2025-08-25 08:00:26
269,전라남도,2012,78.2,744232.0,0.308,9.31,83.57,28.23,2025-08-25 08:00:26
270,경상북도,2012,82.99,501267.0,0.249,17.58,80.11,10.76,2025-08-25 08:00:26
271,경상남도,2012,88.83,509811.0,0.416,12.83,89.55,30.17,2025-08-25 08:00:26
272,제주특별자치도,2012,71.13,419511.0,0.279,5.48,82.93,20.17,2025-08-25 08:00:26
273,서울특별시,2013,73.8,640149.0,0.304,2.67,77.16,19.03,2025-08-25 08:00:27
274,부산광역시,2013,65.22,441110.0,0.255,7.87,72.75,7.37,2025-08-25 08:00:27
275,대구광역시,2013,61.36,622147.0,0.245,2.62,77.32,21.78,2025-08-25 08:00:27
276,인천광역시,2013,51.08,384990.0,0.334,11.91,80.89,7.68,2025-08-25 08:00:27
277,광주광역시,2013,73.1,674609.0,0.197,1.7,83.67,19.52,2025-08-25 08:00:27
278,대전광역시,2013,57.85,403535.0,0.337,9.78,80.75,15.31,2025-08-25 08:00:27
279,울산광역시,2013,69.6,619936.0,0.309,11.93,82.29,19.35,2025-08-25 08:00:27
280,세종특별자치시,2013,74.06,638676.0,0.357,11.96,77.69,43.12,2025-08-25 08:00:27
281,경기도,2013,52.89,338862.0,0.371,10.53,81.23,16.19,2025-08-25 08:00:27
282,강원도,2013,63.11,638433.0,0.334,6.67,81.15,11.21,2025-08-25 08:00:27
283,충청북도,2013,82.32,348529.0,0.281,11.11,82.5,18.02,2025-08-25 08:00:27
284,충청남도,2013,62.14,491073.0,0.272,13.12,74.78,32.54,2025-08-25 08:00:27
285,전라북도,2013,65.17,442173.0,0.266,9.48,77.74,18.71,2025-08-25 08:00:27
286,전라남도,2013,79.72,435418.0,0.327,3.6,79.05,21.89,2025-08-25 08:00:27
287,경상북도,2013,76.55,455972.0,0.279,5.51,75.54,12.44,2025-08-25 08:00:27
288,경상남도,2013,64.51,435674.0,0.285,14.71,83.46,24.79,2025-08-25 08:00:27
289,제주특별자치도,2013,89.76,543162.0,0.219,15.01,79.29,2.86,2025-08-25 08:00:27
290,서울특별시,2014,56.38,563038.0,0.286,7.28,76.62,22.46,2025-08-25 08:00:28
291,부산광역시,2014,83.02,409451.0,0.334,3.06,68.92,19.24,2025-08-25 08:00:28
292,대구광역시,2014,61.39,329284.0,0.337,8.01,77.32,24.87,2025-08-25 08:00:28
293,인천광역시,2014,83.28,654750.0,0.351,13.52,75.45,17.72,2025-08-25 08:00:28
294,광주광역시,2014,82.03,513061.0,0.243,-0.41,78.12,27.94,2025-08-25 08:00:28
295,대전광역시,2014,60.94,437173.0,0.367,13.38,77.58,33.53,2025-08-25 08:00:28
296,울산광역시,2014,68.77,524462.0,0.25,13.51,82.08,19.26,2025-08-25 08:00:28
297,세종특별자치시,2014,61.28,440343.0,0.276,10.52,85.71,10.47,2025-08-25 08:00:28
298,경기도,2014,65.6,476908.0,0.328,5.7,74.33,12.94,2025-08-25 08:00:28
299,강원도,2014,51.03,712838.0,0.297,8.37,78.41,23.02,2025-08-25 08:00:28
300,충청북도,2014,70.26,539642.0,0.287,17.37,77.87,27.79,2025-08-25 08:00:28
301,충청남도,2014,81.17,550851.0,0.326,11.01,75.77,23.74,2025-08-25 08:00:28
302,전라북도,2014,78.52,668138.0,0.281,14.62,78.47,18.85,2025-08-25 08:00:28
303,전라남도,2014,79.45,369435.0,0.384,5.27,82.43,18.96,2025-08-25 08:00:28
304,경상북도,2014,77.51,627904.0,0.308,10.18,83.8,19.98,2025-08-25 08:00:28
305,경상남도,2014,77.59,346311.0,0.323,7.87,80.95,5.69,2025-08-25 08:00:28
306,제주특별자치도,2014,73.58,502310.0,0.318,13.26,81.35,23.96,2025-08-25 08:00:28
307,서울특별시,2015,62.87,584058.0,0.309,4.07,86.37,14.41,2025-08-25 08:00:29
308,부산광역시,2015,90.1,635726.0,0.376,5.83,71.64,28.67,2025-08-25 08:00:29
309,대구광역시,2015,59.73,627215.0,0.356,6.54,79.25,9.58,2025-08-25 08:00:29
310,인천광역시,2015,62.03,417623.0,0.335,10.14,75.38,13.61,2025-08-25 08:00:29
311,광주광역시,2015,69.24,570962.0,0.379,9.69,85.04,25.23,2025-08-25 08:00:29
312,대전광역시,2015,80.47,562568.0,0.214,-0.17,81.49,12.85,2025-08-25 08:00:29
313,울산광역시,2015,48.48,468371.0,0.373,12.51,81.79,17.31,2025-08-25 08:00:29
314,세종특별자치시,2015,57.53,402118.0,0.383,6.67,75.12,33.98,2025-08-25 08:00:29
315,경기도,2015,91.65,517322.0,0.282,10.31,77.19,19.94,2025-08-25 08:00:29
316,강원도,2015,52.57,640670.0,0.218,2.18,83.42,25.45,2025-08-25 08:00:29
317,충청북도,2015,67.91,619307.0,0.139,1.86,87.47,32.18,2025-08-25 08:00:29
318,충청남도,2015,64.53,501482.0,0.3,2.77,80.03,15.91,2025-08-25 08:00:29
319,전라북도,2015,71.06,518220.0,0.287,0.86,95.4,16.28,2025-08-25 08:00:29
320,전라남도,2015,64.4,567421.0,0.292,14.45,72.96,32.64,2025-08-25 08:00:29
321,경상북도,2015,81.66,450676.0,0.255,9.93,84.24,9.74,2025-08-25 08:00:29
322,경상남도,2015,78.17,479160.0,0.289,10.86,80.71,32.27,2025-08-25 08:00:29
323,제주특별자치도,2015,60.82,474061.0,0.328,6.52,80.6,25.14,2025-08-25 08:00:29
324,서울특별시,2016,75.24,497236.0,0.333,10.62,83.29,30.35,2025-08-25 08:00:30
325,부산광역시,2016,64.37,534377.0,0.307,9.15,80.11,37.12,2025-08-25 08:00:30
326,대구광역시,2016,70.85,604505.0,0.474,16.12,80.47,34.33,2025-08-25 08:00:30
327,인천광역시,2016,78.13,636940.0,0.236,12.85,71.83,14.16,2025-08-25 08:00:30
328,광주광역시,2016,78.94,585033.0,0.312,11.11,76.88,19.8,2025-08-25 08:00:30
329,대전광역시,2016,81.18,348689.0,0.308,8.26,73.7,9.49,2025-08-25 08:00:30
330,울산광역시,2016,81.27,390991.0,0.296,15.64,78.14,32.22,2025-08-25 08:00:30
331,세종특별자치시,2016,77.66,428191.0,0.28,13.93,86.32,26.72,2025-08-25 08:00:30
332,경기도,2016,68.53,552439.0,0.228,6.19,81.65,12.45,2025-08-25 08:00:30
333,강원도,2016,71.62,572709.0,0.311,10.13,82.57,21.45,2025-08-25 08:00:30
334,충청북도,2016,56.06,457654.0,0.291,10.85,81.86,17.38,2025-08-25 08:00:30
335,충청남도,2016,57.5,393101.0,0.285,7.37,83.82,3.71,2025-08-25 08:00:30
336,전라북도,2016,72.61,633460.0,0.285,12.17,81.74,24.15,2025-08-25 08:00:30
337,전라남도,2016,81.0,395060.0,0.303,10.36,75.38,22.46,2025-08-25 08:00:30
338,경상북도,2016,68.43,431510.0,0.28,0.62,76.16,32.89,2025-08-25 08:00:30
339,경상남도,2016,81.7,603966.0,0.266,5.56,79.27,19.66,2025-08-25 08:00:30
340,제주특별자치도,2016,61.97,385931.0,0.316,3.22,77.52,22.15,2025-08-25 08:00:30
341,서울특별시,2017,96.59,465164.0,0.375,5.52,82.87,10.26,2025-08-25 08:00:31
342,부산광역시,2017,46.92,420142.0,0.251,-1.44,81.18,9.44,2025-08-25 08:00:31
343,대구광역시,2017,82.76,497403.0,0.333,10.27,82.35,20.16,2025-08-25 08:00:31
344,인천광역시,2017,64.05,297442.0,0.282,3.9,79.9,15.71,2025-08-25 08:00:31
345,광주광역시,2017,44.06,420249.0,0.337,11.48,73.04,23.48,2025-08-25 08:00:31
346,대전광역시,2017,64.8,595360.0,0.261,10.69,74.64,15.96,2025-08-25 08:00:31
347,울산광역시,2017,73.45,484984.0,0.237,8.42,87.18,23.16,2025-08-25 08:00:31
348,세종특별자치시,2017,66.88,381925.0,0.326,11.83,73.55,11.09,2025-08-25 08:00:31
349,경기도,2017,89.75,459447.0,0.303,10.2,89.41,25.68,2025-08-25 08:00:31
350,강원도,2017,50.11,366953.0,0.323,8.46,87.11,26.76,2025-08-25 08:00:31
351,충청북도,2017,64.81,486357.0,0.276,14.23,79.35,22.52,2025-08-25 08:00:31
352,충청남도,2017,55.23,587796.0,0.364,0.17,83.27,29.01,2025-08-25 08:00:31
353,전라북도,2017,74.72,517368.0,0.333,11.71,76.5,14.58,2025-08-25 08:00:31
354,전라남도,2017,69.69,520860.0,0.277,5.79,83.77,11.52,2025-08-25 08:00:31
355,경상북도,2017,56.0,503054.0,0.315,11.58,78.19,12.08,2025-08-25 08:00:31
356,경상남도,2017,59.91,493995.0,0.288,10.25,81.63,23.04,2025-08-25 08:00:31
357,제주특별자치도,2017,77.52,399449.0,0.348,0.85,77.84,20.26,2025-08-25 08:00:31
358,서울특별시,2018,78.35,431874.0,0.342,10.21,86.58,31.57,2025-08-25 08:00:32
359,부산광역시,2018,67.92,587554.0,0.325,10.3,79.89,21.98,2025-08-25 08:00:32
360,대구광역시,2018,94.84,355673.0,0.343,6.29,72.97,14.99,2025-08-25 08:00:32
361,인천광역시,2018,74.84,611598.0,0.297,21.31,77.94,14.22,2025-08-25 08:00:32
362,광주광역시,2018,74.66,522735.0,0.324,4.91,94.44,17.89,2025-08-25 08:00:32
363,대전광역시,2018,69.91,458610.0,0.252,8.4,79.79,24.38,2025-08-25 08:00:32
364,울산광역시,2018,67.34,316106.0,0.279,5.78,84.02,5.63,2025-08-25 08:00:32
365,세종특별자치시,2018,85.49,575261.0,0.297,9.65,73.47,14.15,2025-08-25 08:00:32
366,경기도,2018,71.04,596322.0,0.28,9.41,77.3,7.23,2025-08-25 08:00:32
367,강원도,2018,84.97,493163.0,0.314,13.96,88.93,32.96,2025-08-25 08:00:32
368,충청북도,2018,83.17,528885.0,0.299,7.31,79.24,22.66,2025-08-25 08:00:32
369,충청남도,2018,64.74,568634.0,0.356,4.09,81.7,23.2,2025-08-25 08:00:32
370,전라북도,2018,80.79,571711.0,0.319,13.53,87.53,37.14,2025-08-25 08:00:32
371,전라남도,2018,65.99,535814.0,0.3,5.27,75.57,28.23,2025-08-25 08:00:32
372,경상북도,2018,83.32,525501.0,0.285,5.56,80.71,24.64,2025-08-25 08:00:32
373,경상남도,2018,46.32,530305.0,0.32,7.01,79.71,27.42,2025-08-25 08:00:32
374,제주특별자치도,2018,82.65,661491.0,0.264,7.24,83.51,14.18,2025-08-25 08:00:32
375,서울특별시,2019,57.43,459767.0,0.251,12.25,81.27,20.89,2025-08-25 08:00:33
376,부산광역시,2019,78.4,408712.0,0.293,7.17,75.3,28.66,2025-08-25 08:00:33
377,대구광역시,2019,55.17,614569.0,0.272,15.29,80.75,28.77,2025-08-25 08:00:33
378,인천광역시,2019,50.37,288644.0,0.322,10.94,74.01,25.8,2025-08-25 08:00:33
379,광주광역시,2019,64.05,396907.0,0.264,5.18,88.69,28.97,2025-08-25 08:00:33
380,대전광역시,2019,71.51,503482.0,0.266,16.67,82.4,17.09,2025-08-25 08:00:33
381,울산광역시,2019,74.68,457631.0,0.244,5.2,83.28,23.09,2025-08-25 08:00:33
382,세종특별자치시,2019,80.98,425442.0,0.195,12.49,81.93,17.95,2025-08-25 08:00:33
383,경기도,2019,79.62,433482.0,0.239,0.92,77.88,21.17,2025-08-25 08:00:33
384,강원도,2019,87.25,495141.0,0.291,5.31,77.81,23.29,2025-08-25 08:00:33
385,충청북도,2019,75.71,381070.0,0.283,18.9,77.16,14.08,2025-08-25 08:00:33
386,충청남도,2019,78.51,600076.0,0.272,4.28,76.97,27.54,2025-08-25 08:00:33
387,전라북도,2019,87.14,439120.0,0.337,8.73,77.77,20.03,2025-08-25 08:00:33
388,전라남도,2019,64.04,364226.0,0.238,4.57,82.83,28.27,2025-08-25 08:00:33
389,경상북도,2019,82.24,475156.0,0.305,16.01,76.73,23.83,2025-08-25 08:00:33
390,경상남도,2019,70.89,448902.0,0.342,16.88,87.03,28.76,2025-08-25 08:00:33
391,제주특별자치도,2019,79.52,531807.0,0.292,13.74,72.3,14.41,2025-08-25 08:00:33
392,서울특별시,2020,61.53,405425.0,0.25,11.15,83.11,21.84,2025-08-25 08:00:34
393,부산광역시,2020,81.25,454726.0,0.299,11.78,92.59,21.07,2025-08-25 08:00:34
394,대구광역시,2020,72.91,555091.0,0.251,10.02,72.48,23.89,2025-08-25 08:00:34
395,인천광역시,2020,67.47,219932.0,0.319,1.72,84.47,29.92,2025-08-25 08:00:34
396,광주광역시,2020,88.65,557754.0,0.229,9.45,83.68,14.17,2025-08-25 08:00:34
397,대전광역시,2020,62.58,510349.0,0.278,12.56,80.97,15.12,2025-08-25 08:00:34
398,울산광역시,2020,70.63,364829.0,0.334,2.84,90.52,31.0,2025-08-25 08:00:34
399,세종특별자치시,2020,68.36,600885.0,0.403,11.05,89.74,37.23,2025-08-25 08:00:34
400,경기도,2020,73.12,492837.0,0.327,11.84,87.53,11.9,2025-08-25 08:00:34
401,강원도,2020,86.07,565783.0,0.287,2.59,86.86,20.85,2025-08-25 08:00:34
402,충청북도,2020,69.16,457013.0,0.231,10.77,79.68,16.25,2025-08-25 08:00:34
403,충청남도,2020,79.25,395954.0,0.205,6.26,77.77,30.76,2025-08-25 08:00:34
404,전라북도,2020,65.13,454224.0,0.239,9.27,76.93,33.0,2025-08-25 08:00:34
405,전라남도,2020,66.29,349004.0,0.32,9.76,87.95,18.57,2025-08-25 08:00:34
406,경상북도,2020,62.97,646694.0,0.312,7.59,77.99,9.74,2025-08-25 08:00:34
407,경상남도,2020,69.7,333876.0,0.27,15.67,86.13,17.52,2025-08-25 08:00:34
408,제주특별자치도,2020,53.26,581158.0,0.259,5.16,82.37,8.77,2025-08-25 08:00:34
409,서울특별시,2021,65.22,574072.0,0.296,12.8,81.82,4.96,2025-08-25 08:00:35
410,부산광역시,2021,60.79,621202.0,0.275,7.99,74.71,18.56,2025-08-25 08:00:35
411,대구광역시,2021,74.45,563452.0,0.399,14.98,82.01,24.53,2025-08-25 08:00:35
412,인천광역시,2021,62.22,361485.0,0.319,7.98,73.22,29.21,2025-08-25 08:00:35
413,광주광역시,2021,52.36,326694.0,0.31,16.65,73.48,11.41,2025-08-25 08:00:35
414,대전광역시,2021,96.87,628092.0,0.427,14.66,82.57,15.63,2025-08-25 08:00:35
415,울산광역시,2021,63.31,578206.0,0.337,6.21,88.68,30.06,2025-08-25 08:00:35
416,세종특별자치시,2021,75.71,502999.0,0.381,11.87,81.08,47.1,2025-08-25 08:00:35
417,경기도,2021,76.57,595452.0,0.352,10.16,76.05,27.57,2025-08-25 08:00:35
418,강원도,2021,55.52,554180.0,0.346,9.71,81.06,27.6,2025-08-25 08:00:35
419,충청북도,2021,72.45,444957.0,0.358,14.34,65.68,6.22,2025-08-25 08:00:35
420,충청남도,2021,67.28,589984.0,0.227,-1.13,77.2,6.75,2025-08-25 08:00:35
421,전라북도,2021,71.53,517734.0,0.309,0.72,86.93,31.94,2025-08-25 08:00:35
422,전라남도,2021,63.99,568358.0,0.189,5.7,79.41,17.51,2025-08-25 08:00:35
423,경상북도,2021,72.6,397507.0,0.25,14.5,75.46,11.1,2025-08-25 08:00:35
424,경상남도,2021,70.63,541962.0,0.253,6.4,75.25,18.39,2025-08-25 08:00:35
425,제주특별자치도,2021,69.33,375291.0,0.281,11.42,75.77,13.56,2025-08-25 08:00:35
426,서울특별시,2022,74.0,357241.0,0.399,14.03,86.83,27.24,2025-08-25 08:00:36
427,부산광역시,2022,77.66,626658.0,0.332,24.1,79.38,4.4,2025-08-25 08:00:36
428,대구광역시,2022,56.65,530105.0,0.257,9.02,87.26,28.73,2025-08-25 08:00:36
429,인천광역시,2022,77.87,411565.0,0.285,22.16,90.2,13.05,2025-08-25 08:00:36
430,광주광역시,2022,75.37,597933.0,0.275,20.1,81.89,24.97,2025-08-25 08:00:36
431,대전광역시,2022,69.72,496787.0,0.241,13.74,72.81,16.68,2025-08-25 08:00:36
432,울산광역시,2022,77.33,451079.0,0.308,8.65,77.26,12.8,2025-08-25 08:00:36
433,세종특별자치시,2022,78.81,580864.0,0.317,5.36,81.09,10.35,2025-08-25 08:00:36
434,경기도,2022,85.36,622712.0,0.303,9.46,81.91,15.52,2025-08-25 08:00:36
435,강원도,2022,87.47,454039.0,0.336,9.68,86.57,18.48,2025-08-25 08:00:36
436,충청북도,2022,73.78,363260.0,0.386,4.17,83.32,15.94,2025-08-25 08:00:36
437,충청남도,2022,67.76,281997.0,0.315,8.76,85.17,13.28,2025-08-25 08:00:36
438,전라북도,2022,89.01,451059.0,0.335,10.3,83.65,23.28,2025-08-25 08:00:36
439,전라남도,2022,70.02,390901.0,0.317,11.69,79.06,27.97,2025-08-25 08:00:36
440,경상북도,2022,68.31,501280.0,0.356,15.49,78.68,20.43,2025-08-25 08:00:36
441,경상남도,2022,72.04,404842.0,0.361,5.37,86.73,23.54,2025-08-25 08:00:36
442,제주특별자치도,2022,55.3,770699.0,0.325,13.54,84.81,20.88,2025-08-25 08:00:36
443,서울특별시,2023,78.55,592023.0,0.308,10.74,72.68,18.58,2025-08-25 08:00:37
444,부산광역시,2023,72.48,524105.0,0.39,11.22,77.55,26.71,2025-08-25 08:00:37
445,대구광역시,2023,88.0,514788.0,0.29,5.06,75.17,29.47,2025-08-25 08:00:37
446,인천광역시,2023,60.99,565506.0,0.299,13.03,83.25,19.7,2025-08-25 08:00:37
447,광주광역시,2023,66.71,641746.0,0.291,-2.57,78.16,22.2,2025-08-25 08:00:37
448,대전광역시,2023,55.08,507157.0,0.25,9.83,84.61,15.29,2025-08-25 08:00:37
449,울산광역시,2023,60.98,332863.0,0.258,2.41,79.33,26.94,2025-08-25 08:00:37
450,세종특별자치시,2023,77.73,315204.0,0.401,4.28,81.47,16.49,2025-08-25 08:00:37
451,경기도,2023,59.58,383734.0,0.324,12.38,83.4,32.93,2025-08-25 08:00:37
452,강원도,2023,81.33,494225.0,0.279,11.78,84.17,41.6,2025-08-25 08:00:37
453,충청북도,2023,67.76,590726.0,0.358,9.89,82.17,14.75,2025-08-25 08:00:37
454,충청남도,2023,76.96,658476.0,0.311,1.64,76.97,24.56,2025-08-25 08:00:37
455,전라북도,2023,85.48,378932.0,0.32,9.99,81.53,16.8,2025-08-25 08:00:37
456,전라남도,2023,69.85,361352.0,0.277,0.27,82.34,19.16,2025-08-25 08:00:37
457,경상북도,2023,63.5,556189.0,0.321,1.9,84.34,23.76,2025-08-25 08:00:37
458,경상남도,2023,79.76,581654.0,0.319,6.17,73.02,15.38,2025-08-25 08:00:37
459,제주특별자치도,2023,71.96,631646.0,0.355,2.55,83.32,22.4,2025-08-25 08:00:37
460,서울특별시,2024,64.69,346169.0,0.377,16.78,86.73,17.97,2025-08-25 08:00:38
461,부산광역시,2024,55.7,654655.0,0.322,2.74,86.74,15.07,2025-08-25 08:00:38
462,대구광역시,2024,78.09,449262.0,0.326,10.76,76.63,19.07,2025-08-25 08:00:38
463,인천광역시,2024,67.75,493974.0,0.303,10.85,73.82,18.94,2025-08-25 08:00:38
464,광주광역시,2024,56.92,492591.0,0.251,8.85,78.12,33.16,2025-08-25 08:00:38
465,대전광역시,2024,88.47,494166.0,0.267,10.53,87.55,17.41,2025-08-25 08:00:38
466,울산광역시,2024,59.22,623634.0,0.282,2.09,80.47,26.37,2025-08-25 08:00:38
467,세종특별자치시,2024,83.75,441631.0,0.354,9.99,72.08,12.73,2025-08-25 08:00:38
468,경기도,2024,58.58,523296.0,0.28,15.68,79.67,26.63,2025-08-25 08:00:38
469,강원도,2024,70.21,643308.0,0.298,4.56,70.04,24.24,2025-08-25 08:00:38
470,충청북도,2024,53.48,534836.0,0.283,18.41,77.66,16.54,2025-08-25 08:00:38
471,충청남도,2024,78.32,354001.0,0.323,14.71,84.19,11.24,2025-08-25 08:00:38
472,전라북도,2024,55.75,389981.0,0.277,11.64,79.86,8.24,2025-08-25 08:00:38
473,전라남도,2024,64.76,429163.0,0.384,18.44,74.35,15.15,2025-08-25 08:00:38
474,경상북도,2024,64.47,508909.0,0.329,9.81,76.79,23.23,2025-08-25 08:00:38
475,경상남도,2024,62.65,787130.0,0.278,1.92,77.17,12.65,2025-08-25 08:00:38
476,제주특별자치도,2024,67.97,471205.0,0.253,16.99,81.66,11.88,2025-08-25 08:00:38
477,서울특별시,2025,70.37,590137.0,0.288,6.3,73.93,20.98,2025-08-25 08:00:39
478,부산광역시,2025,69.98,503651.0,0.259,4.62,75.97,21.74,2025-08-25 08:00:39
479,대구광역시,2025,74.53,589728.0,0.194,9.28,64.97,27.73,2025-08-25 08:00:39
480,인천광역시,2025,68.44,484386.0,0.43,10.83,78.07,13.41,2025-08-25 08:00:39
481,광주광역시,2025,58.58,495385.0,0.323,8.76,76.52,20.23,2025-08-25 08:00:39
482,대전광역시,2025,78.28,546830.0,0.275,10.85,90.79,24.52,2025-08-25 08:00:39
483,울산광역시,2025,79.94,377664.0,0.37,8.64,80.22,22.83,2025-08-25 08:00:39
484,세종특별자치시,2025,71.3,393661.0,0.283,11.13,70.56,17.35,2025-08-25 08:00:39
485,경기도,2025,74.56,553601.0,0.331,13.9,73.27,9.56,2025-08-25 08:00:39
486,강원도,2025,72.38,542802.0,0.278,10.32,79.73,27.46,2025-08-25 08:00:39
487,충청북도,2025,52.61,504124.0,0.268,17.34,84.68,10.92,2025-08-25 08:00:39
488,충청남도,2025,59.96,484221.0,0.407,9.37,83.65,14.05,2025-08-25 08:00:39
489,전라북도,2025,64.14,593495.0,0.314,3.48,82.9,21.63,2025-08-25 08:00:39
490,전라남도,2025,76.83,473305.0,0.328,10.19,85.03,28.48,2025-08-25 08:00:39
491,경상북도,2025,72.3,392948.0,0.385,17.55,80.89,14.62,2025-08-25 08:00:39
492,경상남도,2025,62.28,564173.0,0.274,14.13,76.63,26.62,2025-08-25 08:00:39
493,제주특별자치도,2025,68.18,369224.0,0.281,12.79,79.35,17.53,2025-08-25 08:00:39
