year,region,bds_score,fiscal_autonomy_ratio,gdp_2023,cpi,manufacturing_index
2001,경기도,7.1521739130434785,0.78,578124,65.71908333333333,73.55
2001,충청남도,3.13532674883053,0.305,134256,65.71908333333333,73.55
2001,경상남도,3.3839897854031333,0.395,123721,65.71908333333333,73.55
2001,광주광역시,3.795930161977712,0.636,48615,65.71908333333333,73.55
2001,부산광역시,4.458792253899402,0.7440000000000001,103284,65.71908333333333,73.55
2001,충청북도,3.06297240368431,0.365,83254,65.71908333333333,73.55
2001,울산광역시,4.387488951927436,0.764,77569,65.71908333333333,73.55
2001,전라남도,2.5816265109168652,0.22,85319,65.71908333333333,73.55
2001,경상북도,3.081399824586467,0.313,119278,65.71908333333333,73.55
2001,강원도,2.690711060051527,0.298,56534,65.71908333333333,73.55
2001,서울특별시,7.371027667128116,0.956,508134,65.71908333333333,73.55
2001,인천광역시,4.6165248480009655,0.777,111713,65.71908333333333,73.55
2001,대전광역시,4.189226516376651,0.7490000000000001,50363,65.71908333333333,73.55
2001,제주특별자치도,2.644021739130435,0.336,24073,65.71908333333333,73.55
2001,대구광역시,4.297716288704155,0.753,67890,65.71908333333333,73.55
2001,전라북도,2.6318928268002795,0.2769999999999999,58845,65.71908333333333,73.55
2002,경기도,7.1116310160427805,0.765,578124,67.53441666666667,79.95
2002,충청남도,3.1006146179307397,0.284,134256,67.53441666666667,79.95
2002,경상남도,3.307608565919292,0.363,123721,67.53441666666667,79.95
2002,광주광역시,3.7465230473532056,0.616,48615,67.53441666666667,79.95
2002,부산광역시,4.3132592383216295,0.6970000000000001,103284,67.53441666666667,79.95
2002,충청북도,2.9748569944771486,0.3289999999999999,83254,67.53441666666667,79.95
2002,울산광역시,4.087122758019043,0.6709999999999999,77569,67.53441666666667,79.95
2002,전라남도,2.5816265109168652,0.208,85319,67.53441666666667,79.95
2002,경상북도,3.0763319624613796,0.301,119278,67.53441666666667,79.95
2002,강원도,2.666407119107561,0.28,56534,67.53441666666667,79.95
2002,서울특별시,7.371027667128116,0.956,508134,67.53441666666667,79.95
2002,인천광역시,4.515985002616171,0.7440000000000001,111713,67.53441666666667,79.95
2002,대전광역시,4.1570573987295925,0.736,50363,67.53441666666667,79.95
2002,제주특별자치도,2.7780748663101607,0.366,24073,67.53441666666667,79.95
2002,대구광역시,4.104901391005946,0.6920000000000001,67890,67.53441666666667,79.95
2002,전라북도,2.6221022257772617,0.263,58845,67.53441666666667,79.95
2003,경기도,7.152536715620828,0.78,578124,69.90816666666667,80.03333333333333
2003,충청남도,3.1403288893657373,0.298,134256,69.90816666666667,80.03333333333333
2003,경상남도,3.330281398858755,0.372,123721,69.90816666666667,80.03333333333333
2003,광주광역시,3.7847558425953465,0.63,48615,69.90816666666667,80.03333333333333
2003,부산광역시,4.477966370112324,0.7490000000000001,103284,69.90816666666667,80.03333333333333
2003,충청북도,2.9175747357792767,0.314,83254,69.90816666666667,80.03333333333333
2003,울산광역시,4.228581423048351,0.716,77569,69.90816666666667,80.03333333333333
2003,전라남도,2.5816265109168652,0.21,85319,69.90816666666667,80.03333333333333
2003,경상북도,3.039201349808502,0.292,119278,69.90816666666667,80.03333333333333
2003,강원도,2.616019079439697,0.267,56534,69.90816666666667,80.03333333333333
2003,서울특별시,7.371027667128116,0.959,508134,69.90816666666667,80.03333333333333
2003,인천광역시,4.513593221774692,0.746,111713,69.90816666666667,80.03333333333333
2003,대전광역시,4.148025748686398,0.736,50363,69.90816666666667,80.03333333333333
2003,제주특별자치도,2.7973965287049403,0.374,24073,69.90816666666667,80.03333333333333
2003,대구광역시,4.336386508417397,0.764,67890,69.90816666666667,80.03333333333333
2003,전라북도,2.59181674709981,0.256,58845,69.90816666666667,80.03333333333333
2004,경기도,7.188844086021505,0.7879999999999999,578124,72.41833333333334,81.83333333333333
2004,충청남도,3.162464137797337,0.305,134256,72.41833333333334,81.83333333333333
2004,경상남도,3.367517426824358,0.3829999999999999,123721,72.41833333333334,81.83333333333333
2004,광주광역시,3.6832899095232934,0.598,48615,72.41833333333334,81.83333333333333
2004,부산광역시,4.510218153852651,0.7559999999999999,103284,72.41833333333334,81.83333333333333
2004,충청북도,2.9131871652551378,0.313,83254,72.41833333333334,81.83333333333333
2004,울산광역시,4.169367166046182,0.696,77569,72.41833333333334,81.83333333333333
2004,전라남도,2.5816265109168652,0.211,85319,72.41833333333334,81.83333333333333
2004,경상북도,3.0444009349183974,0.294,119278,72.41833333333334,81.83333333333333
2004,강원도,2.6878621820711626,0.289,56534,72.41833333333334,81.83333333333333
2004,서울특별시,7.371027667128116,0.955,508134,72.41833333333334,81.83333333333333
2004,인천광역시,4.565939001811157,0.759,111713,72.41833333333334,81.83333333333333
2004,대전광역시,4.183346140032565,0.7440000000000001,50363,72.41833333333334,81.83333333333333
2004,제주특별자치도,2.706989247311828,0.347,24073,72.41833333333334,81.83333333333333
2004,대구광역시,4.23792637519317,0.732,67890,72.41833333333334,81.83333333333333
2004,전라북도,2.5995690189461422,0.259,58845,72.41833333333334,81.83333333333333
2005,경기도,7.097112860892389,0.762,578124,74.41258333333333,82.7
2005,충청남도,3.266551429305254,0.327,134256,74.41258333333333,82.7
2005,경상남도,3.3669882590993563,0.375,123721,74.41258333333333,82.7
2005,광주광역시,3.7181885209871837,0.606,48615,74.41258333333333,82.7
2005,부산광역시,4.434150293383597,0.7340000000000001,103284,74.41258333333333,82.7
2005,충청북도,2.9575843373828152,0.317,83254,74.41258333333333,82.7
2005,울산광역시,4.180082812477477,0.6990000000000001,77569,74.41258333333333,82.7
2005,전라남도,2.5816265109168652,0.1989999999999999,85319,74.41258333333333,82.7
2005,경상북도,3.0837445552723053,0.296,119278,74.41258333333333,82.7
2005,강원도,2.675109239898612,0.275,56534,74.41258333333333,82.7
2005,서울특별시,7.371027667128116,0.961,508134,74.41258333333333,82.7
2005,인천광역시,4.368241939750367,0.7,111713,74.41258333333333,82.7
2005,대전광역시,4.2000942985288825,0.75,50363,74.41258333333333,82.7
2005,제주특별자치도,2.886482939632546,0.3929999999999999,24073,74.41258333333333,82.7
2005,대구광역시,4.258907875489504,0.7390000000000001,67890,74.41258333333333,82.7
2005,전라북도,2.60888237090618,0.251,58845,74.41258333333333,82.7
2006,경기도,7.105600539811066,0.752,578124,76.08116666666666,89.29166666666667
2006,충청남도,3.356050616400794,0.353,134256,76.08116666666666,89.29166666666667
2006,경상남도,3.417090801949516,0.3879999999999999,123721,76.08116666666666,89.29166666666667
2006,광주광역시,3.6413212316250743,0.575,48615,76.08116666666666,89.29166666666667
2006,부산광역시,4.365810531198,0.7020000000000001,103284,76.08116666666666,89.29166666666667
2006,충청북도,2.944939156896773,0.313,83254,76.08116666666666,89.29166666666667
2006,울산광역시,4.07475058426916,0.657,77569,76.08116666666666,89.29166666666667
2006,전라남도,2.5816265109168652,0.2019999999999999,85319,76.08116666666666,89.29166666666667
2006,경상북도,3.021913341866289,0.278,119278,76.08116666666666,89.29166666666667
2006,강원도,2.6450636534916496,0.267,56534,76.08116666666666,89.29166666666667
2006,서울특별시,7.371027667128116,0.943,508134,76.08116666666666,89.29166666666667
2006,인천광역시,4.3777125423622865,0.6920000000000001,111713,76.08116666666666,89.29166666666667
2006,대전광역시,4.1669803962686895,0.728,50363,76.08116666666666,89.29166666666667
2006,제주특별자치도,2.7088394062078267,0.3379999999999999,24073,76.08116666666666,89.29166666666667
2006,대구광역시,4.191033009645305,0.7070000000000001,67890,76.08116666666666,89.29166666666667
2006,전라북도,2.5631100054073332,0.239,58845,76.08116666666666,89.29166666666667
2007,경기도,7.1960227272727275,0.7490000000000001,578124,78.0095,96.93333333333334
2007,충청남도,3.443194831834483,0.369,134256,78.0095,96.93333333333334
2007,경상남도,3.4642763466679556,0.391,123721,78.0095,96.93333333333334
2007,광주광역시,3.5938241837168423,0.542,48615,78.0095,96.93333333333334
2007,부산광역시,4.198787313187939,0.629,103284,78.0095,96.93333333333334
2007,충청북도,3.0391952297712663,0.3329999999999999,83254,78.0095,96.93333333333334
2007,울산광역시,4.2548617286072785,0.684,77569,78.0095,96.93333333333334
2007,전라남도,2.5816265109168652,0.201,85319,78.0095,96.93333333333334
2007,경상북도,3.078003085456032,0.289,119278,78.0095,96.93333333333334
2007,강원도,2.716958589695796,0.283,56534,78.0095,96.93333333333334
2007,서울특별시,7.371027667128116,0.905,508134,78.0095,96.93333333333334
2007,인천광역시,4.489455925076063,0.698,111713,78.0095,96.93333333333334
2007,대전광역시,4.2389424254675605,0.721,50363,78.0095,96.93333333333334
2007,제주특별자치도,2.473721590909091,0.264,24073,78.0095,96.93333333333334
2007,대구광역시,4.042652059455144,0.639,67890,78.0095,96.93333333333334
2007,전라북도,2.559017332729133,0.235,58845,78.0095,96.93333333333334
2008,경기도,7.301569506726457,0.763,578124,81.65558333333333,103.06666666666666
2008,충청남도,3.459458930217415,0.3779999999999999,134256,81.65558333333333,103.06666666666666
2008,경상남도,3.4622061774873596,0.3939999999999999,123721,81.65558333333333,103.06666666666666
2008,광주광역시,3.548805966228053,0.526,48615,81.65558333333333,103.06666666666666
2008,부산광역시,4.140036973467868,0.605,103284,81.65558333333333,103.06666666666666
2008,충청북도,3.0487710892630453,0.342,83254,81.65558333333333,103.06666666666666
2008,울산광역시,4.352069441951483,0.6990000000000001,77569,81.65558333333333,103.06666666666666
2008,전라남도,2.5816265109168652,0.214,85319,81.65558333333333,103.06666666666666
2008,경상북도,3.038298302197437,0.287,119278,81.65558333333333,103.06666666666666
2008,강원도,2.6798760207326215,0.282,56534,81.65558333333333,103.06666666666666
2008,서울특별시,7.371027667128116,0.883,508134,81.65558333333333,103.06666666666666
2008,인천광역시,4.578053857879434,0.71,111713,81.65558333333333,103.06666666666666
2008,대전광역시,4.073965866152436,0.664,50363,81.65558333333333,103.06666666666666
2008,제주특별자치도,2.4331091180866964,0.263,24073,81.65558333333333,103.06666666666666
2008,대구광역시,3.911021148325914,0.595,67890,81.65558333333333,103.06666666666666
2008,전라북도,2.4831217456928516,0.226,58845,81.65558333333333,103.06666666666666
2009,경기도,7.195592286501378,0.759,578124,83.90641666666666,99.24166666666667
2009,충청남도,3.4388904241209852,0.366,134256,83.90641666666666,99.24166666666667
2009,경상남도,3.4782656717368257,0.3939999999999999,123721,83.90641666666666,99.24166666666667
2009,광주광역시,3.3780657470777236,0.483,48615,83.90641666666666,99.24166666666667
2009,부산광역시,4.018432629992347,0.583,103284,83.90641666666666,99.24166666666667
2009,충청북도,3.0490953675123134,0.3329999999999999,83254,83.90641666666666,99.24166666666667
2009,울산광역시,4.202886005466782,0.677,77569,83.90641666666666,99.24166666666667
2009,전라남도,2.5816265109168652,0.1939999999999999,85319,83.90641666666666,99.24166666666667
2009,경상북도,3.05131575763234,0.2769999999999999,119278,83.90641666666666,99.24166666666667
2009,강원도,2.7219086585663197,0.28,56534,83.90641666666666,99.24166666666667
2009,서울특별시,7.371027667128116,0.92,508134,83.90641666666666,99.24166666666667
2009,인천광역시,4.611593493946587,0.742,111713,83.90641666666666,99.24166666666667
2009,대전광역시,3.7663184585254115,0.593,50363,83.90641666666666,99.24166666666667
2009,제주특별자치도,2.4497245179063363,0.252,24073,83.90641666666666,99.24166666666667
2009,대구광역시,3.702819070474428,0.547,67890,83.90641666666666,99.24166666666667
2009,전라북도,2.582906795539051,0.236,58845,83.90641666666666,99.24166666666667
2010,경기도,7.251533742331287,0.728,578124,86.37266666666666,115.64166666666668
2010,충청남도,3.460100855258912,0.366,134256,86.37266666666666,115.64166666666668
2010,경상남도,3.6446217872702977,0.429,123721,86.37266666666666,115.64166666666668
2010,광주광역시,3.414328401508253,0.475,48615,86.37266666666666,115.64166666666668
2010,부산광역시,4.097612605993294,0.5760000000000001,103284,86.37266666666666,115.64166666666668
2010,충청북도,3.072745843268199,0.337,83254,86.37266666666666,115.64166666666668
2010,울산광역시,4.326472680921834,0.672,77569,86.37266666666666,115.64166666666668
2010,전라남도,2.5816265109168652,0.206,85319,86.37266666666666,115.64166666666668
2010,경상북도,3.0990920425112467,0.293,119278,86.37266666666666,115.64166666666668
2010,강원도,2.67499853671197,0.271,56534,86.37266666666666,115.64166666666668
2010,서울특별시,7.371027667128116,0.858,508134,86.37266666666666,115.64166666666668
2010,인천광역시,4.634050354802779,0.7040000000000001,111713,86.37266666666666,115.64166666666668
2010,대전광역시,3.761216547051498,0.563,50363,86.37266666666666,115.64166666666668
2010,제주특별자치도,2.460889570552147,0.261,24073,86.37266666666666,115.64166666666668
2010,대구광역시,3.856119362857263,0.563,67890,86.37266666666666,115.64166666666668
2010,전라북도,2.591652929494331,0.246,58845,86.37266666666666,115.64166666666668
2011,경기도,7.110632183908045,0.725,578124,89.85000000000001,123.28333333333336
2011,충청남도,3.3746211641228845,0.354,134256,89.85000000000001,123.28333333333336
2011,경상남도,3.576198368611529,0.426,123721,89.85000000000001,123.28333333333336
2011,광주광역시,3.3455303618777616,0.475,48615,89.85000000000001,123.28333333333336
2011,부산광역시,3.961228535758472,0.564,103284,89.85000000000001,123.28333333333336
2011,충청북도,3.0014797125298873,0.327,83254,89.85000000000001,123.28333333333336
2011,울산광역시,4.2781686120973506,0.691,77569,89.85000000000001,123.28333333333336
2011,전라남도,2.5816265109168652,0.207,85319,89.85000000000001,123.28333333333336
2011,경상북도,3.0313076831571815,0.281,119278,89.85000000000001,123.28333333333336
2011,강원도,2.670018281440832,0.275,56534,89.85000000000001,123.28333333333336
2011,서울특별시,7.371027667128116,0.903,508134,89.85000000000001,123.28333333333336
2011,인천광역시,4.4702308075212045,0.693,111713,89.85000000000001,123.28333333333336
2011,대전광역시,3.703414734767456,0.5720000000000001,50363,89.85000000000001,123.28333333333336
2011,제주특별자치도,2.4080459770114944,0.251,24073,89.85000000000001,123.28333333333336
2011,대구광역시,3.6654152517226466,0.535,67890,89.85000000000001,123.28333333333336
2011,전라북도,2.57477294923906,0.245,58845,89.85000000000001,123.28333333333336
2012,경기도,7.1104651162790695,0.726,578124,91.81508333333332,122.79166666666669
2012,충청남도,3.358958573906365,0.355,134256,91.81508333333332,122.79166666666669
2012,경상남도,3.5853453212979765,0.433,123721,91.81508333333332,122.79166666666669
2012,광주광역시,3.2985843581354466,0.466,48615,91.81508333333332,122.79166666666669
2012,부산광역시,3.9870404844352962,0.574,103284,91.81508333333332,122.79166666666669
2012,충청북도,3.0355615088410337,0.342,83254,91.81508333333332,122.79166666666669
2012,울산광역시,4.349255888226729,0.7120000000000001,77569,91.81508333333332,122.79166666666669
2012,전라남도,2.5816265109168652,0.214,85319,91.81508333333332,122.79166666666669
2012,경상북도,3.0162298296420786,0.283,119278,91.81508333333332,122.79166666666669
2012,강원도,2.625620059040404,0.2689999999999999,56534,91.81508333333332,122.79166666666669
2012,서울특별시,7.371027667128116,0.902,508134,91.81508333333332,122.79166666666669
2012,인천광역시,4.52686673374414,0.71,111713,91.81508333333332,122.79166666666669
2012,대전광역시,3.733194539632465,0.583,50363,91.81508333333332,122.79166666666669
2012,제주특별자치도,2.5079941860465116,0.285,24073,91.81508333333332,122.79166666666669
2012,대구광역시,3.6282427042754395,0.528,67890,91.81508333333332,122.79166666666669
2012,전라북도,2.6054298591561946,0.26,58845,91.81508333333332,122.79166666666669
2013,경기도,7.109165424739194,0.716,578124,93.00991666666664,115.74166666666667
2013,충청남도,3.415730746934584,0.36,134256,93.00991666666664,115.74166666666667
2013,경상남도,3.5719193708887476,0.417,123721,93.00991666666664,115.74166666666667
2013,광주광역시,3.3092485733924515,0.4539999999999999,48615,93.00991666666664,115.74166666666667
2013,부산광역시,4.018074661231149,0.5660000000000001,103284,93.00991666666664,115.74166666666667
2013,세종특별자치시,2.8871087928464974,0.3879999999999999,15567,93.00991666666664,115.74166666666667
2013,충청북도,3.076683557765103,0.342,83254,93.00991666666664,115.74166666666667
2013,울산광역시,4.40627721110252,0.7070000000000001,77569,93.00991666666664,115.74166666666667
2013,전라남도,2.6219729734053616,0.217,85319,93.00991666666664,115.74166666666667
2013,경상북도,3.0377935810800585,0.28,119278,93.00991666666664,115.74166666666667
2013,강원도,2.6510318668234865,0.266,56534,93.00991666666664,115.74166666666667
2013,서울특별시,7.37675782187405,0.888,508134,93.00991666666664,115.74166666666667
2013,인천광역시,4.461683491284011,0.6729999999999999,111713,93.00991666666664,115.74166666666667
2013,대전광역시,3.7693899675890963,0.575,50363,93.00991666666664,115.74166666666667
2013,제주특별자치도,2.626955371651997,0.306,24073,93.00991666666664,115.74166666666667
2013,대구광역시,3.6504882318969223,0.518,67890,93.00991666666664,115.74166666666667
2013,전라북도,2.6298239095874947,0.257,58845,93.00991666666664,115.74166666666667
2014,경기도,6.9992012779552715,0.612,578124,94.19558333333332,113.16666666666669
2014,충청남도,3.3941259703148803,0.302,134256,94.19558333333332,113.16666666666669
2014,경상남도,3.5695743896247905,0.36,123721,94.19558333333332,113.16666666666669
2014,광주광역시,3.4046726459940233,0.419,48615,94.19558333333332,113.16666666666669
2014,부산광역시,4.075604074676344,0.514,103284,94.19558333333332,113.16666666666669
2014,세종특별자치시,3.456070287539936,0.476,15567,94.19558333333332,113.16666666666669
2014,충청북도,2.9783728965518073,0.266,83254,94.19558333333332,113.16666666666669
2014,울산광역시,4.337832326494643,0.614,77569,94.19558333333332,113.16666666666669
2014,전라남도,2.6219729734053616,0.174,85319,94.19558333333332,113.16666666666669
2014,경상북도,3.014730630831752,0.2269999999999999,119278,94.19558333333332,113.16666666666669
2014,강원도,2.6601618192572674,0.222,56534,94.19558333333332,113.16666666666669
2014,서울특별시,7.37675782187405,0.8,508134,94.19558333333332,113.16666666666669
2014,인천광역시,4.567838531446279,0.626,111713,94.19558333333332,113.16666666666669
2014,대전광역시,3.713515134832684,0.494,50363,94.19558333333332,113.16666666666669
2014,제주특별자치도,2.8025492351812287,0.301,24073,94.19558333333332,113.16666666666669
2014,대구광역시,3.675193859375817,0.461,67890,94.19558333333332,113.16666666666669
2014,전라북도,2.6964475650918915,0.228,58845,94.19558333333332,113.16666666666669
2015,경기도,6.966,0.607,578124,94.86091666666664,106.26666666666668
2015,충청남도,3.3869438616886822,0.304,134256,94.86091666666664,106.26666666666668
2015,경상남도,3.610762888027347,0.374,123721,94.86091666666664,106.26666666666668
2015,광주광역시,3.482238141201692,0.442,48615,94.86091666666664,106.26666666666668
2015,부산광역시,4.045776598638005,0.51,103284,94.86091666666664,106.26666666666668
2015,세종특별자치시,3.298,0.44,15567,94.86091666666664,106.26666666666668
2015,충청북도,3.0229607559767278,0.281,83254,94.86091666666664,106.26666666666668
2015,울산광역시,4.4126438280920866,0.636,77569,94.86091666666664,106.26666666666668
2015,전라남도,2.6219729734053616,0.178,85319,94.86091666666664,106.26666666666668
2015,경상북도,3.063069288978717,0.243,119278,94.86091666666664,106.26666666666668
2015,강원도,2.616468528522443,0.215,56534,94.86091666666664,106.26666666666668
2015,서울특별시,7.37675782187405,0.8029999999999999,508134,94.86091666666664,106.26666666666668
2015,인천광역시,4.414726710360017,0.591,111713,94.86091666666664,106.26666666666668
2015,대전광역시,3.6955598632671895,0.493,50363,94.86091666666664,106.26666666666668
2015,제주특별자치도,2.7953607367786732,0.303,24073,94.86091666666664,106.26666666666668
2015,대구광역시,3.693027725190514,0.469,67890,94.86091666666664,106.26666666666668
2015,전라북도,2.6527926130152144,0.221,58845,94.86091666666664,106.26666666666668
2016,경기도,6.972312703583061,0.616,578124,95.78266666666669,103.75833333333333
2016,충청남도,3.4611197574541546,0.335,134256,95.78266666666669,103.75833333333333
2016,경상남도,3.531160282164154,0.366,123721,95.78266666666669,103.75833333333333
2016,광주광역시,3.541873320354786,0.467,48615,95.78266666666669,103.75833333333333
2016,부산광역시,4.00442154977807,0.509,103284,95.78266666666669,103.75833333333333
2016,세종특별자치시,3.2638436482084687,0.442,15567,95.78266666666669,103.75833333333333
2016,충청북도,2.997768573566304,0.288,83254,95.78266666666669,103.75833333333333
2016,울산광역시,4.331458160339643,0.623,77569,95.78266666666669,103.75833333333333
2016,전라남도,2.6219729734053616,0.193,85319,95.78266666666669,103.75833333333333
2016,경상북도,3.079942253148098,0.261,119278,95.78266666666669,103.75833333333333
2016,강원도,2.594690026893778,0.2239999999999999,56534,95.78266666666669,103.75833333333333
2016,서울특별시,7.37675782187405,0.807,508134,95.78266666666669,103.75833333333333
2016,인천광역시,4.521684365083144,0.625,111713,95.78266666666669,103.75833333333333
2016,대전광역시,3.697774846980544,0.503,50363,95.78266666666669,103.75833333333333
2016,제주특별자치도,2.792103407788445,0.315,24073,95.78266666666669,103.75833333333333
2016,대구광역시,3.803457692617224,0.506,67890,95.78266666666669,103.75833333333333
2016,전라북도,2.65587404623997,0.236,58845,95.78266666666669,103.75833333333333
2017,경기도,6.956611570247934,0.613,578124,97.645,106.70833333333331
2017,충청남도,3.473852952597773,0.3429999999999999,134256,97.645,106.70833333333331
2017,경상남도,3.5994901607546193,0.387,123721,97.645,106.70833333333331
2017,광주광역시,3.451031529631443,0.4479999999999999,48615,97.645,106.70833333333331
2017,부산광역시,4.0772807308694095,0.529,103284,97.645,106.70833333333331
2017,세종특별자치시,3.8202479338842976,0.58,15567,97.645,106.70833333333331
2017,충청북도,3.0241838964725956,0.3,83254,97.645,106.70833333333331
2017,울산광역시,4.241800852885475,0.602,77569,97.645,106.70833333333331
2017,전라남도,2.6219729734053616,0.2,85319,97.645,106.70833333333331
2017,경상북도,3.0592676360861546,0.262,119278,97.645,106.70833333333331
2017,강원도,2.6378900161257492,0.241,56534,97.645,106.70833333333331
2017,서울특별시,7.37675782187405,0.805,508134,97.645,106.70833333333331
2017,인천광역시,4.436280429368281,0.605,111713,97.645,106.70833333333331
2017,대전광역시,3.7124193673994204,0.509,50363,97.645,106.70833333333331
2017,제주특별자치도,2.8614764392580123,0.337,24073,97.645,106.70833333333331
2017,대구광역시,3.7645649152731586,0.499,67890,97.645,106.70833333333331
2017,전라북도,2.575833935329264,0.223,58845,97.645,106.70833333333331
2018,경기도,7.021885521885522,0.619,578124,99.08608333333332,102.06666666666666
2018,충청남도,3.5016307303755507,0.345,134256,99.08608333333332,102.06666666666666
2018,경상남도,3.5801298913943502,0.377,123721,99.08608333333332,102.06666666666666
2018,광주광역시,3.436339151302701,0.4379999999999999,48615,99.08608333333332,102.06666666666666
2018,부산광역시,4.085621716483122,0.523,103284,99.08608333333332,102.06666666666666
2018,세종특별자치시,3.81986531986532,0.5710000000000001,15567,99.08608333333332,102.06666666666666
2018,충청북도,3.0234186684346396,0.296,83254,99.08608333333332,102.06666666666666
2018,울산광역시,4.268354265802524,0.599,77569,99.08608333333332,102.06666666666666
2018,전라남도,2.6219729734053616,0.198,85319,99.08608333333332,102.06666666666666
2018,경상북도,3.0724295583389862,0.262,119278,99.08608333333332,102.06666666666666
2018,강원도,2.6241924342463485,0.235,56534,99.08608333333332,102.06666666666666
2018,서울특별시,7.37675782187405,0.792,508134,99.08608333333332,102.06666666666666
2018,인천광역시,4.467272164905472,0.603,111713,99.08608333333332,102.06666666666666
2018,대전광역시,3.5845497622570877,0.471,50363,99.08608333333332,102.06666666666666
2018,제주특별자치도,2.9140476054655418,0.345,24073,99.08608333333332,102.06666666666666
2018,대구광역시,3.6990613952241835,0.476,67890,99.08608333333332,102.06666666666666
2018,전라북도,2.552341434564036,0.215,58845,99.08608333333332,102.06666666666666
2019,경기도,7.053135888501742,0.605,578124,99.46558333333331,97.725
2019,충청남도,3.488344558552794,0.33,134256,99.46558333333331,97.725
2019,경상남도,3.449585187678914,0.3339999999999999,123721,99.46558333333331,97.725
2019,광주광역시,3.3713600924212033,0.408,48615,99.46558333333331,97.725
2019,부산광역시,4.063595413969015,0.5,103284,99.46558333333331,97.725
2019,세종특별자치시,4.122822299651568,0.621,15567,99.46558333333331,97.725
2019,충청북도,3.0290792228756827,0.287,83254,99.46558333333331,97.725
2019,울산광역시,4.08761246920707,0.537,77569,99.46558333333331,97.725
2019,전라남도,2.6219729734053616,0.191,85319,99.46558333333331,97.725
2019,경상북도,3.0556825293968353,0.249,119278,99.46558333333331,97.725
2019,강원도,2.6601061591844637,0.235,56534,99.46558333333331,97.725
2019,서울특별시,7.37675782187405,0.765,508134,99.46558333333331,97.725
2019,인천광역시,4.443911379349564,0.5770000000000001,111713,99.46558333333331,97.725
2019,대전광역시,3.5156992360894885,0.439,50363,99.46558333333331,97.725
2019,제주특별자치도,2.9007614336427845,0.33,24073,99.46558333333331,97.725
2019,대구광역시,3.6962751119500954,0.4589999999999999,67890,99.46558333333331,97.725
2019,전라북도,2.537412822074448,0.204,58845,99.46558333333331,97.725
2020,경기도,6.921401515151516,0.586,578124,100.0,100.00833333333333
2020,충청남도,3.408512043506864,0.344,134256,100.0,100.00833333333333
2020,경상남도,3.34759622136068,0.3429999999999999,123721,100.0,100.00833333333333
2020,광주광역시,3.269041171504722,0.411,48615,100.0,100.00833333333333
2020,부산광역시,3.9441023562137625,0.492,103284,100.0,100.00833333333333
2020,세종특별자치시,3.954545454545455,0.593,15567,100.0,100.00833333333333
2020,충청북도,2.9329304529464246,0.301,83254,100.0,100.00833333333333
2020,울산광역시,3.9206059493042082,0.516,77569,100.0,100.00833333333333
2020,전라남도,2.6219729734053616,0.233,85319,100.0,100.00833333333333
2020,경상북도,2.9829935314029594,0.271,119278,100.0,100.00833333333333
2020,강원도,2.586839740643655,0.258,56534,100.0,100.00833333333333
2020,서울특별시,7.37675782187405,0.7609999999999999,508134,100.0,100.00833333333333
2020,인천광역시,4.216325195208502,0.54,111713,100.0,100.00833333333333
2020,대전광역시,3.292567439024765,0.414,50363,100.0,100.00833333333333
2020,제주특별자치도,2.7499061913241274,0.3289999999999999,24073,100.0,100.00833333333333
2020,대구광역시,3.5754292403420287,0.4539999999999999,67890,100.0,100.00833333333333
2020,전라북도,2.5565501887727904,0.249,58845,100.0,100.00833333333333
2021,경기도,6.893258426966292,0.573,578124,102.49833333333332,109.66666666666669
2021,충청남도,3.3557903036362475,0.3229999999999999,134256,102.49833333333332,109.66666666666669
2021,경상남도,3.355789105255811,0.335,123721,102.49833333333332,109.66666666666669
2021,광주광역시,3.2970246580556237,0.408,48615,102.49833333333332,109.66666666666669
2021,부산광역시,3.8366904563159077,0.461,103284,102.49833333333332,109.66666666666669
2021,세종특별자치시,3.963483146067416,0.588,15567,102.49833333333332,109.66666666666669
2021,충청북도,2.896541280321297,0.283,83254,102.49833333333332,109.66666666666669
2021,울산광역시,3.8634153636726114,0.496,77569,102.49833333333332,109.66666666666669
2021,전라남도,2.6219729734053616,0.222,85319,102.49833333333332,109.66666666666669
2021,경상북도,2.929473783360739,0.249,119278,102.49833333333332,109.66666666666669
2021,강원도,2.576146431144166,0.245,56534,102.49833333333332,109.66666666666669
2021,서울특별시,7.37675782187405,0.7559999999999999,508134,102.49833333333332,109.66666666666669
2021,인천광역시,4.078269781521066,0.503,111713,102.49833333333332,109.66666666666669
2021,대전광역시,3.2642115486604473,0.3989999999999999,50363,102.49833333333332,109.66666666666669
2021,제주특별자치도,2.786933770486538,0.327,24073,102.49833333333332,109.66666666666669
2021,대구광역시,3.577716863767293,0.446,67890,102.49833333333332,109.66666666666669
2021,전라북도,2.5229274444758887,0.231,58845,102.49833333333332,109.66666666666669
2022,경기도,7.05,0.616,578124,107.715,115.875
2022,충청남도,3.3258010045458253,0.331,134256,107.715,115.875
2022,경상남도,3.2553343165987747,0.3279999999999999,123721,107.715,115.875
2022,광주광역시,3.2500476650112153,0.411,48615,107.715,115.875
2022,부산광역시,3.817776598638005,0.469,103284,107.715,115.875
2022,세종특별자치시,3.8261904761904764,0.569,15567,107.715,115.875
2022,충청북도,2.9157226607386324,0.302,83254,107.715,115.875
2022,울산광역시,3.766358113806372,0.487,77569,107.715,115.875
2022,전라남도,2.6410205924529806,0.242,85319,107.715,115.875
2022,경상북도,2.8887835746930026,0.256,119278,107.715,115.875
2022,강원도,2.511325671379586,0.247,56534,107.715,115.875
2022,서울특별시,7.37675782187405,0.763,508134,107.715,115.875
2022,인천광역시,4.143679091312398,0.528,111713,107.715,115.875
2022,대전광역시,3.3212741489814745,0.424,50363,107.715,115.875
2022,제주특별자치도,2.7191702605881973,0.327,24073,107.715,115.875
2022,대구광역시,3.676646772809562,0.479,67890,107.715,115.875
2022,전라북도,2.4807926130152143,0.238,58845,107.715,115.875
2023,경기도,7.028100775193798,0.605,578124,111.59,109.71666666666664
2023,충청남도,3.35775006323907,0.336,134256,111.59,109.71666666666664
2023,경상남도,3.3064140508180446,0.337,123721,111.59,109.71666666666664
2023,광주광역시,3.3225559706590557,0.423,48615,111.59,109.71666666666664
2023,부산광역시,3.7933579939868425,0.46,103284,111.59,109.71666666666664
2023,세종특별자치시,3.8682170542635665,0.5720000000000001,15567,111.59,109.71666666666664
2023,충청북도,3.0130925389224643,0.321,83254,111.59,109.71666666666664
2023,울산광역시,3.840333750572707,0.498,77569,111.59,109.71666666666664
2023,전라남도,2.6268179346456715,0.239,85319,111.59,109.71666666666664
2023,경상북도,2.875743707583368,0.253,119278,111.59,109.71666666666664
2023,강원도,2.545987908367404,0.254,56534,111.59,109.71666666666664
2023,서울특별시,7.37675782187405,0.754,508134,111.59,109.71666666666664
2023,인천광역시,4.1483856250887,0.524,111713,111.59,109.71666666666664
2023,대전광역시,3.331877692724553,0.423,50363,111.59,109.71666666666664
2023,제주특별자치도,2.7556320546081303,0.3329999999999999,24073,111.59,109.71666666666664
2023,대구광역시,3.672438577903692,0.474,67890,111.59,109.71666666666664
2023,전라북도,2.4807926130152143,0.238,58845,111.59,109.71666666666664
2024,경기도,6.814356435643565,0.551,578124,114.18083333333334,115.18333333333334
2024,충청남도,3.323537921094623,0.324,134256,114.18083333333334,115.18333333333334
2024,경상남도,3.326762888027347,0.336,123721,114.18083333333334,115.18333333333334
2024,광주광역시,3.277723289716543,0.407,48615,114.18083333333334,115.18333333333334
2024,부산광역시,3.7870835293310745,0.451,103284,114.18083333333334,115.18333333333334
2024,세종특별자치시,3.9331683168316833,0.575,15567,114.18083333333334,115.18333333333334
2024,충청북도,2.9525449143925697,0.304,83254,114.18083333333334,115.18333333333334
2024,울산광역시,3.7093566993792146,0.4629999999999999,77569,114.18083333333334,115.18333333333334
2024,전라남도,2.666527428850906,0.244,85319,114.18083333333334,115.18333333333334
2024,경상북도,2.8575247345232713,0.246,119278,114.18083333333334,115.18333333333334
2024,강원도,2.552626944364027,0.252,56534,114.18083333333334,115.18333333333334
2024,서울특별시,7.37675782187405,0.74,508134,114.18083333333334,115.18333333333334
2024,인천광역시,4.05480591828081,0.496,111713,114.18083333333334,115.18333333333334
2024,대전광역시,3.3365499622770898,0.417,50363,114.18083333333334,115.18333333333334
2024,제주특별자치도,2.8151627169766935,0.34,24073,114.18083333333334,115.18333333333334
2024,대구광역시,3.558730695487543,0.4429999999999999,67890,114.18083333333334,115.18333333333334
2024,전라북도,2.4807926130152143,0.235,58845,114.18083333333334,115.18333333333334
2025,경기도,6.855,0.557,578124,116.25125,120.20000000000002
2025,충청남도,3.3129438616886824,0.322,134256,116.25125,120.20000000000002
2025,경상남도,3.3617628880273465,0.3429999999999999,123721,116.25125,120.20000000000002
2025,광주광역시,3.236238141201691,0.3979999999999999,48615,116.25125,120.20000000000002
2025,부산광역시,3.6727765986380048,0.427,103284,116.25125,120.20000000000002
2025,세종특별자치시,3.7849999999999993,0.5429999999999999,15567,116.25125,120.20000000000002
2025,충청북도,3.020960755976728,0.318,83254,116.25125,120.20000000000002
2025,울산광역시,3.7056438280920867,0.461,77569,116.25125,120.20000000000002
2025,전라남도,2.6269729734053615,0.237,85319,116.25125,120.20000000000002
2025,경상북도,2.838069288978717,0.243,119278,116.25125,120.20000000000002
2025,강원도,2.5734685285224437,0.257,56534,116.25125,120.20000000000002
2025,서울특별시,7.37675782187405,0.736,508134,116.25125,120.20000000000002
2025,인천광역시,4.042726710360017,0.492,111713,116.25125,120.20000000000002
2025,대전광역시,3.310559863267189,0.411,50363,116.25125,120.20000000000002
2025,제주특별자치도,2.770360736778673,0.331,24073,116.25125,120.20000000000002
2025,대구광역시,3.444027725190514,0.419,67890,116.25125,120.20000000000002
2025,전라북도,2.4807926130152143,0.236,58845,116.25125,120.20000000000002
